Rank,Name
1,Robert
2,James
3,John
4,William
5,Richard
6,Donald
7,Charles
8,George
9,Thomas
10,Joseph
11,Ronald
12,David
13,Edward
14,Paul
15,Kenneth
16,Frank
17,Jack
18,Harold
19,Raymond
20,Billy
21,Walter
22,Gerald
23,Bobby
24,Eugene
25,Jerry
26,Joe
27,Henry
28,Carl
29,Arthur
30,Willie
31,Ralph
32,Albert
33,Fred
34,Lawrence
35,Roy
36,Harry
37,Howard
38,Norman
39,Roger
40,Louis
41,Earl
42,Daniel
43,Larry
44,Marvin
45,Clarence
46,Franklin
47,Michael
48,Wayne
49,Francis
50,Don
51,Ernest
52,Anthony
53,Leonard
54,Leroy
55,Melvin
56,Jimmy
57,Herbert
58,Stanley
59,Bill
60,Gary
61,Peter
62,Dale
63,Ray
64,Alfred
65,Bernard
66,Samuel
67,Gene
68,Jimmie
69,Philip
70,Russell
71,Gordon
72,Douglas
73,Floyd
74,Theodore
75,Bob
76,Andrew
77,Frederick
78,Bruce
79,Lee
80,Edwin
81,Glenn
82,Lloyd
83,Johnny
84,Clyde
85,Clifford
86,Leo
87,Leon
88,Allen
89,Vernon
90,Jim
91,Martin
92,Eddie
93,Alvin
94,Lewis
95,Dennis
96,Warren
97,Herman
98,Tommy
99,Harvey
100,Charlie
101,Vincent
102,Jesse
103,Curtis
104,Duane
105,Arnold
106,Gilbert
107,Jerome
108,Elmer
109,Patrick
110,Lester
111,Cecil
112,Tom
113,Phillip
114,Jackie
115,Milton
116,Johnnie
117,Benjamin
118,Dean
119,Roland
120,Glen
121,Stephen
122,Victor
123,Chester
124,Alan
125,Keith
126,Max
127,Sam
128,Calvin
129,Wallace
130,Claude
131,Manuel
132,Maurice
133,Jose
134,Leslie
135,Hugh
136,Willard
137,Edgar
138,Dick
139,Marion
140,Darrell
141,Virgil
142,Wesley
143,Oscar
144,Jessie
145,Everett
146,Ted
147,Billie
148,Lowell
149,Roosevelt
150,Hubert
151,Allan
152,Freddie
153,Neil
154,Dan
155,Lyle
156,Homer
157,Jay
158,Morris
159,Sidney
160,Rodney
161,Earnest
162,Wilbur
163,Delbert
164,Carroll
165,Nicholas
166,Willis
167,Luther
168,Tony
169,Ben
170,Horace
171,Junior
172,Joel
173,Bennie
174,Nathaniel
175,Rudolph
176,Steve
177,Otis
178,Guy
179,Ronnie
180,Lonnie
181,Oliver
182,Terry
183,Clayton
184,Alton
185,Mark
186,Karl
187,Benny
188,Marshall
189,Clifton
190,Leland
191,Bobbie
192,Archie
193,Mike
194,Clinton
195,Salvatore
196,Juan
197,Rex
198,Alex
199,Wendell
200,Alexander
201,Ivan
202,Matthew
203,Doyle
204,Danny
205,Pete
206,Edmund
207,Merle
208,Wilbert
209,Orville
210,Julius
211,Myron
212,Ira
213,Loren
214,Nelson
215,Eldon
216,Lynn
217,Carlos
218,Ramon
219,Jacob
220,Gerard
221,Perry
222,Troy
223,Jesus
224,Ervin
225,Elbert
226,Barry
227,Buddy
228,Dewey
229,Dwight
230,Conrad
231,Malcolm
232,Sylvester
233,Angelo
234,Antonio
235,Stuart
236,Laurence
237,Isaac
238,Rufus
239,Carlton
240,Aaron
241,Julian
242,Pat
243,Irvin
244,Jon
245,Nathan
246,Rudy
247,Mack
248,Nick
249,Tommie
250,Sheldon
251,Dave
252,Grady
253,Teddy
254,Fredrick
255,Ross
256,Ruben
257,Neal
258,Sherman
259,Owen
260,Burton
261,Ellis
262,Clark
263,Byron
264,Wilfred
265,Irving
266,Norbert
267,Bert
268,Forrest
269,Sammy
270,Dallas
271,Donnie
272,Boyd
273,Harlan
274,Felix
275,Garland
276,Percy
277,Elwood
278,Harley
279,Reginald
280,Aubrey
281,Irwin
282,Travis
283,Loyd
284,Pedro
285,Johnie
286,Darrel
287,Preston
288,Maynard
289,Wilson
290,Louie
291,Emmett
292,Amos
293,Frankie
294,Sammie
295,Lionel
296,Timothy
297,Emil
298,Francisco
299,Gregory
300,Noel
301,Marlin
302,Laverne
303,Steven
304,Otto
305,Grover
306,Cornelius
307,Raul
308,Elton
309,Morton
310,Mario
311,Wade
312,Delmar
313,Mary
314,Darwin
315,Royce
316,August
317,Luis
318,Jerald
319,Shirley
320,Edmond
321,Moses
322,Erwin
323,Merlin
324,Roberto
325,Randall
326,Thurman
327,Phil
328,Roscoe
329,Alfonso
330,Christopher
331,Grant
332,Kermit
333,Sanford
334,Elvin
335,Ned
336,Gale
337,Mitchell
338,Ed
339,Murray
340,Eric
341,Randolph
342,Odell
343,Charley
344,Dominick
345,Alonzo
346,Carol
347,Austin
348,Millard
349,Kent
350,Lavern
351,Jasper
352,Abraham
353,Dominic
354,Norris
355,Merrill
356,Clair
357,Adam
358,Weldon
359,Wilburn
360,Coy
361,Marcus
362,Rolland
363,Reuben
364,Carmen
365,Lorenzo
366,Wiley
367,Hollis
368,Lamar
369,Woodrow
370,Will
371,Monroe
372,Stewart
373,Gail
374,Andy
375,Buford
376,Cleveland
377,Adolph
378,Delano
379,Elijah
380,Arlen
381,Cleo
382,Hal
383,Adrian
384,Truman
385,Harrison
386,Barney
387,Elliott
388,Armand
389,Dwayne
390,Gus
391,Guadalupe
392,Winston
393,Simon
394,Wilmer
395,Levi
396,Al
397,Wilford
398,Jake
399,Dudley
400,Nolan
401,Ricardo
402,Brian
403,Huey
404,Ward
405,Armando
406,Hector
407,Olin
408,Seymour
409,Sterling
410,Delmer
411,Frederic
412,Spencer
413,Ollie
414,Van
415,Clement
416,Chris
417,Salvador
418,Emery
419,Jean
420,Alfredo
421,Eli
422,Emanuel
423,Carrol
424,Jackson
425,Russel
426,Vern
427,Freddy
428,Linwood
429,Scott
430,Betty
431,Earle
432,Roderick
433,Gayle
434,Vance
435,Mervin
436,Mickey
437,Bradley
438,Harris
439,Jess
440,Emory
441,Booker
442,Garry
443,Gabriel
444,Bud
445,Hershel
446,Warner
447,Basil
448,Kay
449,Daryl
450,Riley
451,Alva
452,Rene
453,Rodger
454,Miles
455,Miguel
456,Rocco
457,Ken
458,Kevin
459,Milford
460,Cyril
461,Solomon
462,Monte
463,Noah
464,Rodolfo
465,Blaine
466,Arden
467,Arturo
468,Ernesto
469,Jan
470,Tomas
471,Alden
472,Carmine
473,Claud
474,Kelly
475,Dalton
476,Denis
477,Ulysses
478,Connie
479,Pablo
480,Silas
481,Jerold
482,Normand
483,Raymon
484,Bernie
485,Vito
486,Winfred
487,Craig
488,Elmo
489,Fredric
490,Alphonse
491,Forest
492,Evan
493,Galen
494,Roman
495,Cletus
496,Elden
497,Herschel
498,Jonathan
499,Shelby
500,Sonny
501,Denny
502,Fernando
503,Freeman
504,Gaylord
505,Rafael
506,Odis
507,Vaughn
508,Emerson
509,Ernie
510,Orval
511,Saul
512,Terrence
513,Dana
514,Denver
515,Elias
516,Milo
517,Alberto
518,Dewayne
519,Everette
520,Patsy
521,Royal
522,Emilio
523,Alphonso
524,Domingo
525,Thaddeus
526,Felipe
527,Jeremiah
528,Lenard
529,Morgan
530,Bryan
531,Jeff
532,Kennith
533,Luke
534,Wilton
535,Boyce
536,Jerrold
537,Burl
538,Lyman
539,Angel
540,Augustine
541,Maxie
542,Olen
543,Barbara
544,Gilberto
545,Clay
546,Davis
547,Elroy
548,Fletcher
549,Coleman
550,Dorothy
551,Hoyt
552,Buster
553,Merlyn
554,Tim
555,Lynwood
556,Otha
557,Anton
558,Bruno
559,Talmadge
560,Dee
561,Foster
562,Frances
563,Arlie
564,Graham
565,Houston
566,Bennett
567,Donovan
568,Julio
569,Columbus
570,Orlando
571,Enrique
572,Raleigh
573,Theron
574,Ezra
575,Joshua
576,Augustus
577,Jefferson
578,Micheal
579,Gerry
580,Hiram
581,Ignacio
582,Benito
583,Rosevelt
584,Stanford
585,Beverly
586,Pasquale
587,Ramiro
588,Rogers
589,Tracy
590,Jules
591,Marcel
592,Hermon
593,Lupe
594,Newton
595,Dwain
596,Lucien
597,Arther
598,Carter
599,Darryl
600,Ellsworth
601,Gearld
602,Bradford
603,Donn
604,Robin
605,Rollin
606,Avery
607,Bertram
608,Hobert
609,Major
610,Terrance
611,Bonnie
612,Isaiah
613,Jere
614,Santiago
615,Abel
616,Anderson
617,Andres
618,Carey
619,Doris
620,Lacy
621,Lanny
622,Omer
623,Rayford
624,Christian
625,Eduardo
626,Hans
627,Harmon
628,Lincoln
629,Sherwood
630,Clarance
631,Jason
632,King
633,Mathew
634,Jewel
635,Mason
636,Winford
637,Bryant
638,Dickie
639,Hilton
640,Lemuel
641,Verne
642,Cyrus
643,Edd
644,Granville
645,Harland
646,Judson
647,Kyle
648,Noble
649,Reed
650,Carlo
651,Guillermo
652,Haywood
653,Jordan
654,Mac
655,Elwin
656,Joan
657,Alford
658,Carson
659,Franklyn
660,Joesph
661,Kenny
662,Loy
663,Marlyn
664,Reynaldo
665,Wilber
666,Darold
667,Fay
668,Ferdinand
669,Barton
670,Dillard
671,Hayward
672,Ora
673,Arlin
674,Dewitt
675,Dorsey
676,Santos
677,Sebastian
678,Donal
679,Mckinley
680,Regis
681,Sydney
682,Alvis
683,Asa
684,Elliot
685,Glynn
686,Gregorio
687,Isiah
688,Merton
689,Napoleon
690,Sandy
691,Alejandro
692,Andre
693,Jewell
694,Delton
695,Shelton
696,Abe
697,Dexter
698,Emile
699,Farrell
700,Felton
701,Ivory
702,Verlin
703,Waldo
704,Zane
705,Claudie
706,Mahlon
707,Mose
708,Ambrose
709,Art
710,Benedict
711,Elvis
712,Garrett
713,Kirby
714,Melvyn
715,Oren
716,Chuck
717,Enoch
718,Garth
719,Glendon
720,Israel
721,Junius
722,Emmitt
723,Taylor
724,Theadore
725,Bryce
726,Lafayette
727,Lawerence
728,Seth
729,Walker
730,Burt
731,Fritz
732,Wardell
733,Bernice
734,Bertrand
735,Elwyn
736,Joyce
737,Kurt
738,Lauren
739,Nickolas
740,Palmer
741,Quentin
742,Justin
743,Kendall
744,Maxwell
745,Patricia
746,Rupert
747,Vicente
748,Walton
749,Howell
750,Monty
751,Arlo
752,Blair
753,Buck
754,Clem
755,Duwayne
756,Hugo
757,Jennings
758,Jonas
759,Lucius
760,Myles
761,Terence
762,Adolfo
763,Arlan
764,Damon
765,Fidel
766,Lois
767,Ottis
768,Ron
769,Ruth
770,Colin
771,Dannie
772,Denzil
773,Eloy
774,Margaret
775,Ronny
776,Von
777,Wally
778,Winfield
779,Aloysius
780,Arvin
781,June
782,Logan
783,Melton
784,Merritt
785,Oran
786,Val
787,Valentine
788,Clovis
789,Lon
790,Reynold
791,Waymon
792,Cleve
793,Eddy
794,Estel
795,Gerold
796,Margarito
797,Rowland
798,Eldridge
799,Elisha
800,Garfield
801,Giles
802,Kirk
803,Leeroy
804,Matt
805,Murphy
806,Quinton
807,Stanton
808,Aron
809,Bart
810,Carleton
811,Cloyd
812,Deane
813,Durwood
814,Early
815,General
816,Haskell
817,Loran
818,Parker
819,Porter
820,Raphael
821,Robbie
822,Aurelio
823,Beryl
824,Cary
825,Dock
826,Dwaine
827,Romeo
828,Arvil
829,Brady
830,Cliff
831,Eldred
832,Hardy
833,Nicolas
834,Terrell
835,Webster
836,Edsel
837,Leamon
838,Marland
839,Rogelio
840,Rubin
841,Santo
842,Stan
843,Williams
844,Willian
845,Artis
846,Auther
847,Florian
848,Lavon
849,Meredith
850,Milan
851,Norton
852,Theo
853,Alvie
854,Carlyle
855,Cleon
856,Judge
857,Leander
858,Lucious
859,Toby
860,Arlyn
861,Brooks
862,Cornell
863,Cruz
864,Curtiss
865,Derald
866,Duncan
867,Lindsey
868,Ruby
869,Agustin
870,Benton
871,Federico
872,Jonnie
873,Lucian
874,Miller
875,Norwood
876,Oneal
877,Orin
878,Rolf
879,Verl
880,Wayland
881,Casimir
882,Dayton
883,Jacky
884,Loyal
885,Reid
886,Verlyn
887,Wylie
888,Adolphus
889,Arvid
890,Conley
891,Joaquin
892,Louise
893,Mitchel
894,Orrin
895,Pierre
896,Allison
897,Audrey
898,Clare
899,Durward
900,Gonzalo
901,Gustav
902,Harrell
903,Helen
904,Ike
905,Jerrell
906,Leonardo
907,Omar
908,Prince
909,Annie
910,Elmore
911,Gustave
912,Harlen
913,Hayden
914,Malvin
915,Mervyn
916,Virginia
917,Albin
918,Berry
919,Douglass
920,Edison
921,Eliseo
922,Evert
923,Hosea
924,Issac
925,Jeffrey
926,Laurel
927,Nancy
928,Obie
929,Sol
930,Welton
931,Adan
932,Ennis
933,Esteban
934,Lawson
935,Merl
936,Quincy
937,Rose
938,Sherwin
939,Thad
940,Tillman
941,Valentin
942,Angus
943,Brent
944,Dell
945,Henderson
946,Humberto
947,Hunter
948,Huston
949,Lane
950,Laurie
951,Lonzo
952,Refugio
953,Rollie
954,Virgle
955,Werner
956,Antone
957,Claire
958,Dino
959,Dolores
960,Elzie
961,Ezekiel
962,Gino
963,Jamie
964,Kerry
965,Madison
966,Norval
967,Otho
968,Verle
969,Weston
970,Arley
971,Arlis
972,Artie
973,Buddie
974,Clarke
975,Dennie
976,Dorris
977,Elizabeth
978,Kaye
979,Newell
980,Trinidad
981,Vester
982,Addison
983,Alfonzo
984,Ardell
985,Armond
986,Cameron
987,Delmas
988,Dempsey
989,Derrell
990,Domenic
991,Ezell
992,Ferrell
993,Garnett
994,Garold
995,Gaston
996,Gaylon
997,Hazel
998,Jarvis
999,Jerrel
1000,Lambert
