Rank,Name
1,John
2,William
3,James
4,George
5,Charles
6,Frank
7,Joseph
8,Robert
9,Harry
10,Henry
11,Edward
12,Thomas
13,Walter
14,Arthur
15,Fred
16,Albert
17,Clarence
18,Roy
19,Willie
20,Samuel
21,Earl
22,Louis
23,Joe
24,David
25,Carl
26,Ernest
27,Richard
28,Charlie
29,Paul
30,Ralph
31,Raymond
32,Andrew
33,Oscar
34,Will
35,Jesse
36,Elmer
37,Harold
38,Sam
39,Howard
40,Alfred
41,Daniel
42,Benjamin
43,Herbert
44,Lawrence
45,Peter
46,Lee
47,Grover
48,Frederick
49,Leo
50,Francis
51,Herman
52,Floyd
53,Eugene
54,Jack
55,Lewis
56,Clyde
57,Ray
58,Tom
59,Michael
60,Ben
61,Martin
62,Claude
63,Edwin
64,Jim
65,Guy
66,Ed
67,Edgar
68,Homer
69,Harvey
70,Luther
71,Leonard
72,Chester
73,Jacob
74,Otto
75,Russell
76,Lloyd
77,Hugh
78,Anthony
79,Jessie
80,Clifford
81,Lester
82,Philip
83,Theodore
84,Oliver
85,Bernard
86,Patrick
87,Leroy
88,Ira
89,Allen
90,Eddie
91,Archie
92,Charley
93,Leslie
94,Isaac
95,Alexander
96,Bert
97,Victor
98,Norman
99,Julius
100,Horace
101,Leon
102,August
103,Stanley
104,Stephen
105,Everett
106,Sidney
107,Milton
108,Marion
109,Alvin
110,Alex
111,Harrison
112,Emil
113,Warren
114,Dan
115,Cecil
116,Earnest
117,Percy
118,Nathan
119,Willis
120,Wesley
121,Glenn
122,Dave
123,Donald
124,Maurice
125,Rufus
126,Morris
127,Mack
128,Matthew
129,Virgil
130,Otis
131,Calvin
132,Willard
133,Gilbert
134,Lonnie
135,Wallace
136,Amos
137,Emmett
138,Gus
139,Jerry
140,Jake
141,Wilbur
142,Adolph
143,Ollie
144,Melvin
145,Jay
146,Perry
147,Franklin
148,Jess
149,Vernon
150,Johnnie
151,Adam
152,Glen
153,Jose
154,Alonzo
155,Phillip
156,Cornelius
157,Kenneth
158,Owen
159,Christopher
160,Abraham
161,Nelson
162,Sylvester
163,Felix
164,Manuel
165,Roscoe
166,Aaron
167,Max
168,Nicholas
169,Rudolph
170,Edmund
171,Elbert
172,Marshall
173,Vincent
174,Harley
175,Bennie
176,Ross
177,Ellis
178,Reuben
179,Silas
180,Marvin
181,Hubert
182,Mark
183,Moses
184,Elijah
185,Irvin
186,Clinton
187,Orville
188,Curtis
189,Gordon
190,Cleveland
191,Dennis
192,Arnold
193,Roland
194,Simon
195,Noah
196,Claud
197,Nathaniel
198,Levi
199,Mike
200,Sherman
201,Bill
202,Alva
203,Pete
204,Andy
205,Anton
206,Austin
207,Timothy
208,Barney
209,Jasper
210,Byron
211,Fredrick
212,Wiley
213,Clifton
214,Don
215,Mose
216,Steve
217,Dock
218,Edd
219,Grant
220,Hiram
221,Gerald
222,Jeff
223,Bob
224,Clark
225,Emanuel
226,Bruce
227,Eli
228,Clayton
229,Irving
230,Johnie
231,Karl
232,Millard
233,Asa
234,Monroe
235,Douglas
236,Gustave
237,Leland
238,Wilson
239,Juan
240,Mathew
241,Roger
242,Ivan
243,Wade
244,Abe
245,Ora
246,Ervin
247,Forrest
248,Julian
249,Earle
250,Ike
251,Mary
252,Ward
253,Chris
254,Forest
255,Preston
256,Scott
257,Augustus
258,Carroll
259,Emery
260,Louie
261,Columbus
262,Cyrus
263,Miles
264,Tony
265,Newton
266,Fletcher
267,Jerome
268,Laurence
269,Wilfred
270,Anderson
271,Ezra
272,Marcus
273,Ruben
274,Conrad
275,Dee
276,Delbert
277,Solomon
278,Wilbert
279,Christian
280,Dewitt
281,Lon
282,Luke
283,Royal
284,Foster
285,Joshua
286,Loyd
287,Major
288,Vern
289,Edmond
290,Elwood
291,Jefferson
292,Bud
293,Clem
294,Joel
295,Lynn
296,Pearl
297,Riley
298,Chauncey
299,Elias
300,Emory
301,Jimmie
302,Merle
303,Archibald
304,Boyd
305,Grady
306,Hugo
307,Isiah
308,Nick
309,Mitchell
310,Neil
311,Randolph
312,Aubrey
313,Cleve
314,Milo
315,Neal
316,Porter
317,Van
318,Wayne
319,Lucius
320,Allan
321,Ferdinand
322,General
323,Jeremiah
324,Johnny
325,Lemuel
326,Myron
327,Olin
328,Spencer
329,Alton
330,Arch
331,Burton
332,Erwin
333,Jackson
334,Walker
335,Ambrose
336,Antonio
337,Benjiman
338,Cyril
339,Gust
340,Orval
341,Clement
342,Dallas
343,Granville
344,Malcolm
345,Matt
346,Noble
347,Winfield
348,Allie
349,Elliott
350,Junius
351,Loren
352,Lorenzo
353,Lyle
354,Seth
355,Taylor
356,Troy
357,Abner
358,Clair
359,Dwight
360,Elisha
361,Ellsworth
362,Emile
363,Green
364,Hans
365,Harris
366,Lyman
367,Pedro
368,Rex
369,Stewart
370,Wilmer
371,Dudley
372,Enoch
373,Morton
374,Ulysses
375,Aloysius
376,Chas
377,Garfield
378,King
379,Sanford
380,Abram
381,Gustav
382,Ned
383,Sandy
384,Berry
385,Carlos
386,Dick
387,Elvin
388,Isaiah
389,Jonas
390,Murray
391,Pat
392,Reginald
393,Warner
394,Clay
395,Corbett
396,Dean
397,Fritz
398,Gene
399,Herschel
400,Irwin
401,Lem
402,Omer
403,Sterling
404,Al
405,Alphonse
406,Basil
407,Dale
408,Josh
409,Lawson
410,Napoleon
411,Otho
412,Pierce
413,Smith
414,Waldo
415,Carlton
416,Coleman
417,Henderson
418,Morgan
419,Steven
420,Tommie
421,Wendell
422,Alford
423,Anna
424,Arther
425,Casper
426,Christ
427,Davis
428,Evan
429,Fay
430,Hardy
431,Israel
432,Johnson
433,Judge
434,Judson
435,Jules
436,Madison
437,Mason
438,Perley
439,Phil
440,Raleigh
441,Russel
442,Sol
443,Thurman
444,Verne
445,Adolphus
446,Carey
447,Cloyd
448,Duncan
449,Emerson
450,Emmet
451,Freeman
452,Jean
453,Larry
454,Merton
455,Nels
456,Prince
457,Shelby
458,Adrian
459,Arlie
460,Avery
461,Bertram
462,Blaine
463,Bryant
464,Carter
465,Elton
466,Eric
467,Ezekiel
468,Garland
469,Ivy
470,Kelly
471,Lacy
472,Lafayette
473,Milford
474,Oral
475,Rollie
476,Valentine
477,Vance
478,Walton
479,Wilber
480,Adlai
481,Alan
482,Buck
483,Elza
484,Ethel
485,Francisco
486,Garrett
487,Hal
488,Isadore
489,Lincoln
490,Lucian
491,Merritt
492,Minor
493,Ronald
494,Stuart
495,Washington
496,Wm
497,Burl
498,Cleo
499,Doc
500,Early
501,Elzie
502,Emmitt
503,Florence
504,Hamp
505,Harmon
506,Jason
507,Leander
508,Lige
509,Miguel
510,Murphy
511,Nat
512,Noel
513,Ole
514,Omar
515,Oren
516,Rodney
517,Rose
518,Rupert
519,Sim
520,Tommy
521,Truman
522,Wash
523,Watson
524,Williams
525,Artie
526,Barton
527,Bertie
528,Beverly
529,Evans
530,Gary
531,Hector
532,Hoyt
533,Josiah
534,Lonzo
535,Orlando
536,Reed
537,Rolland
538,Shirley
539,Sydney
540,Ted
541,Tomas
542,Tracy
543,Turner
544,Vernie
545,Wilford
546,Zack
547,Alberto
548,Albin
549,Angus
550,Bruno
551,Buford
552,Burt
553,Cicero
554,Clarance
555,Elmo
556,Elmore
557,Enos
558,Geo
559,Haywood
560,Hollis
561,Houston
562,Levy
563,Logan
564,Melville
565,Norris
566,Orin
567,Pink
568,Ransom
569,Rolla
570,Roswell
571,Unknown
572,Angelo
573,Axel
574,Bernie
575,Butler
576,Cliff
577,Clint
578,Crawford
579,Dell
580,Everette
581,Evert
582,Grace
583,Graham
584,Heber
585,Hezekiah
586,Isom
587,Issac
588,Jonathan
589,Otha
590,Pierre
591,Raphael
592,Sid
593,Simeon
594,Travis
595,Willam
596,Wright
597,Addison
598,Alma
599,Alois
600,Antone
601,Ashley
602,Bart
603,Benjaman
604,Bertha
605,Bessie
606,Bonnie
607,Burley
608,Carson
609,Clara
610,Dillard
611,Doctor
612,Eldridge
613,Emma
614,Felipe
615,Ford
616,Guss
617,Harlan
618,Harve
619,Hazel
620,Hollie
621,Jordan
622,Kirk
623,Lonie
624,Ludwig
625,Mannie
626,Margaret
627,Maynard
628,Ocie
629,Octave
630,Olaf
631,Ramon
632,Ruth
633,Sammie
634,Spurgeon
635,Terry
636,Tim
637,Verner
638,Vivian
639,Webster
640,West
641,Alonza
642,Alvah
643,Aron
644,Bishop
645,Brown
646,Caleb
647,Carleton
648,Cary
649,Connie
650,Coy
651,Damon
652,Dominick
653,Edna
654,Ennis
655,Gail
656,Helmer
657,Hosea
658,Hunter
659,Irl
660,Jesus
661,Joesph
662,Junior
663,Lew
664,Lindsey
665,Lowell
666,Loyal
667,Lum
668,Mckinley
669,Merrill
670,Micheal
671,Mitchel
672,Norbert
673,Orrin
674,Oswald
675,Paris
676,Reese
677,Romeo
678,Rubin
679,Saul
680,Sebastian
681,Seymour
682,Sullivan
683,Thaddeus
684,Thornton
685,Tillman
686,Wilburn
687,Wyatt
688,Alf
689,Alfonso
690,Alpha
691,Bailey
692,Billy
693,Bryan
694,Cal
695,Clare
696,Colonel
697,Dana
698,Denis
699,Dominic
700,Dorsey
701,Doss
702,Edmon
703,Edson
704,Elliot
705,Frances
706,Frederic
707,Gabriel
708,Hampton
709,Handy
710,Hermon
711,Hillard
712,Hilliard
713,Ida
714,Irven
715,Jewel
716,Jewell
717,Jodie
718,June
719,Kirby
720,Lamar
721,Lemon
722,Leopold
723,Lillian
724,Lucas
725,Lucien
726,Lucious
727,Luis
728,Mahlon
729,Mathias
730,Mattie
731,Maxwell
732,May
733,Mervin
734,Miller
735,Nolan
736,Odie
737,Oran
738,Ottis
739,Pablo
740,Palmer
741,Parker
742,Pleas
743,Price
744,Selmer
745,Tobe
746,Tomie
747,Weldon
748,Alden
749,Alphonso
750,Alphonsus
751,Alvis
752,Arley
753,Bartholomew
754,Benedict
755,Benjamine
756,Benny
757,Benton
758,Bertrand
759,Billie
760,Boss
761,Brooks
762,Burr
763,Buster
764,Eber
765,Elsie
766,Gregory
767,Howell
768,Hurley
769,Ivey
770,Ivory
771,Jimmy
772,Landon
773,Leigh
774,Lenard
775,Lillie
776,Lionel
777,Lora
778,Lou
779,Mart
780,Nellie
781,Page
782,Percival
783,Reid
784,Richmond
785,Rollin
786,Rube
787,Rush
788,Sheldon
789,Theo
790,Tolbert
791,Weaver
792,Abel
793,Ace
794,Adelbert
795,Adolfo
796,Alcide
797,Alice
798,Allison
799,Alvie
800,Asberry
801,Ballard
802,Baxter
803,Bennett
804,Blair
805,Blake
806,Brady
807,Brice
808,Burney
809,Callie
810,Cassius
811,Clell
812,Creed
813,Dempsey
814,Dewey
815,Edison
816,Eldred
817,Elizabeth
818,Ephraim
819,Fidel
820,Finley
821,Freddie
822,Garnett
823,Gaston
824,Gerhard
825,Guillermo
826,Hayden
827,Hershel
828,Humphrey
829,Ignatius
830,Isidor
831,Isidore
832,Jonah
833,Jones
834,Lambert
835,Leonidas
836,Manley
837,Manson
838,Minnie
839,Mont
840,Murry
841,Newell
842,Newman
843,Ossie
844,Park
845,Peyton
846,Reubin
847,Rocco
848,Rogers
849,Ruby
850,Rudy
851,Sampson
852,Samson
853,Santiago
854,Seaborn
855,Squire
856,Stacy
857,Theron
858,Westley
859,Winfred
860,Winston
861,Alba
862,Annie
863,Armand
864,Arno
865,Art
866,Arvid
867,Asbury
868,Augustin
869,Barry
870,Bedford
871,Bernhard
872,Byrd
873,Casey
874,Conley
875,Danial
876,Delmar
877,Donnie
878,Eldon
879,Ellie
880,Elvis
881,Emmit
882,Enrique
883,Ernst
884,Ewell
885,Fate
886,Fernando
887,Franklyn
888,French
889,Furman
890,Gabe
891,Garry
892,Gertrude
893,Giles
894,Godfrey
895,Hallie
896,Hamilton
897,Haskell
898,Hattie
899,Hayes
900,Helen
901,Henery
902,Hubbard
903,Hudson
904,Irene
905,Iver
906,Jarvis
907,Jennie
908,Jere
909,Justin
910,Keith
911,Larkin
912,Lavern
913,Len
914,Little
915,Louise
916,Mae
917,Marcel
918,Marcellus
919,Marshal
920,Mat
921,Meyer
922,Michel
923,Miner
924,Murdock
925,Nolen
926,Nora
927,Oakley
928,Okey
929,Olen
930,Olive
931,Orange
932,Orson
933,Quincy
934,Rafael
935,Reinhold
936,Rene
937,Roderick
938,Roe
939,Rollo
940,Royce
941,Ruel
942,Seldon
943,Shade
944,Steward
945,Talmadge
946,Talmage
947,Toney
948,Vester
949,Wayman
950,Webb
951,Willaim
952,Woodie
953,Wylie
954,Young
955,Zeb
956,Ada
957,Add
958,Albion
959,Alto
960,Andres
961,Anson
962,Arden
963,Ashton
964,Audie
965,Augustine
966,Bee
967,Benito
968,Benson
969,Berton
970,Beryl
971,Beulah
972,Bluford
973,Buell
974,Burleigh
975,Carol
976,Carrol
977,Charls
978,Cleave
979,Cleon
980,Clive
981,Clovis
982,Con
983,Dayton
984,Dexter
985,Dillon
986,Dink
987,Doyle
988,Dozier
989,Drew
990,Duke
991,Eben
992,Ebert
993,Edith
994,Elden
995,Elige
996,Ella
997,Elwin
998,Elzy
999,Encarnacion
1000,Erick
