Rank,Name
1,John
2,William
3,James
4,George
5,Charles
6,Robert
7,Joseph
8,Frank
9,Edward
10,Henry
11,Thomas
12,Walter
13,Harry
14,Willie
15,Arthur
16,Albert
17,Clarence
18,Fred
19,Harold
20,Paul
21,Raymond
22,Roy
23,Joe
24,Carl
25,Louis
26,Richard
27,Earl
28,Ralph
29,Ernest
30,Charlie
31,David
32,Jack
33,Samuel
34,Theodore
35,Howard
36,Herbert
37,Lawrence
38,Francis
39,Alfred
40,Elmer
41,Sam
42,Andrew
43,Leo
44,Eugene
45,Daniel
46,Lee
47,Floyd
48,Michael
49,Herman
50,Jesse
51,Peter
52,Leonard
53,Russell
54,Anthony
55,Oscar
56,Edwin
57,Ray
58,Lester
59,Lewis
60,Clyde
61,Benjamin
62,Leroy
63,Donald
64,Will
65,Cecil
66,Eddie
67,Lloyd
68,Claude
69,Stanley
70,Frederick
71,Clifford
72,Martin
73,Jessie
74,Chester
75,Tom
76,Edgar
77,Jim
78,Kenneth
79,Ben
80,Homer
81,Luther
82,Harvey
83,Bernard
84,Norman
85,Leslie
86,Leon
87,Melvin
88,Everett
89,Allen
90,Philip
91,Johnnie
92,Hugh
93,Alexander
94,Stephen
95,Jacob
96,Milton
97,Victor
98,Patrick
99,Alvin
100,Horace
101,Otto
102,Maurice
103,Archie
104,Guy
105,Marvin
106,Glenn
107,Oliver
108,Marion
109,Ed
110,Sidney
111,Vernon
112,Otis
113,Charley
114,Percy
115,Gilbert
116,Roosevelt
117,Hubert
118,Willard
119,Virgil
120,Wilbur
121,Earnest
122,Julius
123,Wallace
124,Ira
125,Alex
126,Rufus
127,Gerald
128,Morris
129,Warren
130,Jerry
131,Vincent
132,Mack
133,Wesley
134,Willis
135,Isaac
136,Nathan
137,Bill
138,Lonnie
139,Dewey
140,Emil
141,Sylvester
142,Max
143,Bert
144,Calvin
145,Curtis
146,Jose
147,Bennie
148,Dan
149,Glen
150,Jimmie
151,Rudolph
152,Manuel
153,Roland
154,Felix
155,Johnie
156,Clifton
157,Dave
158,Ellis
159,Nicholas
160,Ollie
161,Gordon
162,August
163,Elbert
164,Orville
165,Perry
166,Arnold
167,Edmund
168,Irving
169,Mark
170,Matthew
171,Jake
172,Adam
173,Mike
174,Emmett
175,Clayton
176,Franklin
177,Antonio
178,Cornelius
179,Amos
180,Marshall
181,Clinton
182,Steve
183,Forrest
184,Irvin
185,Roscoe
186,Ross
187,Wayne
188,Jay
189,Nathaniel
190,Adolph
191,Phillip
192,Ted
193,Jess
194,Dennis
195,Gus
196,Harley
197,Abraham
198,Reuben
199,Alonzo
200,Don
201,Aaron
202,Nelson
203,Sherman
204,Claud
205,Douglas
206,Ervin
207,Pete
208,Tony
209,Moses
210,Roger
211,Ivan
212,Laurence
213,Grady
214,Johnny
215,Noah
216,Wilson
217,Jerome
218,Juan
219,Jasper
220,Tommie
221,Elijah
222,Solomon
223,Karl
224,Austin
225,Bob
226,Dale
227,Owen
228,Wilfred
229,Julian
230,Preston
231,Timothy
232,Booker
233,Loyd
234,Alva
235,Bruce
236,Louie
237,Millard
238,Forest
239,Monroe
240,Mose
241,Troy
242,Emory
243,Leland
244,Mckinley
245,Merle
246,Simon
247,Wiley
248,Allan
249,Mary
250,Levi
251,Silas
252,Abe
253,Grant
254,Anton
255,Harrison
256,Carroll
257,Cleveland
258,Malcolm
259,Delbert
260,Eli
261,Barney
262,Byron
263,Cyril
264,Dock
265,Mitchell
266,Wilbert
267,Aubrey
268,Edmond
269,Emanuel
270,Erwin
271,Ronald
272,Edd
273,Lyle
274,Christopher
275,Columbus
276,Jeff
277,Larry
278,Major
279,Neal
280,Rex
281,Ward
282,Grover
283,Miles
284,Ruben
285,Earle
286,Marcus
287,Pedro
288,Augustus
289,Ora
290,Reginald
291,Al
292,Andy
293,Boyd
294,Clement
295,Fredrick
296,Hiram
297,Orval
298,Ramon
299,Gene
300,Ike
301,Luke
302,Dean
303,Dwight
304,Freeman
305,Jackson
306,Mathew
307,Wade
308,Emery
309,Garland
310,Lynn
311,Newton
312,Conrad
313,Freddie
314,Joel
315,Murray
316,Wendell
317,Alton
318,Anderson
319,Carlos
320,Carlton
321,Chris
322,Clair
323,Fletcher
324,Nick
325,Riley
326,Angelo
327,Lucius
328,Myron
329,Otho
330,Scott
331,Coy
332,Dick
333,Pat
334,Pearl
335,Randolph
336,Sol
337,Alphonse
338,Christian
339,Clay
340,Cleo
341,Dewitt
342,Elwood
343,Gustave
344,Herschel
345,Loren
346,Porter
347,Van
348,Basil
349,Fay
350,Ferdinand
351,Ned
352,Spencer
353,Steven
354,Tommy
355,Clark
356,Dallas
357,Omer
358,Royal
359,Russel
360,Foster
361,Helen
362,Houston
363,Jeremiah
364,Odell
365,Sterling
366,Vern
367,Allie
368,Burton
369,Buster
370,Elliott
371,Elvin
372,King
373,Emerson
374,Francisco
375,Isiah
376,Lowell
377,Neil
378,Sanford
379,Stewart
380,Alan
381,Chas
382,Elmo
383,Hollis
384,Jonas
385,Lorenzo
386,Matt
387,Salvatore
388,Adrian
389,Ambrose
390,Arther
391,Dee
392,Ellsworth
393,Elton
394,Eric
395,Ezra
396,Garfield
397,Harris
398,Hugo
399,Lon
400,Lyman
401,Maxwell
402,Merrill
403,Rolland
404,Clem
405,Doyle
406,Hal
407,Hosea
408,Isaiah
409,Maynard
410,Olin
411,Oren
412,Raleigh
413,Wilmer
414,Winfield
415,Bud
416,Dominic
417,Eldon
418,Harlan
419,Isadore
420,Israel
421,Jefferson
422,Mason
423,Milo
424,Saul
425,Theo
426,Alfonso
427,Elisha
428,Elzie
429,Florence
430,Gabriel
431,Irwin
432,Junius
433,Morgan
434,Napoleon
435,Phil
436,Roman
437,Rosevelt
438,Turner
439,Vance
440,Billy
441,Chauncey
442,Cyrus
443,Early
444,Enoch
445,Green
446,Jean
447,Jonathan
448,Lacy
449,Linwood
450,Margaret
451,Meyer
452,Noble
453,Noel
454,Norbert
455,Rubin
456,Shirley
457,Stuart
458,Thurman
459,Waldo
460,Abner
461,Aloysius
462,Asa
463,Dudley
464,Elias
465,Elizabeth
466,Jesus
467,Jules
468,Lemuel
469,Miguel
470,Pablo
471,Prince
472,Reed
473,Sammie
474,Ulysses
475,Armand
476,Aron
477,Evan
478,Haywood
479,Hershel
480,Hobert
481,Junious
482,Keith
483,Lawson
484,Rogers
485,Taylor
486,Truman
487,Verne
488,Webster
489,Wilber
490,Curley
491,Dominick
492,Ethel
493,Frances
494,Henderson
495,Ivory
496,Jewell
497,Lenard
498,Lionel
499,Lucien
500,Luis
501,Otha
502,Rodney
503,Sandy
504,Tomas
505,Walker
506,Wilburn
507,Alvie
508,Arch
509,Archibald
510,Avery
511,Clint
512,Emile
513,Frederic
514,Gary
515,Hobart
516,Jimmy
517,Judge
518,Milford
519,Terry
520,Tim
521,Alford
522,Bernie
523,Bertram
524,Buck
525,Carson
526,Coleman
527,Granville
528,Hans
529,Josh
530,Joshua
531,Lincoln
532,Merton
533,Ruth
534,Wilford
535,Winfred
536,Anna
537,Arlie
538,Casper
539,Cicero
540,Cleve
541,Cliff
542,Connie
543,Delmar
544,General
545,Issac
546,Kelly
547,Kermit
548,Marcellus
549,Ottis
550,Randall
551,Thad
552,Thaddeus
553,Travis
554,Unknown
555,Vito
556,Alfredo
557,Angus
558,Artie
559,Berry
560,Bruno
561,Buddy
562,Clare
563,Evans
564,Felipe
565,Gust
566,Hampton
567,Hazel
568,Hunter
569,Lamar
570,Lemon
571,Lonzo
572,Lucious
573,Marie
574,Marlin
575,Melville
576,Micheal
577,Morton
578,Nolan
579,Ole
580,Pasquale
581,Pierce
582,Raphael
583,Addison
584,Alpha
585,Alphonso
586,Ashley
587,Audrey
588,Augustine
589,Bernice
590,Billie
591,Brady
592,Buford
593,Denver
594,Dillard
595,Edison
596,Eldred
597,Eligah
598,Elsie
599,Golden
600,Hardy
601,Hyman
602,Jason
603,Junior
604,Merlin
605,Merritt
606,Mildred
607,Nels
608,Norris
609,Ransom
610,Rollin
611,Ruby
612,Sampson
613,Washington
614,Watson
615,Albin
616,Benny
617,Dalton
618,Dell
619,Elmore
620,Emmet
621,Emmitt
622,Ford
623,Fritz
624,Gustav
625,Hamilton
626,Harmon
627,Jewel
628,Johnson
629,Lafayette
630,Leander
631,Lem
632,Lillian
633,Lindsey
634,Logan
635,Loran
636,Loy
637,Lucian
638,Ludwig
639,Ocie
640,Olen
641,Orrie
642,Pink
643,Romeo
644,Smith
645,Son
646,Sydney
647,Urban
648,Vaughn
649,Vernie
650,Walton
651,Adolphus
652,Alice
653,Alvah
654,Beverly
655,Burt
656,Carey
657,Cary
658,Christ
659,Cloyd
660,Delmer
661,Elvis
662,Everette
663,Fannie
664,Furman
665,Garrett
666,Gladys
667,Hayes
668,Hezekiah
669,Hoyt
670,Jonnie
671,Judson
672,Laverne
673,Mabel
674,Miller
675,Murry
676,Oakley
677,Odis
678,Olaf
679,Reese
680,Rowland
681,Theadore
682,Theron
683,Valentine
684,West
685,Wm
686,Zeno
687,Abel
688,Annie
689,Arvel
690,Bennett
691,Bertha
692,Brooks
693,Bryan
694,Bryant
695,Caleb
696,Carter
697,Crawford
698,Darrell
699,Dorsey
700,Duncan
701,Edna
702,Ellie
703,Elza
704,Emma
705,Ewing
706,Fernando
707,Gail
708,Hallie
709,Hamp
710,Henery
711,Hilton
712,Irene
713,Kelley
714,Leopold
715,Loyal
716,Mahlon
717,Mattie
718,Mervin
719,Minnie
720,Obie
721,Oral
722,Oran
723,Orin
724,Oswald
725,Palmer
726,Pierre
727,Raymon
728,Rene
729,Rocco
730,Rollie
731,Salvador
732,Shelby
733,Sim
734,Talmadge
735,Teddy
736,Tillman
737,Tomie
738,Viola
739,Wash
740,Williams
741,Winston
742,Young
743,Zack
744,Adelbert
745,Alberto
746,Alden
747,Antone
748,Augusta
749,Bailey
750,Benjiman
751,Benton
752,Bertrand
753,Blair
754,Bonnie
755,Chesley
756,Clarance
757,Cletus
758,Earlie
759,Elgin
760,Ennis
761,Ephraim
762,Evert
763,Ewald
764,Felton
765,Ferris
766,Gaylord
767,Gertrude
768,Gregory
769,Guss
770,Hosie
771,Hudson
772,Ivy
773,Jones
774,Kirk
775,Lew
776,Mace
777,Mario
778,May
779,Odie
780,Orlando
781,Patsy
782,Rafael
783,Richmond
784,Rudy
785,Samual
786,Santos
787,Seth
788,Sheldon
789,Simeon
790,Warner
791,Weldon
792,Wilton
793,Wylie
794,Abram
795,Alec
796,Allison
797,Antoine
798,Art
799,Baxter
800,Bertie
801,Bishop
802,Bradford
803,Bradley
804,Burl
805,Carrol
806,Clarnce
807,Dana
808,Danny
809,Dexter
810,Domingo
811,Durward
812,Einar
813,Essie
814,Ewell
815,Gale
816,Garvin
817,Gaston
818,Giles
819,Gottlieb
820,Gussie
821,Haskell
822,Hermon
823,Howell
824,Hurley
825,Isidore
826,Jennings
827,Joy
828,Jule
829,Justin
830,Lambert
831,Lawton
832,Len
833,Levy
834,Lige
835,Lillie
836,Lindsay
837,Louise
838,Love
839,Mae
840,Mat
841,Meredith
842,Minor
843,Myles
844,Myrtle
845,Newt
846,Olan
847,Ossie
848,Pleas
849,Quincy
850,Rueben
851,Rupert
852,Santiago
853,Seymour
854,Sid
855,Tobe
856,Val
857,Vicente
858,Virgle
859,Vivian
860,Wardell
861,Wheeler
862,Ada
863,Adolf
864,Agustin
865,Alma
866,Alois
867,Ashton
868,Axel
869,Bart
870,Beatrice
871,Beryl
872,Buddie
873,Cal
874,Casimir
875,Clara
876,Davis
877,Dolphus
878,Eldridge
879,Elex
880,Ernie
881,Eva
882,Ezekiel
883,Geo
884,Gerard
885,Graham
886,Harvie
887,Hayward
888,Hilary
889,Hilliard
890,Hughie
891,Ignatius
892,Julia
893,Kirby
894,Lance
895,Lonie
896,Lorenza
897,Lupe
898,Mac
899,Malachi
900,Mannie
901,Martha
902,Maxie
903,Nathen
904,Nora
905,Norval
906,Odus
907,Okey
908,Omar
909,Oneal
910,Opal
911,Ozie
912,Parker
913,Pearlie
914,Percival
915,Robbie
916,Roderick
917,Rolla
918,Shelly
919,Spurgeon
920,Thornton
921,Thurston
922,Tollie
923,Toney
924,Verna
925,Verner
926,Victoriano
927,Westley
928,Weston
929,Wilfrid
930,Wilhelm
931,Willam
932,Zeb
933,Alfonzo
934,Alonza
935,Arden
936,Arvid
937,Audley
938,Auther
939,Authur
940,Bartholomew
941,Barton
942,Belton
943,Bessie
944,Blanche
945,Brown
946,Carmine
947,Claire
948,Collie
949,Collins
950,Conway
951,Cornelious
952,Doll
953,Donovan
954,Dorothy
955,Duke
956,Edmon
957,Ella
958,Elwin
959,Emilio
960,Emmit
961,Enos
962,Enrique
963,Ephriam
964,Esau
965,Estel
966,Eunice
967,Farris
968,Florian
969,Fulton
970,Georgie
971,Guadalupe
972,Gurney
973,Gustaf
974,Hall
975,Heyward
976,Hjalmer
977,Ivor
978,Jarvis
979,Joesph
980,Johney
981,Johny
982,Josephine
983,Kyle
984,Linnie
985,Linton
986,Lois
987,Lola
988,Lula
989,Madison
990,Manford
991,Mart
992,Mickey
993,Mitchel
994,Mortimer
995,Murphy
996,Myrl
997,Nat
998,Olie
999,Orlo
1000,Orvil
