Rank,Name
1,Mary
2,Helen
3,Anna
4,Margaret
5,Ruth
6,Elizabeth
7,Florence
8,Marie
9,Ethel
10,Alice
11,Lillian
12,Gladys
13,Edna
14,Mildred
15,Dorothy
16,Annie
17,Grace
18,Emma
19,Bessie
20,Rose
21,Clara
22,Bertha
23,Frances
24,Mabel
25,Hazel
26,Irene
27,Gertrude
28,Pearl
29,Minnie
30,Martha
31,Catherine
32,Myrtle
33,Edith
34,Ida
35,Esther
36,Louise
37,Eva
38,Elsie
39,Sarah
40,Agnes
41,Nellie
42,Josephine
43,Laura
44,Lillie
45,Ella
46,Julia
47,Ruby
48,Viola
49,Beatrice
50,Carrie
51,Mattie
52,Thelma
53,Mae
54,Jessie
55,Alma
56,Lena
57,Hattie
58,Blanche
59,Evelyn
60,Mamie
61,Lucille
62,Cora
63,Stella
64,Willie
65,Lucy
66,Marion
67,Virginia
68,Katherine
69,Jennie
70,Pauline
71,Lula
72,Fannie
73,Vera
74,Ada
75,Rosa
76,Leona
77,Beulah
78,Maggie
79,Eleanor
80,Maude
81,Bernice
82,Dora
83,Ann
84,Ellen
85,Daisy
86,Nora
87,Kathryn
88,Susie
89,Sadie
90,Marguerite
91,Georgia
92,Effie
93,Doris
94,Hilda
95,Violet
96,Della
97,Emily
98,Lois
99,Olive
100,Flora
101,Betty
102,Katie
103,Nancy
104,Nettie
105,Lola
106,Anne
107,May
108,Sallie
109,Theresa
110,Marjorie
111,Lottie
112,Lydia
113,Velma
114,Charlotte
115,Lizzie
116,Inez
117,Opal
118,Eunice
119,Mable
120,Goldie
121,Estelle
122,Addie
123,Eula
124,Loretta
125,Lela
126,Caroline
127,Iva
128,Henrietta
129,Verna
130,Ollie
131,Ora
132,Vivian
133,Essie
134,Alberta
135,Rosie
136,Sylvia
137,Genevieve
138,Jean
139,Etta
140,Harriet
141,Rachel
142,Jane
143,Lucile
144,Rebecca
145,Nina
146,Irma
147,Ola
148,Nannie
149,Amelia
150,Madeline
151,Victoria
152,Marian
153,Mollie
154,Sara
155,Susan
156,Maria
157,Flossie
158,Naomi
159,Kathleen
160,Christine
161,Olga
162,Geneva
163,Barbara
164,Amanda
165,Matilda
166,Erma
167,Celia
168,Estella
169,Frieda
170,Alta
171,Sophie
172,Norma
173,Wilma
174,Hannah
175,Sally
176,Janie
177,Luella
178,Allie
179,Isabel
180,Sophia
181,Amy
182,Elva
183,Selma
184,Eliza
185,Freda
186,Nell
187,Cecelia
188,Adeline
189,Lila
190,Fern
191,Juanita
192,Rena
193,Winifred
194,Ina
195,Callie
196,Josie
197,Winnie
198,Maud
199,Veronica
200,Kate
201,Belle
202,Audrey
203,Virgie
204,Leola
205,Muriel
206,Bertie
207,Isabelle
208,Jewell
209,Miriam
210,Elma
211,Cleo
212,Jeanette
213,Regina
214,Augusta
215,Cecilia
216,Zelma
217,Margie
218,Gussie
219,Millie
220,Faye
221,Bonnie
222,Cecile
223,Fay
224,Carolyn
225,Cornelia
226,Dollie
227,Roberta
228,Jeannette
229,Birdie
230,Adele
231,Leah
232,Roxie
233,Lora
234,Mayme
235,Hester
236,Lessie
237,Phyllis
238,Anita
239,Elnora
240,Lulu
241,Gracie
242,Letha
243,Tillie
244,Claire
245,Geraldine
246,Maudie
247,Rosalie
248,Ila
249,Johnnie
250,Madge
251,Sue
252,Jewel
253,Teresa
254,Hallie
255,Rhoda
256,Adelaide
257,Rita
258,Lorena
259,Bettie
260,Marcella
261,Antoinette
262,Francis
263,Gertie
264,Leila
265,Lelia
266,Elvira
267,Lorene
268,Myra
269,Lee
270,Helena
271,Delia
272,Nola
273,Olivia
274,Angeline
275,Lenora
276,Pearlie
277,Reba
278,June
279,Lilly
280,Dorothea
281,Eloise
282,Neva
283,Zella
284,Oma
285,Dessie
286,Lou
287,Clarice
288,Corinne
289,Angelina
290,Constance
291,Angela
292,Annette
293,Hettie
294,Janet
295,Johanna
296,Edythe
297,Ernestine
298,Cecil
299,Merle
300,Wilhelmina
301,Christina
302,Dovie
303,Vesta
304,Dolores
305,Harriett
306,Lettie
307,Lura
308,Wanda
309,Bess
310,Mathilda
311,Shirley
312,Catharine
313,Lorraine
314,Blanch
315,Corine
316,Lily
317,Rosetta
318,Claudia
319,Lona
320,Ophelia
321,Erna
322,Helene
323,Jimmie
324,Abbie
325,Eileen
326,Elsa
327,Linda
328,Linnie
329,Lucinda
330,Mittie
331,Odessa
332,Eugenia
333,Hulda
334,Katharine
335,Frankie
336,Minerva
337,Nona
338,Georgie
339,Louisa
340,Phoebe
341,Aileen
342,Alvina
343,Cassie
344,Dolly
345,Patricia
346,Isabella
347,Lenore
348,Yvonne
349,Jannie
350,Meta
351,Leta
352,Nelle
353,Peggy
354,Alpha
355,Golda
356,Isabell
357,Carol
358,Louella
359,Orpha
360,Pansy
361,Vada
362,Artie
363,Leone
364,Priscilla
365,Verda
366,Jeanne
367,Ivy
368,Carmen
369,Maybelle
370,Ione
371,Leota
372,Ona
373,Evie
374,Mina
375,Malinda
376,Rosella
377,Vida
378,Billie
379,Joyce
380,Leora
381,Eddie
382,Era
383,Fanny
384,Aline
385,Mazie
386,Zula
387,Annabelle
388,Joan
389,Rae
390,Willa
391,Cynthia
392,Emilie
393,Lida
394,Tessie
395,Iona
396,Maxine
397,Polly
398,Avis
399,Carmela
400,Dona
401,Beryl
402,Pinkie
403,Connie
404,Evangeline
405,Lyda
406,Zola
407,Zora
408,Clare
409,Gwendolyn
410,Lue
411,Sudie
412,Esta
413,Floy
414,Sybil
415,Tressie
416,Donna
417,Lauretta
418,Mona
419,Rhea
420,Alva
421,Angie
422,Lovie
423,Molly
424,Myrtie
425,Almeda
426,Bella
427,Bernadette
428,Savannah
429,Belva
430,Iola
431,Iris
432,Melvina
433,Veda
434,Agatha
435,Berniece
436,Elise
437,Ellie
438,Mandy
439,Vina
440,Aurelia
441,Clyde
442,Elisabeth
443,Pearle
444,Wilda
445,Clementine
446,Cordelia
447,Hortense
448,Lennie
449,Lilla
450,Ocie
451,Rubye
452,Tommie
453,Una
454,Dixie
455,Elaine
456,Idella
457,Magnolia
458,Reva
459,Arlene
460,Florine
461,Marietta
462,Philomena
463,Queen
464,Berta
465,Loraine
466,Elda
467,Alyce
468,Emmie
469,Julie
470,Mabelle
471,Madeleine
472,Madie
473,Mercedes
474,Nadine
475,Ramona
476,Tina
477,Vernie
478,Adell
479,Antonia
480,Bell
481,Ester
482,Francisca
483,Janice
484,Robbie
485,Chloe
486,Eleanore
487,Elmira
488,Imogene
489,Vallie
490,Albina
491,Allene
492,Althea
493,Celestine
494,Florida
495,Glenna
496,Hedwig
497,Judith
498,Lucia
499,Paula
500,Retha
501,Susanna
502,Ava
503,Corrine
504,Delphia
505,Melissa
506,Myrtis
507,Octavia
508,Ray
509,Bernadine
510,Estell
511,Ethyl
512,Kitty
513,Lina
514,Ludie
515,Maurine
516,Nan
517,Natalie
518,Arline
519,Camille
520,Eleanora
521,John
522,Joy
523,Lavina
524,Luvenia
525,Pattie
526,Tennie
527,Zelda
528,Elena
529,Garnet
530,Ira
531,Laverne
532,Leslie
533,Magdalena
534,Petra
535,Rosemary
536,Rowena
537,Dena
538,Diana
539,Dorris
540,Georgiana
541,Magdalene
542,Mozelle
543,Vena
544,Verdie
545,Alda
546,Altha
547,Charlie
548,Elenora
549,Guadalupe
550,Hilma
551,Leatha
552,Leonora
553,Mallie
554,Mammie
555,Margery
556,Melba
557,Theo
558,Ursula
559,Adelia
560,Arvilla
561,Charity
562,Elinor
563,Freida
564,Johnie
565,Lavinia
566,Marvel
567,Patsy
568,Sibyl
569,Viva
570,Zoe
571,Adela
572,Bennie
573,Celeste
574,Concetta
575,Elvera
576,Eve
577,Hertha
578,Kattie
579,Margret
580,Missouri
581,Monica
582,Queenie
583,Eda
584,George
585,Harriette
586,Hope
587,Ima
588,Luna
589,Reta
590,Rilla
591,Albertha
592,Bobbie
593,Bridget
594,Carolina
595,Claudie
596,Ethelyn
597,Marcia
598,Mellie
599,Rubie
600,Bulah
601,Carmella
602,Elvie
603,Enid
604,Filomena
605,Gretchen
606,Icie
607,James
608,Joe
609,Liza
610,Nita
611,Rosina
612,Berenice
613,Cordie
614,Donnie
615,Grayce
616,Jettie
617,Melva
618,Retta
619,Vergie
620,Willia
621,Winona
622,Yetta
623,Beth
624,Corrie
625,Crystal
626,Edwina
627,Emilia
628,Ettie
629,Ferne
630,Hildegard
631,Juana
632,Katheryn
633,Letitia
634,Lucretia
635,Magdalen
636,Maybell
637,Myrtice
638,Oda
639,Sidney
640,Valeria
641,Winnifred
642,Alida
643,Corene
644,Dottie
645,Georgianna
646,Margarita
647,Suzanne
648,Adelina
649,Alene
650,Amie
651,Annetta
652,Audra
653,Clemmie
654,Delma
655,Delphine
656,Easter
657,Gail
658,Joanna
659,Kay
660,Lolita
661,Lorine
662,Lorna
663,Madelyn
664,Sadye
665,Serena
666,Tena
667,Adah
668,Annis
669,Ardella
670,Audie
671,Beaulah
672,Birtie
673,Charles
674,Clarissa
675,Emelia
676,Gene
677,Greta
678,Jo
679,Juliette
680,Lea
681,Lonnie
682,Manda
683,Maye
684,Minna
685,Odie
686,Vinnie
687,William
688,Albertine
689,Alverta
690,Anastasia
691,Birtha
692,Edyth
693,Eldora
694,Eulalia
695,Euna
696,Freeda
697,Goldia
698,Hanna
699,Hassie
700,Idell
701,Inga
702,Jenny
703,Katy
704,Lelah
705,Louie
706,Malissa
707,Manuela
708,Myrle
709,Ossie
710,Ressie
711,Rosalee
712,Rosamond
713,Theodora
714,Tilda
715,Velva
716,Camilla
717,Dell
718,Elizebeth
719,Elvina
720,Exie
721,Felicia
722,Garnett
723,Gloria
724,Hildred
725,Icy
726,Jossie
727,Juliet
728,Justine
729,Lenna
730,Mariah
731,Mavis
732,Millicent
733,Zona
734,Adella
735,Alfreda
736,Amalia
737,Annabel
738,Clifford
739,Cordia
740,Delilah
741,Delores
742,Dorcas
743,Lavada
744,Lonie
745,Lucie
746,Martina
747,Maymie
748,Mertie
749,Ouida
750,Prudence
751,Rosanna
752,Ruthie
753,Therese
754,Treva
755,Vernice
756,Adaline
757,Andrea
758,Bethel
759,Betsy
760,Deborah
761,Dorthy
762,Elouise
763,Emmer
764,Erie
765,Faith
766,Kathrine
767,Leda
768,Madaline
769,Odelia
770,Robert
771,Tressa
772,Violette
773,Aletha
774,Ara
775,Cathrine
776,Coletta
777,Dortha
778,Ebba
779,Eulah
780,Evalyn
781,Fairy
782,Hellen
783,Hildegarde
784,Loma
785,Louvenia
786,Mathilde
787,Maxie
788,Myrna
789,Novella
790,Osie
791,Rosia
792,Trudie
793,Vashti
794,Venus
795,Verla
796,Vertie
797,Arrie
798,Augustine
799,Aurora
800,Besse
801,Claudine
802,Delpha
803,Freddie
804,Golden
805,Josefina
806,Kittie
807,Lera
808,Libbie
809,Macie
810,Malvina
811,Mossie
812,Myrl
813,Odell
814,Olevia
815,Rachael
816,Signe
817,Valerie
818,Abigail
819,Almira
820,Arizona
821,Cathleen
822,Cathryn
823,Consuelo
824,Dellie
825,Docia
826,Eura
827,Flo
828,Florrie
829,Gayle
830,Hessie
831,Hildur
832,Jacqueline
833,Judy
834,Lala
835,Liddie
836,Lilian
837,Nelda
838,Nova
839,Odile
840,Ova
841,Palma
842,Roma
843,Rosalind
844,Tempie
845,Thora
846,Vassie
847,Verona
848,Zettie
849,Alline
850,Annabell
851,Delta
852,Etha
853,Ether
854,Frank
855,Gay
856,Georgina
857,Hermine
858,Ivory
859,Josefa
860,Margarete
861,Meda
862,Noma
863,Omie
864,Onie
865,Ottilie
866,Ozella
867,Sammie
868,Selena
869,Sister
870,Zada
871,Zenobia
872,America
873,Ana
874,Arlena
875,Coral
876,Corda
877,Daphne
878,Drucilla
879,Earline
880,Elvia
881,Emeline
882,Enola
883,Eugenie
884,Fae
885,India
886,Josiephine
887,Kathryne
888,Leonia
889,Lexie
890,Loretto
891,Luisa
892,Lurline
893,Margarett
894,Marjory
895,Monnie
896,Nonie
897,Norah
898,Norine
899,Ottie
900,Salome
901,Thomas
902,Versie
903,Antonette
904,Arie
905,Atha
906,Bert
907,Beula
908,Christena
909,Chrystal
910,Classie
911,Cleora
912,Dulcie
913,Elberta
914,Etna
915,Florance
916,Gertha
917,Henriette
918,Izora
919,Jamie
920,Jesse
921,Kizzie
922,Lelar
923,Leonie
924,Littie
925,Maryann
926,Matilde
927,Metta
928,Nella
929,Neta
930,Phebe
931,Rozella
932,Samantha
933,Tiny
934,Verlie
935,Zetta
936,Adline
937,Aimee
938,Alverda
939,Anner
940,Arlie
941,Aurore
942,Bama
943,Berneice
944,Bette
945,Claribel
946,Dale
947,Drusilla
948,Eudora
949,Eveline
950,Henry
951,Huldah
952,Ines
953,Lassie
954,Lavon
955,Leo
956,Leva
957,Maple
958,Margarette
959,Margarite
960,Nelia
961,Paralee
962,Rosey
963,Sabina
964,Sophronia
965,Thea
966,Trula
967,Twila
968,Ula
969,Virdie
970,Virgia
971,Zita
972,Adda
973,Aggie
974,Aida
975,Alvena
976,Ammie
977,Cammie
978,Cherry
979,Cleta
980,Clora
981,Dorotha
982,Doshie
983,Earnestine
984,Eathel
985,Edmonia
986,Elfrieda
987,Elna
988,Evelina
989,Florene
990,Florie
991,Fronie
992,Gwen
993,Ilah
994,Ilene
995,Jeanetta
996,Jule
997,Laverna
998,Lester
999,Lilia
1000,Lovina
