Rank,Girl Name,Boy Name
1,Mary,Michael
2,Deborah,David
3,Linda,James
4,Debra,Robert
5,Susan,John
6,Patricia,William
7,Barbara,Richard
8,Karen,Thomas
9,Nancy,Mark
10,Donna,Steven
11,Cynthia,Charles
12,Pamela,Gary
13,Sandra,Joseph
14,Diane,Donald
15,Carol,Kenneth
16,Sharon,Paul
17,Kathleen,Daniel
18,Brenda,Ronald
19,Cheryl,Larry
20,Janet,Jeffrey
21,Elizabeth,Stephen
22,Kathy,Timothy
23,Denise,Dennis
24,Margaret,Gregory
25,Janice,Edward
26,Teresa,George
27,Rebecca,Kevin
28,Catherine,Terry
29,Joyce,Douglas
30,Carolyn,Randy
31,Judith,Anthony
32,Judy,Bruce
33,Robin,Jerry
34,Beverly,Frank
35,Connie,Peter
36,Betty,Raymond
37,Shirley,Roger
38,Theresa,Scott
39,Paula,Keith
40,Christine,Brian
41,Laura,Patrick
42,Gail,Lawrence
43,Ann,Alan
44,Cathy,Wayne
45,Bonnie,Danny
46,Joan,Ricky
47,Gloria,Carl
48,Lisa,Gerald
49,Marilyn,Christopher
50,Jane,Craig
51,Peggy,Walter
52,Vicki,Dale
53,Martha,Randall
54,Rose,Willie
55,Diana,Johnny
56,Sherry,Arthur
57,Sheila,Russell
58,Jo,Roy
59,Kathryn,Glenn
60,Jean,Jack
61,Wanda,Henry
62,Lynn,Philip
63,Debbie,Harold
64,Dorothy,Stanley
65,Katherine,Rodney
66,Virginia,Andrew
67,Julie,Ralph
68,Vickie,Joe
69,Maria,Billy
70,Ruth,Barry
71,Rhonda,Samuel
72,Rita,Steve
73,Jacqueline,Jeffery
74,Phyllis,Phillip
75,Kim,Bobby
76,Darlene,Albert
77,Elaine,Martin
78,Cindy,Jimmy
79,Helen,Curtis
80,Valerie,Ronnie
81,Ellen,Eugene
82,Victoria,Louis
83,Terry,Howard
84,Anne,Allen
85,Terri,Eric
86,Suzanne,Frederick
87,Alice,Micheal
88,Joanne,Leonard
89,Lori,Harry
90,Wendy,Ernest
91,Laurie,Darrell
92,Marie,Eddie
93,Michele,Tony
94,Anita,Marvin
95,Sally,Melvin
96,Frances,Lee
97,Michelle,Fred
98,Marcia,Kim
99,Leslie,Vincent
100,Maureen,Francis
101,Doris,Victor
102,Jill,Norman
103,Dawn,Jay
104,Jennifer,Jose
105,Anna,Matthew
106,Marsha,Earl
107,Sylvia,Bradley
108,Sarah,Tommy
109,Angela,Rick
110,Colleen,Calvin
111,Kimberly,Jerome
112,Evelyn,Dean
113,Roberta,Ray
114,Stephanie,Rickey
115,Jeanne,Jon
116,Sue,Jonathan
117,Renee,Clarence
118,Constance,Clifford
119,Yvonne,Alfred
120,Eileen,Theodore
121,Dianne,Joel
122,Gwendolyn,Jesse
123,Loretta,Mike
124,Lois,Edwin
125,Sheryl,Don
126,Lorraine,Marc
127,Regina,Bernard
128,Glenda,Gordon
129,Charlotte,Herbert
130,Charlene,Glen
131,Julia,Warren
132,Tina,Benjamin
133,Beth,Leroy
134,Amy,Alvin
135,Carla,Duane
136,Joann,Dan
137,Norma,Mitchell
138,Jan,Leslie
139,Andrea,Chris
140,Vanessa,Garry
141,Melanie,Nicholas
142,Marlene,Dwight
143,Audrey,Leon
144,Holly,Reginald
145,Juanita,Guy
146,Gayle,Vernon
147,Irene,Lloyd
148,Louise,Jackie
149,Melissa,Karl
150,Melinda,Kurt
151,Claudia,Wesley
152,Joy,Gene
153,Jeanette,Brad
154,Vivian,Gilbert
155,Lynne,Lonnie
156,Annette,Kent
157,Kay,Allan
158,Toni,Robin
159,Vicky,Neil
160,Annie,Lewis
161,Penny,Juan
162,Geraldine,Franklin
163,Patti,Randolph
164,June,Clyde
165,Roxanne,Floyd
166,Debora,Carlos
167,Yolanda,Jim
168,Rosa,Lester
169,Carmen,Donnie
170,Belinda,Manuel
171,Rosemary,Bill
172,Patsy,Kirk
173,Ruby,Todd
174,Becky,Kerry
175,Arlene,Leo
176,Marjorie,Dana
177,Sara,Bryan
178,Lynda,Daryl
179,Gina,Gerard
180,Janis,Tom
181,Shelia,Terrence
182,Lee,Jeff
183,Monica,Perry
184,Christina,Charlie
185,Melody,Milton
186,Rachel,Freddie
187,Jackie,Darryl
188,Delores,Ted
189,Eva,Stuart
190,Dolores,Johnnie
191,Marianne,Rex
192,Shelley,Jimmie
193,Marla,Brent
194,Veronica,Herman
195,Lillian,Lynn
196,Ramona,Nathaniel
197,Mildred,Arnold
198,Sherri,Gregg
199,Josephine,Ruben
200,Lydia,Harvey
201,Esther,Tyrone
202,Dana,Roland
203,Doreen,Chester
204,Edna,Kelly
205,Edith,Cecil
206,Jody,Maurice
207,Jacquelyn,Antonio
208,Marian,Alexander
209,Janie,Fredrick
210,Georgia,Greg
211,Emma,Oscar
212,Joni,Tim
213,Carole,Terrance
214,Candace,Randal
215,Lucy,Marshall
216,Grace,Ricardo
217,Dianna,Aaron
218,Teri,Claude
219,Luann,Mario
220,Nina,Neal
221,Pauline,Lance
222,Patty,Byron
223,Emily,Dave
224,Clara,Ross
225,Paulette,Sidney
226,Priscilla,Luis
227,Margie,Clifton
228,Sheree,Marcus
229,April,Wendell
230,Bonita,Jessie
231,Gladys,Wallace
232,Lou,Nathan
233,Carrie,Edgar
234,Karla,Clayton
235,Jayne,Nelson
236,Vera,Hugh
237,Bobbie,Rickie
238,Sherrie,Sam
239,Bertha,Carlton
240,Marion,Rocky
241,Jamie,Jesus
242,Sheri,Wade
243,Lucille,Clinton
244,Ella,Morris
245,Sabrina,Benny
246,Thelma,Lyle
247,Ethel,Hector
248,Wilma,Bob
249,Mona,Raul
250,Billie,Terence
251,Lynette,Sammy
252,Therese,Roberto
253,Maryann,Ben
254,Deanna,Francisco
255,Bernice,Clark
256,Nora,Max
257,Eleanor,Willard
258,Francine,Bennie
259,Beatrice,Otis
260,Gale,Loren
261,Heidi,Elmer
262,Alicia,Everett
263,Faye,Alex
264,Miriam,Marion
265,Rosie,Geoffrey
266,Patrice,Frankie
267,Robyn,Bradford
268,Cathleen,Virgil
269,Florence,Earnest
270,Cecilia,Luther
271,Dale,Joey
272,Jeannie,Kenny
273,Claire,Andre
274,Kristine,Ira
275,Betsy,Salvatore
276,Laurel,Troy
277,Alma,Rudy
278,Bernadette,Derrick
279,Irma,Jan
280,Tracy,Delbert
281,Cheri,Rudolph
282,Ida,Roderick
283,Willie,Sylvester
284,Lillie,Laurence
285,Myra,Mickey
286,Dora,Stewart
287,Hazel,Marty
288,Susie,Alton
289,Nadine,Miguel
290,Crystal,Grant
291,Iris,Myron
292,Darla,Darrel
293,Jeannette,Armando
294,Maxine,Julius
295,Jana,Edmund
296,Terrie,Malcolm
297,Trudy,Ramon
298,Lauren,Sherman
299,Antoinette,Roosevelt
300,Lucinda,Dwayne
301,Ginger,Archie
302,Jeri,Angelo
303,Christy,Jacob
304,Faith,Andy
305,Stella,Rodger
306,Shelly,Leland
307,Kathie,Ivan
308,Lana,Felix
309,Desiree,Pedro
310,Rosemarie,Pete
311,Jenny,Horace
312,Sandy,Shawn
313,Jessie,Van
314,Janine,Doyle
315,Caroline,Isaac
316,Gwen,Monte
317,Lorna,Lorenzo
318,Rochelle,Hubert
319,Marguerite,Jerald
320,Cassandra,Fernando
321,Rosanne,Kelvin
322,Jennie,Rene
323,Celeste,Tracy
324,Ronda,Preston
325,Tanya,Jeffry
326,Naomi,Wilbert
327,Harriet,Oliver
328,Adrienne,Tommie
329,Tamara,Forrest
330,Janette,Derek
331,Hilda,Ron
332,Cecelia,Unknown
333,Laverne,Stephan
334,Marcella,Denis
335,Dixie,Cary
336,Shannon,Sean
337,Deloris,Teddy
338,Velma,Julian
339,Lola,Lowell
340,Mattie,Nick
341,Cherie,Brett
342,Rosalie,Hal
343,Susanne,Willis
344,Molly,Marlon
345,Nanette,Ken
346,Verna,Wilbur
347,Heather,Angel
348,Kerry,Adrian
349,Karin,Freddy
350,Olivia,Clay
351,Celia,Ervin
352,Noreen,Dallas
353,Madeline,Rafael
354,Olga,Alonzo
355,Johnnie,Homer
356,Leah,Dexter
357,Sonia,Arturo
358,Kristi,Rufus
359,Della,Bert
360,Polly,Grady
361,Lora,Carroll
362,Bridget,Dewey
363,Candice,Kyle
364,Guadalupe,Alfredo
365,Mae,Jason
366,Cora,Mack
367,Gretchen,Gerry
368,Agnes,Alfonso
369,Unknown,Conrad
370,Yvette,Dominic
371,Lena,Dirk
372,Geneva,Jaime
373,Corinne,Rory
374,Margo,Royce
375,Margarita,Boyd
376,Hope,Ellis
377,Minnie,Jorge
378,Alison,Carey
379,Luanne,Stevie
380,Kelly,Buddy
381,Bessie,Travis
382,Jolene,Adam
383,Amelia,Monty
384,Jeanine,Sheldon
385,Elsie,Christian
386,Nellie,Irvin
387,Viola,Owen
388,Ava,Elbert
389,Leona,Sammie
390,Mindy,Darwin
391,Freda,Louie
392,Camille,Alberto
393,Ernestine,Cornelius
394,Daisy,Noel
395,Gay,Darnell
396,Candy,Wilson
397,Suzan,Edmond
398,Helene,Gabriel
399,Christie,Dominick
400,Katie,Garland
401,Alberta,Pat
402,Pam,Ronny
403,Rena,Salvador
404,Dena,Christophe
405,Pearl,Cleveland
406,Rene,Spencer
407,Delia,Evan
408,Kristin,Lionel
409,Dee,Rusty
410,Diann,Vance
411,Glenna,Dewayne
412,Leigh,Miles
413,Flora,Bart
414,Joanna,Blaine
415,Amanda,Guadalupe
416,Chris,Ernie
417,Isabel,Alphonso
418,Shari,Percy
419,Sonja,Joesph
420,Reba,Shane
421,Tracey,Aubrey
422,Jerri,Harlan
423,Ada,Casey
424,Eunice,Emmett
425,Gayla,Jody
426,Tara,Phil
427,Lenora,Rodolfo
428,Myrna,Marlin
429,Roxann,Curt
430,Mitzi,Galen
431,Hattie,Merle
432,Rosalind,Amos
433,Rosalyn,Norris
434,Marcy,Al
435,Janelle,Abraham
436,Penelope,Winston
437,Dona,Javier
438,Marta,Wilfred
439,Jeannine,Woodrow
440,Katharine,Lamar
441,Denice,Timmy
442,Lorrie,Elton
443,Elise,Murray
444,Violet,Blake
445,Elena,Donny
446,Melba,Zachary
447,Natalie,Enrique
448,Leticia,Barney
449,Tonya,Orlando
450,Jeanie,Kirby
451,Kathi,Reed
452,Randi,Scot
453,Nita,Grover
454,Shawn,Ned
455,Robbie,Jess
456,Frankie,Moses
457,Henrietta,Sterling
458,Ana,Ernesto
459,Jessica,Drew
460,Sondra,Jamie
461,Debby,Julio
462,Kimberley,Colin
463,Jocelyn,Dannie
464,Adele,Cedric
465,Sallie,Corey
466,Claudette,Eldon
467,Leanne,Lon
468,Stacey,Emanuel
469,Colette,Irving
470,Leann,Justin
471,Jodi,Joshua
472,Gertrude,Eduardo
473,Carlene,Jerrold
474,Lorene,Kris
475,Rae,Michel
476,Nelda,Denny
477,Pat,Chad
478,Lynnette,Elijah
479,Eugenia,Randell
480,Roseann,Sandy
481,Erma,Linwood
482,Kristina,Junior
483,Lila,Blair
484,Rosetta,Eddy
485,Lorie,Robbie
486,Maggie,Lanny
487,Kaye,Rocco
488,Dinah,Kendall
489,Katrina,Dane
490,Fannie,Harley
491,Shelby,Frederic
492,Charmaine,Simon
493,Lula,Stan
494,Mari,Doug
495,Trina,Elliott
496,Allison,Erik
497,Jacalyn,Sanford
498,Felicia,Thaddeus
499,Sharron,Luke
500,Sonya,Reuben
501,Bette,Cornell
502,Lea,Ramiro
503,Ladonna,Vaughn
504,Cathryn,Abel
505,Merry,Damon
506,Lesley,Seth
507,Mamie,Loyd
508,Valarie,Cory
509,Eloise,Levi
510,Kristie,Bennett
511,Mable,Chuck
512,Antonia,Kennith
513,Bobbi,Lamont
514,Gracie,Reynaldo
515,Ilene,Austin
516,Angie,Garth
517,Saundra,Gale
518,Clare,Nolan
519,Earnestine,Terrell
520,Myrtle,Morgan
521,Benita,Ward
522,Dorothea,Jefferson
523,Estella,Matt
524,Inez,Orville
525,Ruthie,Davy
526,Robbin,Carmen
527,Elisa,Tomas
528,Kimberlee,Donn
529,Stacy,Harrison
530,Genevieve,Mitchel
531,Kristy,Felipe
532,Meredith,Billie
533,Melodie,Norbert
534,Darcy,Toby
535,Roslyn,Bryant
536,Roni,Israel
537,Debrah,Odell
538,Geralyn,Reid
539,Suzette,Barton
540,Shauna,Ed
541,Coleen,Kip
542,Elsa,Danial
543,Lucia,Jasper
544,Julianne,Kermit
545,Blanca,Russel
546,Caren,Lane
547,Maryanne,Burton
548,Bettie,Dick
549,Lu,Fredric
550,Vickey,Cameron
551,Maryellen,Emil
552,Kitty,Pablo
553,Ivy,Kimberly
554,Lyn,Ryan
555,Earlene,Erwin
556,Jewel,Ian
557,Johanna,Mathew
558,Kathrine,Merlin
559,Deana,Garrett
560,Etta,Thurman
561,Fay,Domingo
562,Malinda,Dudley
563,Marilynn,Gilberto
564,Winifred,Donnell
565,Marva,Roscoe
566,Debbra,Solomon
567,Kris,Wiley
568,Angelina,Bobbie
569,Eve,Brady
570,Pamala,Elvin
571,Terese,Rolando
572,Bettye,Gus
573,Valorie,Jeremiah
574,Lenore,Vern
575,Nan,Scotty
576,Georgette,Millard
577,Cherry,Ulysses
578,Michael,Winfred
579,Daphne,Reggie
580,Clarice,Hollis
581,Althea,Ismael
582,Elva,Weldon
583,Geri,Audie
584,Jodie,Elwood
585,Roxie,Lonny
586,Sharlene,Shannon
587,Muriel,Will
588,Alfreda,Rod
589,Cheryle,Roman
590,James,Alejandro
591,Lela,Dwain
592,Delois,Pierre
593,Krista,Lindsey
594,Marietta,Andres
595,Bonny,Emilio
596,Avis,Gerardo
597,Dolly,Mikel
598,Rhoda,Jonathon
599,Beverley,Adolph
600,Cathie,August
601,Willa,Davis
602,Greta,Jean
603,Roxane,Shelby
604,Elvira,Guillermo
605,Lavonne,Val
606,Robert,Carter
607,Teena,Hans
608,Arleen,Anton
609,Sherrill,Arlen
610,Silvia,Cliff
611,Kristen,Mary
612,Elisabeth,Merrill
613,Janna,Tod
614,Sadie,Shelton
615,Blanche,Bryce
616,Patrica,Kenton
617,Ingrid,Rogelio
618,Laureen,Vito
619,Ora,Duncan
620,Essie,Elias
621,Angelia,Ollie
622,Dorene,Ivory
623,Josie,Jacky
624,Edwina,Coy
625,Jannie,Sergio
626,Minerva,Emory
627,Pattie,Jake
628,Deena,Rock
629,Lesa,Charley
630,Jerry,Clement
631,Loraine,Jerold
632,Maura,Avery
633,Fern,Elliot
634,Karol,Connie
635,Marilee,Harris
636,Bernadine,Ignacio
637,Eula,Monroe
638,Rosalinda,Otto
639,Madonna,Trent
640,Marina,Armand
641,Marcie,Jed
642,Valeria,Bernie
643,Aileen,Denver
644,Helena,Stacy
645,Roxanna,Benito
646,Corrine,Noah
647,Deirdre,Maynard
648,Ina,Emery
649,Karon,Riley
650,Nettie,Myles
651,Ollie,Rob
652,Caryn,Toney
653,Lauri,Jackson
654,Nanci,Carson
655,Twila,Leigh
656,Luz,Booker
657,Earline,Delmar
658,Francis,Sonny
659,Rebekah,Wyatt
660,Christi,Burt
661,Tommie,Lindsay
662,Louann,Santos
663,Janell,Bud
664,Sheilah,Hank
665,Megan,Lenard
666,Nona,Napoleon
667,Deanne,Nicky
668,Gaye,Ricki
669,Jimmie,Quentin
670,Nikki,Eli
671,Nola,Isaiah
672,Mabel,Saul
673,Tena,Faron
674,Gilda,Herschel
675,Iva,Johnie
676,Melva,Marco
677,Cinda,Shaun
678,Doretha,Tyler
679,Pearlie,Vince
680,Randy,Butch
681,Tammy,Clint
682,Sherryl,Glynn
683,Lupe,Rogers
684,Danielle,Wilford
685,Dorthy,Dickie
686,Mariann,Gail
687,Opal,Humberto
688,Alisa,Santiago
689,Estelle,Carmine
690,John,Gustavo
691,Madelyn,Del
692,Renae,Geary
693,Mollie,Jeremy
694,Joe,Xavier
695,May,Earle
696,Harriett,Efrain
697,Teressa,Hiram
698,Danette,Kurtis
699,Rachelle,Randel
700,Abigail,Curtiss
701,Aurora,Isiah
702,Charla,Lavern
703,Lizzie,Milo
704,Millie,Zane
705,Neva,Freeman
706,Queen,Lawerence
707,Donita,Mervin
708,Katheryn,Donovan
709,Sybil,Fletcher
710,Fran,Irwin
711,Leila,Marcos
712,Athena,Jordan
713,Lavern,Stanford
714,Cornelia,Wilmer
715,Erin,Augustine
716,Reta,Brandon
717,Georgina,Forest
718,Aida,Linda
719,Alexis,Royal
720,Lorri,Basil
721,Vikki,Brooks
722,Elyse,Dalton
723,Jewell,Major
724,Letha,Robby
725,Reva,Wilfredo
726,Mavis,Errol
727,Bethany,Laverne
728,Portia,Anderson
729,Freida,Deborah
730,Kari,Gearld
731,Lorena,Jere
732,Vonda,Clair
733,Addie,Dee
734,Marylou,Douglass
735,Annmarie,Hershel
736,Retha,Brendan
737,Juliana,Felton
738,Barbra,Mason
739,Joanie,Alden
740,Lily,Bryon
741,Roseanne,Cyrus
742,Carleen,Nickolas
743,Velda,Noe
744,Mara,Wilburn
745,Maribeth,Burl
746,Aleta,Chip
747,Cheryll,Cleo
748,Celestine,Lemuel
749,Raquel,Mckinley
750,Cecile,Odis
751,Leola,Russ
752,Mercedes,Johnathan
753,Renita,Lyndon
754,Alexandra,Stanton
755,Clarissa,Stevan
756,Ester,Buford
757,Gena,Davey
758,Graciela,Jarvis
759,Maryjo,Raphael
760,Jacklyn,Blane
761,Jacquline,Mac
762,Tonia,Ritchie
763,Camilla,Bret
764,Eddie,Carnell
765,Joycelyn,Lenny
766,Karan,Patricia
767,Ronnie,Cesar
768,Bambi,Maxwell
769,Cathrine,Nicolas
770,Jeryl,Silas
771,Marybeth,Wilton
772,Nannette,Adolfo
773,Cara,Augustus
774,Peggie,Federico
775,Alyce,Haywood
776,Beulah,Rayford
777,Danita,Tad
778,Effie,Damian
779,Leeann,Jacques
780,Ronna,Carlo
781,Rosanna,Dennie
782,Sophia,Fritz
783,Carmella,Judson
784,Darleen,Normand
785,Deann,Rubin
786,Karyn,Huey
787,Dottie,Kit
788,David,Leonardo
789,Carmela,Stacey
790,Charles,Vicente
791,Christa,Wally
792,Delilah,Dino
793,Lottie,Duke
794,Nedra,Dwaine
795,Romona,Lincoln
796,Cleo,Lyman
797,Daryl,Quinton
798,Erica,Rolland
799,Evangeline,Thad
800,Louisa,Cordell
801,Pamella,Alfonzo
802,Mimi,Bertram
803,Sherie,Derrell
804,Cathey,Elroy
805,Elissa,Marcel
806,Esperanza,Otha
807,Tricia,Alva
808,Ursula,Delmer
809,Freddie,Houston
810,Lorelei,Olin
811,Lauretta,Wardell
812,Leta,Ashley
813,Lourdes,Graham
814,Catharine,Hoyt
815,Gisele,Rand
816,Juana,Woody
817,Lucretia,Artis
818,Dian,Barbara
819,Tana,Boyce
820,Marci,Edwardo
821,Hilary,Eloy
822,Lilly,Hilton
823,Margery,Raleigh
824,Rosario,Von
825,Susanna,Emerson
826,Angeline,Hugo
827,Corliss,Keven
828,Sherree,Carol
829,Carey,Cyril
830,Carmel,Donell
831,Gerri,Dusty
832,Kendra,Everette
833,Mickey,Gaylon
834,Dorinda,Gregorio
835,Hannah,Issac
836,Rosita,Taylor
837,Rowena,Alphonse
838,Thea,Cruz
839,Kyle,Domenic
840,Libby,Gayle
841,Sydney,Len
842,Callie,Rhett
843,Frieda,Theron
844,Dina,Berry
845,Judi,Jules
846,Lizabeth,Layne
847,Magdalena,Verne
848,Noel,Cody
849,Rhea,Debra
850,Charleen,Ike
851,Ola,Prince
852,Amber,Reynold
853,Carlotta,Rodrick
854,Consuelo,Williams
855,Deidre,Artie
856,Josefina,Carmelo
857,Migdalia,Courtney
858,Corine,Gil
859,Glinda,Kelley
860,Kandy,Milford
861,Madeleine,Newton
862,Merri,Britt
863,Debi,Bruno
864,Jacque,Delton
865,Danna,Fidel
866,Delma,Foster
867,Goldie,Emmanuel
868,Millicent,Gino
869,Felecia,Hayward
870,Meryl,Kevan
871,Richard,Lynwood
872,Serena,Regis
873,Venita,Sherwood
874,Jann,Carleton
875,Lelia,Columbus
876,Caron,Darcy
877,Dayna,Demetrius
878,Treva,Dewitt
879,Janeen,Elmo
880,Juliet,Erich
881,Milagros,Ferdinand
882,Shirlene,Lacy
883,Caryl,Skip
884,Debbi,Ty
885,Eliza,Chauncey
886,Juliann,Coleman
887,Kate,Darold
888,Marita,Dell
889,Matilda,Ezra
890,Twyla,Kraig
891,Adela,Rolf
892,Delphine,Rudolfo
893,Lindy,Barrett
894,Nicole,Dorian
895,Pennie,Farrell
896,Phoebe,Franklyn
897,Virgie,Lesley
898,Zelda,Mel
899,Alana,Alford
900,Jerrie,Eliseo
901,Joellen,Emmitt
902,Zoe,Jared
903,Debroah,King
904,Letitia,Lauren
905,Rona,Lucius
906,Alta,Mitch
907,Cindi,Adolphus
908,Daria,Agustin
909,Elnora,Cletus
910,Estela,Cleve
911,Larry,Darius
912,Lise,Greggory
913,Jaye,Jefferey
914,Joette,Omar
915,William,Arlie
916,Bobby,Bradly
917,Dollie,Brice
918,Leslee,Jame
919,Merle,Lorin
920,Rachael,Pasquale
921,Vernell,Arnulfo
922,Jerilyn,Benedict
923,Lona,Benton
924,Margot,Elvis
925,Marlys,Gaylord
926,Ofelia,Logan
927,Selma,Quincy
928,Sheron,Randle
929,Aletha,Raymundo
930,Monique,Scottie
931,Sharen,Susan
932,Beryl,Warner
933,Esmeralda,Waymon
934,Mickie,Duwayne
935,Ophelia,Erick
936,Suellen,Joaquin
937,Suzann,Levon
938,Angelita,Lupe
939,Annetta,Olen
940,Concetta,Truman
941,Gerry,Valentine
942,Hollis,Buster
943,Lolita,Cole
944,Joleen,Cris
945,Kerri,Dorsey
946,Lanette,Leander
947,Laurene,Lennie
948,Marianna,Lex
949,Abby,Talmadge
950,Eartha,Aurelio
951,Maryjane,Davie
952,Susana,Desmond
953,Antionette,Eldridge
954,Bennie,Giles
955,Cherri,Jude
956,Dorcas,Arden
957,Francesca,Dann
958,George,Daryle
959,Imogene,Gavin
960,Oralia,Lafayette
961,Jenifer,Levern
962,Justine,Micky
963,Nicki,Porter
964,Sophie,Randolf
965,Starla,Robbin
966,Taryn,Theadore
967,Aimee,Theodis
968,Collette,Timmothy
969,Juliette,Walker
970,Lawanda,Winford
971,Leanna,Abe
972,Luella,Allyn
973,Martina,Clarke
974,Paige,Darell
975,Tami,Kirt
976,Winona,Art
977,Annemarie,Brant
978,Elma,Dante
979,Kathaleen,Harmon
980,Lessie,Les
981,Lorinda,Margarito
982,Vernita,Michal
983,Zelma,Milan
984,Carolina,Murphy
985,Florine,Orval
986,Jannette,Raymon
987,Linnea,Rosendo
988,Odessa,Claud
989,Cherrie,Garold
990,Cristina,Hosea
991,Melodee,Jonas
992,Moira,Moises
993,Sandi,Rowland
994,Trena,Vernell
995,Lonnie,Adan
996,Louella,Emile
997,Regenia,Esteban
998,Sheryll,Heriberto
999,Margret,Malcom
1000,Petra,Michale
