Rank,Name
1,Robert
2,John
3,James
4,William
5,Charles
6,George
7,Richard
8,Joseph
9,Donald
10,Edward
11,Thomas
12,Frank
13,Paul
14,Harold
15,Raymond
16,Jack
17,Walter
18,Kenneth
19,Henry
20,Arthur
21,Albert
22,David
23,Eugene
24,Ralph
25,Harry
26,Carl
27,Howard
28,Willie
29,Clarence
30,Louis
31,Fred
32,Earl
33,Joe
34,Roy
35,Francis
36,Lawrence
37,Ernest
38,Leonard
39,Norman
40,Billy
41,Gerald
42,Anthony
43,Stanley
44,Herbert
45,Alfred
46,Daniel
47,Melvin
48,Samuel
49,Bernard
50,Marvin
51,Leroy
52,Russell
53,Floyd
54,Leo
55,Edwin
56,Michael
57,Ray
58,Peter
59,Andrew
60,Lloyd
61,Elmer
62,Clifford
63,Theodore
64,Frederick
65,Calvin
66,Vernon
67,Clyde
68,Wayne
69,Herman
70,Philip
71,Warren
72,Alvin
73,Leon
74,Bill
75,Glenn
76,Gordon
77,Vincent
78,Lester
79,Chester
80,Martin
81,Charlie
82,Lewis
83,Milton
84,Dale
85,Lee
86,Cecil
87,Jesse
88,Ronald
89,Roger
90,Harvey
91,Gene
92,Sam
93,Allen
94,Victor
95,Wallace
96,Don
97,Jerry
98,Benjamin
99,Arnold
100,Willard
101,Gilbert
102,Bob
103,Douglas
104,Johnnie
105,Oscar
106,Claude
107,Roland
108,Eddie
109,Edgar
110,Maurice
111,Rudolph
112,Curtis
113,Marion
114,Jerome
115,Jimmie
116,Bobby
117,Junior
118,Virgil
119,Everett
120,Manuel
121,Glen
122,Wilbur
123,Homer
124,Jessie
125,Jose
126,Leslie
127,Bruce
128,Hugh
129,Sidney
130,Stephen
131,Hubert
132,Wesley
133,Nicholas
134,Morris
135,Luther
136,Johnny
137,Max
138,Tom
139,Dean
140,Willis
141,Patrick
142,Franklin
143,Jim
144,Irving
145,Billie
146,Alexander
147,Earnest
148,Keith
149,Horace
150,Oliver
151,Steve
152,Lyle
153,Julius
154,Phillip
155,Ben
156,Edmund
157,Tony
158,Guy
159,Salvatore
160,Duane
161,Clayton
162,Archie
163,Delbert
164,Orville
165,Clifton
166,Jimmy
167,Dan
168,Otis
169,Bennie
170,Mike
171,Clinton
172,Angelo
173,Dennis
174,Alan
175,Jay
176,Nathaniel
177,Jacob
178,Larry
179,Alex
180,Merle
181,Ira
182,Allan
183,Alton
184,Wilbert
185,Leland
186,Matthew
187,Ervin
188,Dewey
189,Ivan
190,Marshall
191,Ted
192,Tommy
193,Carroll
194,Antonio
195,Lowell
196,Elbert
197,Jesus
198,Freddie
199,Julian
200,Mark
201,Sylvester
202,Nelson
203,Emil
204,Forrest
205,Irvin
206,Nathan
207,Lonnie
208,Seymour
209,Dick
210,Juan
211,Eldon
212,Pete
213,Nick
214,Rufus
215,Wilfred
216,Wendell
217,Malcolm
218,Fredrick
219,Loyd
220,Ramon
221,Laurence
222,Myron
223,Loren
224,Ellis
225,Neil
226,Karl
227,Aaron
228,Gerard
229,Isaac
230,Norbert
231,Darrell
232,Johnie
233,Grady
234,Murray
235,Perry
236,Felix
237,Burton
238,Owen
239,Rex
240,Elwood
241,Emmett
242,Mack
243,Byron
244,Ross
245,Grover
246,Troy
247,Bert
248,Mario
249,Aubrey
250,Carlos
251,Doyle
252,Percy
253,Harley
254,Otto
255,Carlton
256,Rodney
257,Reginald
258,Sherman
259,Roosevelt
260,Dwight
261,Dominick
262,Tommie
263,Wilson
264,Dominic
265,Irwin
266,Erwin
267,August
268,Amos
269,Morton
270,Ruben
271,Bobbie
272,Francisco
273,Boyd
274,Austin
275,Abraham
276,Dallas
277,Adam
278,Louie
279,Neal
280,Preston
281,Garland
282,Harlan
283,Roscoe
284,Pedro
285,Adolph
286,Benny
287,Laverne
288,Charley
289,Conrad
290,Jasper
291,Joel
292,Edmond
293,Millard
294,Cornelius
295,Lynn
296,Merlin
297,Stuart
298,Reuben
299,Rudy
300,Jackie
301,Dave
302,Elvin
303,Sheldon
304,Steven
305,Mitchell
306,Wade
307,Moses
308,Clair
309,Maynard
310,Grant
311,Will
312,Russel
313,Alfonso
314,Cleveland
315,Elton
316,Carmen
317,Monroe
318,Wilburn
319,Luis
320,Ollie
321,Delmar
322,Kermit
323,Wilmer
324,Teddy
325,Marcus
326,Weldon
327,Rocco
328,Raul
329,Thurman
330,Woodrow
331,Merrill
332,Vito
333,Emanuel
334,Harrison
335,Alonzo
336,Jean
337,Pat
338,Gus
339,Lionel
340,Ned
341,Ed
342,Simon
343,Randolph
344,Sammie
345,Adrian
346,Cleo
347,Clement
348,Elijah
349,Wilford
350,Hollis
351,Timothy
352,Mary
353,Christopher
354,Sanford
355,Salvador
356,Stewart
357,Eli
358,Jake
359,Buford
360,Clark
361,Coy
362,Cyril
363,Patsy
364,Alva
365,Wiley
366,Claud
367,Odell
368,Levi
369,Roberto
370,Armand
371,Sterling
372,Andy
373,Lavern
374,Elmo
375,Gregory
376,Royce
377,Miles
378,Jess
379,Dudley
380,Earle
381,Marlin
382,Forest
383,Noah
384,Thaddeus
385,Basil
386,Jackson
387,Lorenzo
388,Norris
389,Orval
390,Randall
391,Winston
392,Mervin
393,Buddy
394,Rolland
395,Emory
396,Danny
397,Emery
398,Roman
399,Alphonse
400,Lamar
401,Truman
402,Vern
403,Van
404,Ward
405,Guadalupe
406,Travis
407,Darrel
408,Hershel
409,Barney
410,Eric
411,Pasquale
412,Shirley
413,Solomon
414,Harris
415,Alfredo
416,Milford
417,Silas
418,Bruno
419,Elliott
420,Herschel
421,Elias
422,Noel
423,Freeman
424,Armando
425,Winfred
426,Darwin
427,Gabriel
428,Sammy
429,Cletus
430,Pablo
431,Rene
432,Carmine
433,Ellsworth
434,Miguel
435,Hiram
436,Anton
437,Gale
438,Normand
439,Gail
440,Saul
441,Bud
442,Emerson
443,Everette
444,Delmer
445,Lenard
446,Lyman
447,Odis
448,Scott
449,Hal
450,Alden
451,Rodolfo
452,Royal
453,Riley
454,Spencer
455,Linwood
456,Bertram
457,Edsel
458,Roderick
459,Ulysses
460,Vance
461,Carol
462,Frederic
463,Chris
464,Nolan
465,Foster
466,Mathew
467,Rafael
468,Sol
469,Omer
470,Terry
471,Booker
472,Luke
473,Denver
474,Wilton
475,Ferdinand
476,Enrique
477,Hugo
478,Jeff
479,Alberto
480,Frankie
481,Houston
482,Ambrose
483,Phil
484,Augustine
485,Hoyt
486,Morgan
487,Burl
488,Olen
489,Felipe
490,Noble
491,Jewel
492,Orlando
493,Tomas
494,Buster
495,Columbus
496,Al
497,Fletcher
498,Major
499,Arturo
500,Blaine
501,Dalton
502,Elwin
503,Hector
504,Raymon
505,Verne
506,Lincoln
507,Newton
508,Reed
509,Anderson
510,Jefferson
511,Lucien
512,Bryan
513,Ezra
514,Wilber
515,Carlo
516,Elroy
517,Ernesto
518,Augustus
519,Fernando
520,Abe
521,Harmon
522,Joesph
523,Ignacio
524,Julio
525,Arlie
526,Nickolas
527,Waldo
528,Clay
529,Emile
530,Gaylord
531,Milo
532,Sebastian
533,Angel
534,Coleman
535,Emilio
536,Isiah
537,Junius
538,Cyrus
539,Evan
540,Micheal
541,Daryl
542,Olin
543,Isaiah
544,Justin
545,Jerald
546,Otha
547,Talmadge
548,Kelly
549,Kent
550,Mckinley
551,Ora
552,Carrol
553,Davis
554,Domingo
555,Jules
556,Lemuel
557,Mason
558,Napoleon
559,Beverly
560,Dewitt
561,Marcel
562,Shelby
563,Aloysius
564,Dorothy
565,Hilton
566,Palmer
567,Bennett
568,Hyman
569,Lucius
570,Rollin
571,Theron
572,Hobert
573,Benedict
574,Eldridge
575,Gilberto
576,Jeremiah
577,Merton
578,Valentine
579,Vaughn
580,Aldo
581,Alphonso
582,Casimir
583,Dana
584,Frances
585,Albin
586,Carson
587,Christian
588,Domenic
589,Elden
590,Jennings
591,Judson
592,King
593,Rogers
594,Sydney
595,Oren
596,Rubin
597,Arther
598,Fay
599,Harland
600,Zane
601,Ernie
602,Rosario
603,Clarance
604,Sherwood
605,Doris
606,Guillermo
607,Milan
608,Granville
609,Jonathan
610,Lacy
611,Walton
612,Bernie
613,Joshua
614,Asa
615,Gary
616,Mose
617,Quentin
618,Theo
619,Galen
620,Warner
621,Haywood
622,Abel
623,Graham
624,Isadore
625,Jason
626,Raleigh
627,Arden
628,Edd
629,Florian
630,Stanford
631,Avery
632,Boyce
633,Dee
634,Ricardo
635,Rupert
636,Winford
637,Bradford
638,Lupe
639,Bernice
640,Dock
641,Jonas
642,Connie
643,Dexter
644,Hans
645,Santo
646,Santos
647,Taylor
648,Domenick
649,Gustave
650,Romeo
651,Felton
652,Israel
653,Merritt
654,Donn
655,Eldred
656,Loy
657,Ottis
658,Alvie
659,Gregorio
660,Betty
661,Margaret
662,Walker
663,Adolfo
664,Bryant
665,Elliot
666,Elzie
667,Emmitt
668,Hermon
669,Hobart
670,Jordan
671,Carter
672,Elvis
673,Enoch
674,Murphy
675,Rodger
676,Angus
677,Evert
678,Alvis
679,Benton
680,Jewell
681,Maxwell
682,Merlyn
683,Alford
684,Blair
685,Garfield
686,Glendon
687,Oran
688,Santiago
689,Kyle
690,Meyer
691,Verlin
692,Cruz
693,Haskell
694,Aron
695,Clare
696,Garrett
697,Rayford
698,Werner
699,Antone
700,Denis
701,Elmore
702,Elwyn
703,Franklyn
704,Hillard
705,Leeroy
706,Orin
707,Seth
708,Winfield
709,Bradley
710,Dwayne
711,Raphael
712,Andres
713,Craig
714,Mahlon
715,Monte
716,Carey
717,Clem
718,Constantine
719,Lawerence
720,Vicente
721,Willian
722,Barry
723,Carlyle
724,Lucian
725,Tracy
726,Gustav
727,Kay
728,Kirby
729,Theadore
730,Verl
731,Carleton
732,Claudie
733,Early
734,Lucious
735,Porter
736,Stanton
737,Bonnie
738,Buck
739,Cloyd
740,Eduardo
741,Garth
742,Hayward
743,Matt
744,Newell
745,Guido
746,Helen
747,Loyal
748,Sandy
749,Dorsey
750,Estel
751,Hardy
752,Howell
753,Leander
754,Lon
755,Melton
756,Murry
757,Prince
758,Ruth
759,Duncan
760,Elisha
761,Garnett
762,Gino
763,Otho
764,Shelton
765,Allison
766,Arvil
767,Aurelio
768,Benito
769,Bryce
770,Burt
771,Damon
772,Ford
773,Omar
774,Pearl
775,Sylvan
776,Audrey
777,Emmet
778,Evans
779,Lambert
780,Lawson
781,Merl
782,Oswald
783,Armond
784,Cameron
785,Chauncey
786,Dayton
787,Dewayne
788,June
789,Laurel
790,Reynaldo
791,Waymon
792,Wm
793,Auther
794,Dillard
795,Fritz
796,Gayle
797,Ignatius
798,Norval
799,Reynold
800,Rowland
801,Webster
802,Alejandro
803,Bertrand
804,Brady
805,Freddy
806,Hamilton
807,Meredith
808,Myles
809,Obie
810,Orrin
811,Williams
812,Donnie
813,Donovan
814,Ivory
815,Kendall
816,Kennith
817,Norwood
818,Regis
819,Richmond
820,Rudolf
821,Fidel
822,Ike
823,Lorin
824,Tim
825,General
826,Judge
827,Mickey
828,Reid
829,Reno
830,Virgle
831,Arlo
832,Arvid
833,Clovis
834,Dwain
835,Edison
836,Ewell
837,Maxie
838,Miller
839,Robin
840,Huey
841,Rueben
842,Adelbert
843,Brooks
844,Denzil
845,Durward
846,Johnson
847,Linus
848,Lonzo
849,Loran
850,Mac
851,Nicolas
852,Parker
853,Sumner
854,Vernie
855,Americo
856,Arley
857,Artie
858,Barton
859,Benjiman
860,Carmelo
861,Durwood
862,Giles
863,Hazel
864,Hunter
865,Isidore
866,Jonnie
867,Leonardo
868,Mariano
869,Marlyn
870,Milburn
871,Mitchel
872,Addison
873,Ellwood
874,Margarito
875,Andre
876,Artis
877,Berry
878,Deane
879,Donal
880,Fredric
881,Glynn
882,Hayden
883,Hilbert
884,Hosea
885,Leopoldo
886,Merwin
887,Refugio
888,Ruby
889,Silvio
890,Clint
891,Ezekiel
892,Madison
893,Oral
894,Abner
895,Arlin
896,Darold
897,Fernand
898,Gaetano
899,Joaquin
900,Lois
901,Norton
902,Agustin
903,Burley
904,Crawford
905,Farris
906,Henderson
907,Jon
908,Lauren
909,Leopold
910,Lindsey
911,Marie
912,Orvil
913,Rosevelt
914,Turner
915,Vester
916,Casper
917,Cleve
918,Donato
919,Dorris
920,Elizabeth
921,Gorden
922,Hurley
923,Johny
924,Joyce
925,Ken
926,Nevin
927,Terrence
928,Urban
929,Virginia
930,Wardell
931,Adolphus
932,Allie
933,Alois
934,Dempsey
935,Finis
936,Gerhard
937,Godfrey
938,Jamie
939,Kurt
940,Llewellyn
941,Oneal
942,Vivian
943,Wayland
944,Abram
945,Burnell
946,Dwaine
947,Farrell
948,Gearld
949,Hampton
950,Logan
951,Louise
952,Mildred
953,Ramiro
954,Tillman
955,Claire
956,Dante
957,Enos
958,Foy
959,Ivy
960,Thurston
961,Trinidad
962,Willam
963,Art
964,Arvin
965,Casimer
966,Cosmo
967,Delton
968,Desmond
969,Douglass
970,Gardner
971,Henery
972,Hiroshi
973,Ludwig
974,Minoru
975,Murl
976,Nunzio
977,Reese
978,Rollie
979,Sigmund
980,Alice
981,Ardell
982,Arvel
983,Author
984,Christ
985,Faustino
986,Federico
987,Gaston
988,Joy
989,Marco
990,Valentino
991,Zack
992,Alvan
993,Anna
994,Beryl
995,Brian
996,Dorman
997,Elza
998,Emmit
999,Issac
1000,Jodie
