Rank,Name
1,John
2,William
3,James
4,George
5,Charles
6,Robert
7,Joseph
8,Frank
9,Edward
10,Henry
11,Thomas
12,Walter
13,Harry
14,Willie
15,Arthur
16,Albert
17,Fred
18,Clarence
19,Paul
20,Harold
21,Roy
22,Joe
23,Raymond
24,Richard
25,Charlie
26,Louis
27,Jack
28,Earl
29,Carl
30,Ernest
31,Ralph
32,David
33,Samuel
34,Sam
35,Howard
36,Herbert
37,Andrew
38,Elmer
39,Lee
40,Lawrence
41,Francis
42,Alfred
43,Will
44,Daniel
45,Eugene
46,Leo
47,Oscar
48,Floyd
49,Herman
50,Jesse
51,Michael
52,Lewis
53,Tom
54,Leonard
55,Ray
56,Clyde
57,Benjamin
58,Peter
59,Claude
60,Lester
61,Theodore
62,Russell
63,Eddie
64,Frederick
65,Leroy
66,Clifford
67,Anthony
68,Jim
69,Jessie
70,Martin
71,Edgar
72,Chester
73,Ben
74,Edwin
75,Dewey
76,Cecil
77,Stanley
78,Lloyd
79,Donald
80,Homer
81,Harvey
82,Luther
83,Norman
84,Johnnie
85,Leon
86,Bernard
87,Ed
88,Hugh
89,Patrick
90,Kenneth
91,Leslie
92,Victor
93,Alexander
94,Philip
95,Oliver
96,Mack
97,Horace
98,Milton
99,Guy
100,Everett
101,Jacob
102,Melvin
103,Charley
104,Allen
105,Alvin
106,Earnest
107,Ira
108,Sidney
109,Archie
110,Otis
111,Virgil
112,Julius
113,Jerry
114,Percy
115,Otto
116,Isaac
117,Bill
118,Glenn
119,Maurice
120,Alex
121,Dan
122,Warren
123,Hubert
124,Marion
125,Lonnie
126,Nathan
127,Stephen
128,Wesley
129,Vincent
130,Marvin
131,Manuel
132,Willard
133,Vernon
134,Willis
135,Dave
136,Morris
137,Jose
138,Wallace
139,Wilbur
140,Gerald
141,Rufus
142,Bennie
143,Bert
144,August
145,Rudolph
146,Gilbert
147,Curtis
148,Perry
149,Max
150,Steve
151,Franklin
152,Gordon
153,Mark
154,Nelson
155,Glen
156,Mckinley
157,Roland
158,Dennis
159,Mike
160,Sylvester
161,Johnie
162,Matthew
163,Calvin
164,Jess
165,Emil
166,Phillip
167,Marshall
168,Amos
169,Elbert
170,Felix
171,Arnold
172,Jake
173,Ellis
174,Gus
175,Emmett
176,Clayton
177,Irvin
178,Jimmie
179,Nathaniel
180,Adolph
181,Moses
182,Alonzo
183,Cornelius
184,Pete
185,Irving
186,Orville
187,Adam
188,Ollie
189,Claud
190,Clifton
191,Douglas
192,Jay
193,Aaron
194,Tony
195,Abraham
196,Bob
197,Jasper
198,Roscoe
199,Levi
200,Nicholas
201,Sherman
202,Edmund
203,Owen
204,Noah
205,Clinton
206,Ivan
207,Monroe
208,Wilson
209,Ervin
210,Bruce
211,Elijah
212,Reuben
213,Jerome
214,Wayne
215,Juan
216,Barney
217,Ross
218,Grant
219,Don
220,Laurence
221,Roger
222,Tommie
223,Wilfred
224,Grady
225,Harley
226,Julian
227,Preston
228,Leland
229,Timothy
230,Clark
231,Karl
232,Mary
233,Mose
234,Ted
235,Antonio
236,Simon
237,Alva
238,Dock
239,Cleveland
240,Johnny
241,Roosevelt
242,Solomon
243,Luke
244,Carroll
245,Harrison
246,Jeff
247,Troy
248,Millard
249,Silas
250,Fredrick
251,Austin
252,Forrest
253,Ike
254,Allan
255,Loyd
256,Freddie
257,Myron
258,Wilbert
259,Aubrey
260,Boyd
261,Larry
262,Byron
263,Edd
264,Louie
265,Wiley
266,Jackson
267,Dwight
268,Rex
269,Anton
270,Neal
271,Hiram
272,Mathew
273,Van
274,Abe
275,Anderson
276,Wade
277,Bryan
278,Christopher
279,Malcolm
280,Miles
281,Andy
282,Dale
283,Merle
284,Fletcher
285,Forest
286,Riley
287,Emory
288,Grover
289,Mitchell
290,Elwood
291,Major
292,Neil
293,Newton
294,Pat
295,Randolph
296,Ruben
297,Jesus
298,Lyle
299,Murray
300,Nick
301,Clement
302,Gene
303,Marcus
304,Taylor
305,Ambrose
306,Edmond
307,Booker
308,Dean
309,Earle
310,Ned
311,Russel
312,Augustus
313,Chris
314,Columbus
315,Dick
316,Eli
317,Emanuel
318,Ramon
319,Delbert
320,Freeman
321,Isiah
322,Loren
323,Pedro
324,Spencer
325,Alton
326,Erwin
327,Jeremiah
328,Ward
329,Wilmer
330,Emery
331,Ezra
332,Jimmy
333,Lorenzo
334,Ora
335,Steven
336,Tommy
337,Clay
338,Conrad
339,Cyril
340,Ferdinand
341,Lynn
342,Pearl
343,Bud
344,Dallas
345,Elmo
346,Francisco
347,Lucius
348,Ronald
349,Stewart
350,Clair
351,Elton
352,Lyman
353,Scott
354,Burton
355,Carlton
356,Sterling
357,Al
358,Aloysius
359,Basil
360,Carlos
361,Dewitt
362,Elisha
363,Herschel
364,Lemuel
365,Billy
366,Cyrus
367,Enoch
368,Garland
369,Hobert
370,Johnson
371,Joshua
372,Noble
373,Orval
374,Vern
375,Alfonso
376,Alphonso
377,Christian
378,Dee
379,Hollis
380,Joel
381,Lowell
382,Emerson
383,Lon
384,Ulysses
385,Dudley
386,Elliott
387,General
388,Harris
389,Houston
390,Kelly
391,King
392,Lacy
393,Buck
394,Garfield
395,Irwin
396,Isaiah
397,Junius
398,Mason
399,Napoleon
400,Sammie
401,Shirley
402,Benny
403,Carter
404,Cleo
405,Elmore
406,Emile
407,Jennings
408,Jonas
409,Matt
410,Morgan
411,Raleigh
412,Wilber
413,Arther
414,Asa
415,Clarance
416,Fay
417,Gustave
418,Wendell
419,Early
420,Foster
421,Garrett
422,Odell
423,Zack
424,Clem
425,Green
426,Haywood
427,Odis
428,Sol
429,Washington
430,Adrian
431,Alan
432,Allie
433,Alphonse
434,Angelo
435,Coy
436,Ellsworth
437,Emmet
438,Hobart
439,Judge
440,Reginald
441,Rupert
442,Seth
443,Travis
444,Walker
445,Winfield
446,Bruno
447,Carey
448,Chas
449,Coleman
450,Hardy
451,Lionel
452,Lucious
453,Maynard
454,Smith
455,Anna
456,Buster
457,Dominick
458,Dorsey
459,Hal
460,Ivory
461,Josh
462,Judson
463,Lige
464,Olin
465,Porter
466,Royal
467,Sim
468,Truman
469,Billie
470,Bryant
471,Elvin
472,Evan
473,Ford
474,Isadore
475,Jefferson
476,Wilford
477,Benjiman
478,Buford
479,Crawford
480,Elias
481,Emmitt
482,Fritz
483,Harmon
484,Hugo
485,Merrill
486,Rubin
487,Saul
488,Webster
489,Wilburn
490,Alford
491,Berry
492,Bertha
493,Chauncey
494,Clint
495,Florence
496,Furman
497,Henery
498,Hyman
499,Jean
500,Jewel
501,Logan
502,Lonzo
503,Maxwell
504,Milford
505,Milo
506,Oren
507,Pablo
508,Phil
509,Pink
510,Prince
511,Ruby
512,Salvatore
513,Sandy
514,Son
515,Stuart
516,Tim
517,Waldo
518,Abner
519,Emma
520,Eric
521,Granville
522,Lucian
523,Luis
524,Murphy
525,Norbert
526,Omer
527,Otha
528,Otho
529,Palmer
530,Rodney
531,Sanford
532,Terry
533,Thurman
534,Bertram
535,Connie
536,Davis
537,Eldon
538,Elzie
539,Ethel
540,Hallie
541,Henderson
542,Hezekiah
543,Israel
544,Lenard
545,Lincoln
546,Lonie
547,Micheal
548,Pasquale
549,Roman
550,Rosevelt
551,Sampson
552,Shelby
553,Warner
554,Wm
555,Adolphus
556,Annie
557,Bailey
558,Bernie
559,Bonnie
560,Dana
561,Elie
562,Ezekiel
563,Frances
564,Gabriel
565,Gustav
566,Hamilton
567,Harlan
568,Hector
569,Ivy
570,Lambert
571,Lindsey
572,Mervin
573,Meyer
574,Toney
575,Verne
576,Vernie
577,Wash
578,Abram
579,Admiral
580,Arch
581,Art
582,Bishop
583,Boyce
584,Burl
585,Burt
586,Cicero
587,Doc
588,Ennis
589,Guss
590,Hans
591,Helen
592,Hosea
593,Joesph
594,Justin
595,Nat
596,Noel
597,Norris
598,Odie
599,Rolland
600,Tillman
601,Turner
602,Vivian
603,Albin
604,Artie
605,Cliff
606,Dillard
607,Duncan
608,Eldridge
609,Kelley
610,Lafayette
611,Lawson
612,Levy
613,Linwood
614,Madison
615,Mannie
616,Marie
617,Miguel
618,Ole
619,Parker
620,Randall
621,Thaddeus
622,Wylie
623,Alvie
624,Arlie
625,Armand
626,Aron
627,Bennett
628,Carson
629,Cleve
630,Collins
631,Dalton
632,Elizabeth
633,Elza
634,Everette
635,Gaston
636,Gladys
637,Gust
638,Keith
639,Lamar
640,Leander
641,Margaret
642,Nolan
643,Quincy
644,Rowland
645,Ruth
646,Teddy
647,Tomas
648,Unknown
649,Abel
650,Alec
651,Bradley
652,Cletus
653,Doyle
654,Elsie
655,Emilio
656,Fate
657,Giles
658,Graham
659,Hayes
660,Hazel
661,Hermon
662,Isidore
663,Jason
664,Jewell
665,Jonnie
666,Junior
667,Lindsay
668,Louise
669,Loy
670,Obie
671,Oral
672,Orlando
673,Ossie
674,Pierce
675,Richmond
676,Rollie
677,Valentine
678,Vance
679,Williams
680,Angus
681,Antoine
682,Archibald
683,Burley
684,Casper
685,Curley
686,Dominic
687,Felipe
688,Howell
689,Jule
690,Lillie
691,Miller
692,Monte
693,Olen
694,Reed
695,Thad
696,Theo
697,Walton
698,Wyatt
699,Alden
700,Alma
701,Benton
702,Bradford
703,Casey
704,Denis
705,Denver
706,Edna
707,Effie
708,Eunice
709,Golden
710,Hamp
711,Harland
712,Hershel
713,Hobson
714,Ida
715,Jules
716,Kirby
717,Less
718,Lou
719,Lucien
720,Mildred
721,Morton
722,Myles
723,Price
724,Roderick
725,Rollin
726,Rudy
727,Sheldon
728,Sonny
729,Sydney
730,Talmadge
731,Theadore
732,Tracy
733,Vester
734,Watson
735,Waverly
736,Wayman
737,Weldon
738,West
739,Westley
740,Winfred
741,Winston
742,Worth
743,Alberto
744,Ammon
745,Antone
746,Augustine
747,Avery
748,Beatrice
749,Brooks
750,Butler
751,Carleton
752,Cary
753,Clara
754,Ella
755,Emmit
756,Ernie
757,Evans
758,Fernando
759,Gregory
760,Hollie
761,Hunter
762,Junious
763,Mac
764,Melton
765,Minnie
766,Murry
767,Nellie
768,Ocie
769,Oran
770,Orie
771,Orin
772,Osie
773,Patsy
774,Rafael
775,Ransom
776,Raymon
777,Rocco
778,Rube
779,Santiago
780,Sylvan
781,Vaughn
782,Webb
783,Wheeler
784,Wilton
785,Addison
786,Alfredo
787,Auther
788,Axel
789,Benedict
790,Bessie
791,Brady
792,Buddie
793,Burnett
794,Caleb
795,Christ
796,Conley
797,Damon
798,Duke
799,Earlie
800,Eduardo
801,Elder
802,Ellie
803,Ewell
804,Farris
805,Geo
806,Gerard
807,Gideon
808,Grace
809,Gregorio
810,Guadalupe
811,Hampton
812,Hoyt
813,Ignatius
814,Isom
815,Issac
816,Jodie
817,Jonah
818,Jonathan
819,Jordan
820,Laurie
821,Laverne
822,Leeroy
823,Lemmie
824,Lillian
825,Marcellus
826,Marlin
827,Pierre
828,Rose
829,Royce
830,Stanford
831,Thornton
832,Thurston
833,Tobe
834,Tyler
835,Verner
836,Acie
837,Addie
838,Alvah
839,Barry
840,Bartley
841,Barton
842,Baxter
843,Bee
844,Benito
845,Bernice
846,Blair
847,Buddy
848,Cal
849,Carmen
850,Carmine
851,Clare
852,Claudie
853,Collis
854,Courtney
855,Dell
856,Delmar
857,Eliga
858,Eligah
859,Elwin
860,Estell
861,Eston
862,Foy
863,Frederic
864,French
865,Gale
866,Garnett
867,Godfrey
868,Goebel
869,Gray
870,Harlow
871,Hayden
872,Helmer
873,Hilliard
874,Joy
875,Julious
876,Lemon
877,Len
878,Leopold
879,Lesley
880,Lois
881,Loran
882,Ludwig
883,Luster
884,Mae
885,Melville
886,Moody
887,Norval
888,Omar
889,Orrin
890,Pleas
891,Reese
892,Rene
893,Rolla
894,Rossie
895,Sanders
896,Seward
897,Seymour
898,Sullivan
899,Tallie
900,Urban
901,Wong
902,Alfonzo
903,Allison
904,Alois
905,Alvis
906,Arlo
907,Artis
908,Arvid
909,Barnie
910,Bart
911,Brown
912,Callie
913,Cameron
914,Casimer
915,Cloyd
916,Collin
917,Colonel
918,Craig
919,Darrell
920,Delmer
921,Eddy
922,Edith
923,Elige
924,Elliot
925,Enos
926,Enrique
927,Erich
928,Ernst
929,Evert
930,Fabian
931,Ferris
932,Fitzhugh
933,Gail
934,Gary
935,Gorge
936,Harvie
937,Hester
938,Hosie
939,Hudson
940,Irene
941,Jennie
942,June
943,Lauren
944,Lupe
945,Martha
946,Mathias
947,Mearl
948,Milburn
949,Newell
950,Newt
951,Nora
952,Oswald
953,Ozie
954,Paris
955,Pinkney
956,Pleasant
957,Rush
958,Salvador
959,Santos
960,Schuyler
961,Shedrick
962,Shelley
963,Shellie
964,Spurgeon
965,Wellington
966,Wilfrid
967,Zollie
968,Ace
969,Adolf
970,Agnes
971,Alf
972,Alice
973,Almon
974,Arley
975,Arturo
976,Arvel
977,Beverly
978,Brice
979,Byrd
980,Ceasar
981,Cora
982,Doctor
983,Donovan
984,Dorothy
985,Drew
986,Elden
987,Elvis
988,Ephraim
989,Essie
990,Eva
991,Felton
992,Finley
993,Fleming
994,Gaylord
995,Gerhard
996,Gertrude
997,Heber
998,Hillard
999,Holly
1000,Hughie
