Rank,Name
1,Mary
2,Helen
3,Anna
4,Margaret
5,Ruth
6,Elizabeth
7,Florence
8,Ethel
9,Marie
10,Lillian
11,Annie
12,Edna
13,Emma
14,Alice
15,Bessie
16,Bertha
17,Grace
18,Rose
19,Clara
20,Mildred
21,Gladys
22,Minnie
23,Gertrude
24,Pearl
25,Mabel
26,Frances
27,Dorothy
28,Martha
29,Hazel
30,Ida
31,Irene
32,Myrtle
33,Eva
34,Catherine
35,Louise
36,Edith
37,Sarah
38,Elsie
39,Esther
40,Lillie
41,Agnes
42,Ella
43,Nellie
44,Mattie
45,Laura
46,Julia
47,Josephine
48,Carrie
49,Viola
50,Hattie
51,Ruby
52,Lena
53,Jessie
54,Mae
55,Cora
56,Beatrice
57,Alma
58,Willie
59,Mamie
60,Blanche
61,Lucy
62,Fannie
63,Lula
64,Jennie
65,Katherine
66,Marion
67,Lucille
68,Stella
69,Rosa
70,Evelyn
71,Pauline
72,Ada
73,Thelma
74,Virginia
75,Maggie
76,Vera
77,Maude
78,Beulah
79,Dora
80,Susie
81,Daisy
82,Ellen
83,Nora
84,Sadie
85,Leona
86,Marguerite
87,Georgia
88,Eleanor
89,Effie
90,Della
91,May
92,Ann
93,Kathryn
94,Nettie
95,Olive
96,Bernice
97,Lottie
98,Sallie
99,Nancy
100,Betty
101,Hilda
102,Theresa
103,Lizzie
104,Lydia
105,Emily
106,Flora
107,Katie
108,Anne
109,Violet
110,Charlotte
111,Marjorie
112,Inez
113,Ollie
114,Lola
115,Lois
116,Rosie
117,Doris
118,Estelle
119,Addie
120,Alberta
121,Loretta
122,Lela
123,Etta
124,Mable
125,Eunice
126,Rebecca
127,Goldie
128,Jane
129,Essie
130,Henrietta
131,Iva
132,Jean
133,Ora
134,Harriet
135,Caroline
136,Nannie
137,Sylvia
138,Eula
139,Mollie
140,Opal
141,Velma
142,Genevieve
143,Verna
144,Susan
145,Marian
146,Amelia
147,Lucile
148,Victoria
149,Madeline
150,Maria
151,Christine
152,Vivian
153,Rachel
154,Amanda
155,Nina
156,Olga
157,Sara
158,Flossie
159,Estella
160,Ola
161,Matilda
162,Barbara
163,Sophie
164,Alta
165,Amy
166,Eliza
167,Janie
168,Irma
169,Hannah
170,Freda
171,Kathleen
172,Geneva
173,Celia
174,Norma
175,Callie
176,Naomi
177,Winifred
178,Elva
179,Frieda
180,Kate
181,Belle
182,Ina
183,Sally
184,Allie
185,Isabel
186,Maud
187,Wilma
188,Erma
189,Juanita
190,Winnie
191,Lila
192,Luella
193,Fern
194,Josie
195,Cecelia
196,Virgie
197,Sophia
198,Nell
199,Cecilia
200,Augusta
201,Selma
202,Adeline
203,Gussie
204,Leola
205,Rena
206,Jeanette
207,Delia
208,Mayme
209,Millie
210,Isabelle
211,Muriel
212,Bonnie
213,Veronica
214,Miriam
215,Roxie
216,Lelia
217,Margie
218,Dollie
219,Birdie
220,Teresa
221,Bertie
222,Regina
223,Tillie
224,Cornelia
225,Roberta
226,Cleo
227,Audrey
228,Lulu
229,Faye
230,Adele
231,Carolyn
232,Madge
233,Adelaide
234,Hester
235,Elma
236,Elnora
237,Letha
238,Jewell
239,Leila
240,Lorena
241,Ila
242,Anita
243,Lessie
244,Lora
245,Maudie
246,Cecile
247,Zella
248,Fay
249,Jeannette
250,Bettie
251,Olivia
252,Leah
253,Johnnie
254,Myra
255,Jewel
256,Rita
257,Francis
258,Gracie
259,Hallie
260,Neva
261,Sue
262,Claire
263,Dovie
264,Lilly
265,Lenora
266,Rhoda
267,Harriett
268,Ophelia
269,Geraldine
270,Johanna
271,Louisa
272,Lettie
273,Katharine
274,Dorothea
275,Lou
276,Pearlie
277,Helene
278,Lee
279,Elvira
280,Bess
281,Angeline
282,Antoinette
283,Christina
284,Hettie
285,Nona
286,Rosetta
287,Zelma
288,Cecil
289,Nola
290,Isabella
291,June
292,Lily
293,Claudia
294,Dessie
295,Linda
296,Marcella
297,Phyllis
298,Lucinda
299,Corinne
300,Rosalie
301,Edythe
302,Lorraine
303,Gertie
304,Oma
305,Reba
306,Alvina
307,Angelina
308,Erna
309,Wilhelmina
310,Annette
311,Blanch
312,Clarice
313,Linnie
314,Mathilda
315,Merle
316,Abbie
317,Constance
318,Eugenia
319,Helena
320,Vesta
321,Louella
322,Hulda
323,Priscilla
324,Shirley
325,Corine
326,Janet
327,Angela
328,Eloise
329,Mittie
330,Golda
331,Jannie
332,Catharine
333,Lorene
334,Lona
335,Elsa
336,Minerva
337,Leota
338,Zora
339,Jimmie
340,Meta
341,Dolly
342,Orpha
343,Rosella
344,Tessie
345,Wanda
346,Eddie
347,Ernestine
348,Leta
349,Evie
350,Isabell
351,Mina
352,Carmen
353,Dolores
354,Maybelle
355,Nelle
356,Odessa
357,Pansy
358,Yvonne
359,Artie
360,Cynthia
361,Lura
362,Patricia
363,Fanny
364,Georgie
365,Aline
366,Cassie
367,Eileen
368,Floy
369,Willa
370,Iona
371,Lauretta
372,Lenore
373,Malinda
374,Vida
375,Cordelia
376,Donna
377,Mazie
378,Alpha
379,Polly
380,Peggy
381,Billie
382,Elise
383,Ivy
384,Jeanne
385,Mandy
386,Ona
387,Era
388,Annabelle
389,Bella
390,Chloe
391,Ester
392,Frankie
393,Iola
394,Leora
395,Phoebe
396,Zula
397,Carol
398,Una
399,Angie
400,Mona
401,Verda
402,Evangeline
403,Ione
404,Maxine
405,Myrtie
406,Rae
407,Aileen
408,Alva
409,Leatha
410,Leone
411,Molly
412,Natalie
413,Ocie
414,Queen
415,Aurelia
416,Estell
417,Agatha
418,Ava
419,Clyde
420,Ellie
421,Lina
422,Sybil
423,Bell
424,Clare
425,Sudie
426,Iris
427,Belva
428,Vada
429,Hortense
430,Idella
431,Beryl
432,Connie
433,Florine
434,Imogene
435,Joyce
436,Vina
437,Emilie
438,Madeleine
439,Reva
440,Avis
441,Carmela
442,Florida
443,Joan
444,Lilla
445,Lovie
446,Marietta
447,Pinkie
448,Tommie
449,Corrine
450,Esta
451,Judith
452,Pearle
453,Berta
454,Gretchen
455,Lida
456,Mabelle
457,Claudie
458,Dixie
459,Donnie
460,Elisabeth
461,Lue
462,Octavia
463,Dena
464,Nan
465,Savannah
466,Tina
467,Tressie
468,Antonia
469,Elda
470,Elinor
471,Lavina
472,Lennie
473,Pattie
474,Veda
475,Ferne
476,Rhea
477,Tennie
478,Adelia
479,Elaine
480,Ira
481,Adell
482,Albina
483,Celeste
484,Ludie
485,Margret
486,Mercedes
487,Patsy
488,Tena
489,Easter
490,Emmie
491,Maurine
492,Wilda
493,Zola
494,Arlene
495,Bernadette
496,Camille
497,Paula
498,Robbie
499,Dona
500,Georgiana
501,Harriette
502,John
503,Zelda
504,Alyce
505,Elna
506,Glenna
507,Melvina
508,Rilla
509,Charity
510,Kattie
511,Lyda
512,Melba
513,Rachael
514,William
515,Zona
516,Julie
517,Magnolia
518,Vinnie
519,Loraine
520,Lucia
521,Luvenia
522,Marvel
523,Rowena
524,Bennie
525,Eleanora
526,James
527,Lavinia
528,Manuela
529,Nadine
530,Ursula
531,Bridget
532,Camilla
533,Carolina
534,Cordie
535,Leonora
536,Melissa
537,Petra
538,Retta
539,Rosemary
540,Vallie
541,Vernie
542,Winnifred
543,Evalyn
544,George
545,Guadalupe
546,Jenny
547,Jettie
548,Kitty
549,Laverne
550,Madelyn
551,Mallie
552,Minna
553,Monica
554,Myrtis
555,Vergie
556,Adela
557,Allene
558,Clemmie
559,Emilia
560,Francisca
561,Gloria
562,Hilma
563,Madie
564,Mammie
565,Margery
566,Philomena
567,Adah
568,Annabel
569,Bernadine
570,Eleanore
571,Gwendolyn
572,Janice
573,Joanna
574,Lonie
575,Vena
576,Annis
577,Arvilla
578,Beaulah
579,Berniece
580,Bulah
581,Delphia
582,Delphine
583,Eda
584,Elenora
585,Ima
586,Marcia
587,Maye
588,Sadye
589,Alda
590,Althea
591,Arline
592,Bobbie
593,Eve
594,Freddie
595,Hope
596,Johnie
597,Margarita
598,Mellie
599,Novella
600,Queenie
601,Ray
602,Sibyl
603,Susanna
604,Viva
605,Icie
606,Inga
607,Juana
608,Katheryn
609,Kittie
610,Mertie
611,Adella
612,Anastasia
613,Birtha
614,Elmira
615,Eura
616,Faith
617,Joe
618,Lelah
619,Lonnie
620,Meda
621,Rubie
622,Sophronia
623,Valeria
624,Altha
625,Greta
626,Justine
627,Magdalena
628,Magdalene
629,Maxie
630,Maybell
631,Ossie
632,Reta
633,Verdie
634,Albertine
635,Etha
636,Exie
637,Osie
638,Serena
639,Almeda
640,Bethel
641,Celestine
642,Elvera
643,Ettie
644,Grayce
645,Hildegarde
646,Leslie
647,Letitia
648,Lilian
649,Lorine
650,Lorna
651,Luna
652,Malissa
653,Myrna
654,Veva
655,Yetta
656,Albertha
657,Berenice
658,Beth
659,Clementine
660,Diana
661,Ethelyn
662,Ethyl
663,Garnet
664,Kathrine
665,Lea
666,Louvenia
667,Margarette
668,Mariah
669,Nita
670,Nova
671,Odell
672,Onie
673,Ramona
674,Roma
675,Rosia
676,Charles
677,Enid
678,Florrie
679,Freida
680,Gail
681,Lucie
682,Lucretia
683,Madaline
684,Odie
685,Prudence
686,Sena
687,Signe
688,Amalia
689,Audie
690,Cathrine
691,Charlie
692,Crystal
693,Delma
694,Georgianna
695,Joy
696,Millicent
697,Monnie
698,Nelda
699,Rosalia
700,Rossie
701,Samantha
702,Selina
703,Sula
704,Velva
705,Aggie
706,Alida
707,Deborah
708,Elvie
709,Eulah
710,Gene
711,Golden
712,Hassie
713,Idell
714,Kay
715,Lenna
716,Liza
717,Lossie
718,Marjory
719,Neta
720,Ouida
721,Portia
722,Therese
723,Treva
724,Zoe
725,Aletha
726,Ara
727,Audra
728,Carmella
729,Edwina
730,Elfrieda
731,Emelia
732,Emmer
733,Euna
734,Filomena
735,Henry
736,Kathryne
737,Lady
738,Lala
739,Loma
740,Myrl
741,Zada
742,Amie
743,Augustine
744,Berdie
745,Betsy
746,Corrie
747,Dinah
748,Dorthy
749,Elizebeth
750,Fairy
751,Hertha
752,Ines
753,Jo
754,Mathilde
755,Missouri
756,Robert
757,Rosalee
758,Stephanie
759,Theodora
760,Alene
761,Arrie
762,Cordia
763,Corene
764,Ebba
765,Elena
766,Eugenie
767,Hazle
768,Hildegard
769,Huldah
770,Jessica
771,Libbie
772,Melva
773,Nevada
774,Retha
775,Rosina
776,Rubye
777,Sidney
778,Thora
779,Trudie
780,Alfreda
781,Arlie
782,Delpha
783,Docia
784,Dottie
785,Eldora
786,Emeline
787,Hanna
788,Hessie
789,Leda
790,Leontine
791,Libby
792,Manda
793,Norine
794,Oda
795,Phebe
796,Sammie
797,Tempie
798,Theo
799,Vella
800,Verla
801,Verona
802,Versie
803,Adrienne
804,Ammie
805,Annetta
806,Aurora
807,Clora
808,Delilah
809,Dellar
810,Delta
811,Elberta
812,Elisa
813,Ether
814,Frona
815,Garnett
816,Gena
817,Josefina
818,Louie
819,Macie
820,Margarett
821,Martina
822,Mossie
823,Myrle
824,Myrtice
825,Nonie
826,Ressie
827,Ruthie
828,Tilda
829,Tressa
830,Valerie
831,Verlie
832,Zena
833,Ardella
834,Arie
835,Besse
836,Clarissa
837,Concetta
838,Dana
839,Elta
840,Felicia
841,Glenn
842,Hildred
843,Jacqueline
844,Jamie
845,Josiephine
846,Juliette
847,Lavada
848,Lelar
849,Leonore
850,Lutie
851,Maryann
852,Melinda
853,Mettie
854,Rosalind
855,Sabina
856,Selena
857,Vernice
858,Zadie
859,Zita
860,Adelina
861,Almira
862,Aurore
863,Berneice
864,Carmel
865,Delores
866,Dorris
867,Eloisa
868,Enola
869,Eulalia
870,Fleta
871,Frank
872,Goldia
873,Janette
874,Josefa
875,Leanna
876,Marry
877,Mavis
878,Ottie
879,Pollie
880,Reatha
881,Rosanna
882,Tomasa
883,Violette
884,Zettie
885,Adaline
886,Adelle
887,Alicia
888,Ana
889,Carmelita
890,Christena
891,Dell
892,Earline
893,Elmer
894,Gay
895,Hedwig
896,Helga
897,Hellen
898,Henriette
899,Hermina
900,Hildur
901,India
902,Isa
903,Kizzie
904,Leonia
905,Lera
906,Lovina
907,Lupe
908,Magdalen
909,Maymie
910,Mozelle
911,Norah
912,Ova
913,Ozella
914,Palma
915,Rosamond
916,Winona
917,Aleen
918,Almeta
919,Annabell
920,Antonette
921,Arlena
922,Arthur
923,Cara
924,Cathryn
925,Classie
926,Daphne
927,Edyth
928,Evelina
929,Katy
930,Leo
931,Lilyan
932,Loretto
933,Mahala
934,Margaretta
935,Neoma
936,Odelia
937,Olevia
938,Otelia
939,Sofia
940,Zetta
941,Adline
942,Aimee
943,Atha
944,Beula
945,Concepcion
946,Dale
947,Dessa
948,Electa
949,Florance
950,Freeda
951,Henretta
952,Icy
953,Jonnie
954,Juliet
955,Lacy
956,Lannie
957,Lockie
958,Marianna
959,Nena
960,Paralee
961,Salome
962,Theda
963,Thomas
964,Twila
965,Vassie
966,Vernon
967,Vertie
968,Vira
969,Virgil
970,Alvira
971,Amber
972,America
973,Angelita
974,Bina
975,Bula
976,Caldonia
977,Celesta
978,Christie
979,Clella
980,Clifford
981,Dicie
982,Dorcas
983,Dortha
984,Dulcie
985,Ellar
986,Elvina
987,Ena
988,Erie
989,Evaline
990,Eveline
991,Fae
992,Isadora
993,Ivory
994,Jaunita
995,Jerry
996,Jossie
997,Lexie
998,Luvinia
999,Macy
1000,Malvina
