Rank,Name
1,Mary
2,Anna
3,Helen
4,Margaret
5,Ruth
6,Ethel
7,Elizabeth
8,Florence
9,Marie
10,Emma
11,Lillian
12,Alice
13,Edna
14,Clara
15,Bertha
16,Minnie
17,Grace
18,Bessie
19,Annie
20,Rose
21,Mabel
22,Hazel
23,Gertrude
24,Ida
25,Pearl
26,Martha
27,Esther
28,Frances
29,Edith
30,Myrtle
31,Elsie
32,Eva
33,Gladys
34,Nellie
35,Sarah
36,Ella
37,Laura
38,Agnes
39,Mildred
40,Catherine
41,Irene
42,Louise
43,Lillie
44,Julia
45,Carrie
46,Dorothy
47,Hattie
48,Lena
49,Mattie
50,Josephine
51,Alma
52,Cora
53,Jennie
54,Blanche
55,Mae
56,Maude
57,Jessie
58,Mamie
59,Lucy
60,Stella
61,Katherine
62,Viola
63,Ada
64,Lula
65,Fannie
66,Ruby
67,Marion
68,Dora
69,Maggie
70,Beatrice
71,Nora
72,Sadie
73,Ellen
74,Rosa
75,Pauline
76,Willie
77,Beulah
78,Marguerite
79,Susie
80,Effie
81,Vera
82,May
83,Daisy
84,Evelyn
85,Della
86,Lucille
87,Nettie
88,Kathryn
89,Virginia
90,Olive
91,Lydia
92,Lottie
93,Georgia
94,Leona
95,Hilda
96,Emily
97,Flora
98,Nancy
99,Katie
100,Lizzie
101,Sallie
102,Eleanor
103,Charlotte
104,Bernice
105,Ann
106,Addie
107,Etta
108,Theresa
109,Lola
110,Caroline
111,Harriet
112,Iva
113,Lela
114,Anne
115,Jane
116,Henrietta
117,Ollie
118,Ora
119,Nannie
120,Inez
121,Estelle
122,Loretta
123,Lois
124,Marjorie
125,Goldie
126,Essie
127,Mollie
128,Rebecca
129,Amanda
130,Mable
131,Amelia
132,Eula
133,Estella
134,Olga
135,Violet
136,Eunice
137,Rachel
138,Susan
139,Betty
140,Sylvia
141,Frieda
142,Matilda
143,Sara
144,Verna
145,Barbara
146,Hannah
147,Amy
148,Nina
149,Flossie
150,Rosie
151,Maria
152,Doris
153,Genevieve
154,Kate
155,Alta
156,Lucile
157,Maud
158,Victoria
159,Madeline
160,Sophia
161,Christine
162,Ola
163,Naomi
164,Marian
165,Augusta
166,Irma
167,Eliza
168,Thelma
169,Kathleen
170,Alberta
171,Celia
172,Sophie
173,Jean
174,Velma
175,Freda
176,Belle
177,Ina
178,Selma
179,Isabel
180,Luella
181,Lulu
182,Josie
183,Vivian
184,Janie
185,Allie
186,Fern
187,Nell
188,Millie
189,Callie
190,Winifred
191,Virgie
192,Teresa
193,Winnie
194,Rena
195,Lila
196,Elva
197,Geneva
198,Norma
199,Erma
200,Cecelia
201,Delia
202,Tillie
203,Adeline
204,Mayme
205,Opal
206,Sally
207,Bertie
208,Isabelle
209,Lora
210,Jeanette
211,Leah
212,Miriam
213,Cecilia
214,Dollie
215,Gussie
216,Juanita
217,Bonnie
218,Birdie
219,Elma
220,Myra
221,Johanna
222,Lelia
223,Adele
224,Bess
225,Katharine
226,Hester
227,Carolyn
228,Leila
229,Regina
230,Veronica
231,Cecile
232,Muriel
233,Leola
234,Anita
235,Louisa
236,Jeannette
237,Cleo
238,Hallie
239,Lenora
240,Faye
241,Maudie
242,Roxie
243,Harriett
244,Hettie
245,Adelaide
246,Cornelia
247,Lou
248,Margie
249,Rhoda
250,Zella
251,Elsa
252,Hulda
253,Letha
254,Ila
255,Bettie
256,Lucinda
257,Meta
258,Abbie
259,Lilly
260,Mathilda
261,Sue
262,Lessie
263,Gertie
264,Christina
265,Helena
266,Lorena
267,Alvina
268,Elvira
269,Francis
270,Olivia
271,Roberta
272,Neva
273,Madge
274,Reba
275,Rita
276,Audrey
277,Cecil
278,Dessie
279,Fanny
280,Nola
281,Fay
282,Mina
283,Claire
284,Elnora
285,Phoebe
286,Wilma
287,Linda
288,Wilhelmina
289,Corinne
290,Janet
291,Helene
292,Lily
293,Eugenia
294,Catharine
295,Lettie
296,Minerva
297,Oma
298,Leota
299,Rosalie
300,Cassie
301,Lura
302,Gracie
303,Mittie
304,Claudia
305,Antoinette
306,Pearlie
307,Edythe
308,Johnnie
309,Nelle
310,Angeline
311,Isabella
312,Dovie
313,Geraldine
314,Merle
315,Erna
316,Clarice
317,Golda
318,Myrtie
319,Artie
320,Dorothea
321,Alpha
322,June
323,Zelma
324,Linnie
325,Vida
326,Annette
327,Louella
328,Marcella
329,Ophelia
330,Pansy
331,Ivy
332,Eloise
333,Rosetta
334,Alva
335,Jewell
336,Leta
337,Constance
338,Emilie
339,Nona
340,Angelina
341,Lee
342,Lida
343,Lona
344,Priscilla
345,Vada
346,Zora
347,Aline
348,Floy
349,Blanch
350,Phyllis
351,Evie
352,Mazie
353,Polly
354,Tessie
355,Maybelle
356,Orpha
357,Willa
358,Lenore
359,Lina
360,Jimmie
361,Verda
362,Zula
363,Ione
364,Vesta
365,Cynthia
366,Dolly
367,Ona
368,Rae
369,Lauretta
370,Angela
371,Angie
372,Lyda
373,Frankie
374,Isabell
375,Jewel
376,Wanda
377,Ernestine
378,Iona
379,Jannie
380,Mona
381,Nan
382,Rhea
383,Lilla
384,Shirley
385,Era
386,Georgie
387,Chloe
388,Clare
389,Mandy
390,Ocie
391,Vina
392,Antonia
393,Ellie
394,Malinda
395,Sudie
396,Bell
397,Cordelia
398,Idella
399,Lovie
400,Pearle
401,Tina
402,Una
403,Agatha
404,Clyde
405,Dena
406,Eddie
407,Elisabeth
408,John
409,Bernadette
410,Hortense
411,Iola
412,Iris
413,Jeanne
414,Leora
415,Molly
416,Octavia
417,Carmen
418,Emmie
419,Madeleine
420,Eda
421,Paula
422,Rosella
423,Zola
424,Adah
425,Eileen
426,Elda
427,Elise
428,Beryl
429,Florida
430,Georgiana
431,Lorraine
432,Odessa
433,Peggy
434,Annabelle
435,Connie
436,Corine
437,Lennie
438,Lorene
439,William
440,Albina
441,Bella
442,Ester
443,Glenna
444,Leone
445,Margery
446,Marietta
447,Rowena
448,Aurelia
449,Mabelle
450,Magdalena
451,Reta
452,Vernie
453,Avis
454,Billie
455,Leatha
456,Pattie
457,Dixie
458,Donna
459,Gretchen
460,Melvina
461,Pinkie
462,Charity
463,Dolores
464,Easter
465,Ethyl
466,Margret
467,Ava
468,Cordie
469,Elaine
470,Elmira
471,Hanna
472,Hilma
473,Inga
474,Judith
475,Tena
476,Tennie
477,Zona
478,Aileen
479,Esta
480,Joanna
481,Joyce
482,Lilian
483,Ludie
484,Patricia
485,Veda
486,Wilda
487,Althea
488,Anastasia
489,Bridget
490,Carol
491,Clemmie
492,Corrine
493,Gail
494,Hedwig
495,Leonora
496,Monica
497,Susanna
498,Zoe
499,Adelia
500,Dona
501,Kitty
502,Natalie
503,Ray
504,Alida
505,Almeda
506,Belva
507,Elinor
508,Enid
509,Imogene
510,Lucia
511,Philomena
512,Rosina
513,Viva
514,Altha
515,Annabel
516,Arlene
517,Arline
518,Berta
519,Carmela
520,Eleanora
521,Ettie
522,Ferne
523,Julie
524,Melba
525,Petra
526,Tressa
527,Verdie
528,George
529,Harriette
530,Lavina
531,Lue
532,Mallie
533,Minna
534,Reva
535,Sadye
536,Tommie
537,Vinnie
538,Eleanore
539,Estell
540,Ira
541,Joan
542,Letitia
543,Lucretia
544,Nita
545,Retta
546,Robbie
547,Savannah
548,Sybil
549,Ursula
550,Vena
551,Winnifred
552,Zelda
553,Alfreda
554,Cathryn
555,Celeste
556,Delphia
557,Diana
558,Evangeline
559,Freddie
560,Hope
561,Loraine
562,Melissa
563,Mertie
564,Vallie
565,Berenice
566,Beth
567,Camilla
568,Cordia
569,Garnet
570,Jenny
571,Kittie
572,Lavinia
573,Lonie
574,Magdalene
575,Vergie
576,Adela
577,Allene
578,Carolina
579,Corrie
580,Ethelyn
581,Eulalia
582,Evalyn
583,Florine
584,Freida
585,Georgianna
586,Icie
587,James
588,Jettie
589,Kattie
590,Queen
591,Rilla
592,Robert
593,Serena
594,Albertine
595,Camille
596,Eugenie
597,Eve
598,Faith
599,Florrie
600,India
601,Leslie
602,Liza
603,Luna
604,Malvina
605,Marcia
606,Marvel
607,Queenie
608,Ramona
609,Rosanna
610,Aurora
611,Concetta
612,Elenora
613,Idell
614,Ima
615,Laverne
616,Lenna
617,Lucie
618,Madelyn
619,Mercedes
620,Yetta
621,Elena
622,Elizebeth
623,Guadalupe
624,Hassie
625,Helga
626,Hertha
627,Magnolia
628,Malissa
629,Meda
630,Missouri
631,Sibyl
632,Tressie
633,Winona
634,Yvonne
635,Annetta
636,Audra
637,Bennie
638,Bulah
639,Claudie
640,Donnie
641,Edwina
642,Emelia
643,Emilia
644,Gwendolyn
645,Joseph
646,Marjory
647,Nova
648,Ruthie
649,Signe
650,Theo
651,Adaline
652,Aimee
653,Alda
654,Celestine
655,Clarissa
656,Clementine
657,Coral
658,Elfrieda
659,Elvina
660,Lea
661,Lelah
662,Libbie
663,Louie
664,Manda
665,Mariah
666,Neta
667,Oda
668,Onie
669,Patsy
670,Adelina
671,Arrie
672,Donie
673,Emmer
674,Juliet
675,Leo
676,Libby
677,Liddie
678,Madaline
679,Madie
680,Margarita
681,Mathilde
682,Maye
683,Mettie
684,Rubie
685,Sula
686,Valeria
687,Verona
688,Ara
689,Berniece
690,Christena
691,Fairy
692,Glennie
693,Hildegard
694,Josefa
695,Kathrine
696,Lavada
697,Louvenia
698,Luvenia
699,Mellie
700,Myrtice
701,Myrtis
702,Novella
703,Sophronia
704,Theodora
705,Veva
706,Vira
707,Annis
708,Aurore
709,Crystal
710,Dottie
711,Elvie
712,Emeline
713,Greta
714,Hessie
715,Jo
716,Justine
717,Kizzie
718,Lexie
719,Lorna
720,Maybell
721,Myrta
722,Nadine
723,Ouida
724,Retha
725,Rosia
726,Rossie
727,Wilhelmine
728,Aletha
729,Buelah
730,Clora
731,Consuelo
732,Delta
733,Edyth
734,Etha
735,Exie
736,Gene
737,Hildegarde
738,Isa
739,Kathryne
740,Leda
741,Lutie
742,Macie
743,Martina
744,Maymie
745,Myrle
746,Ottie
747,Phebe
748,Rachael
749,Ressie
750,Rosalind
751,Rubye
752,Tilda
753,Vernice
754,Adella
755,Amalia
756,Andrea
757,Ardella
758,Arizona
759,Augustine
760,Birtha
761,Cathrine
762,Daisey
763,Deborah
764,Delilah
765,Delma
766,Delpha
767,Docia
768,Electa
769,Eulah
770,Euna
771,Grayce
772,Hellen
773,Hermina
774,Huldah
775,Joy
776,Loretto
777,Magdalen
778,Manuela
779,Maxie
780,Metta
781,Norah
782,Odelia
783,Rosalee
784,Rosemary
785,Samantha
786,Sena
787,Sidney
788,Tempie
789,Zetta
790,Amber
791,Audie
792,Bernadine
793,Dell
794,Delphine
795,Dorris
796,Dulcie
797,Erie
798,Frank
799,Golden
800,Hazle
801,Icy
802,Lala
803,Loma
804,Mahala
805,Maurine
806,Melva
807,Odie
808,Ossie
809,Prudence
810,Selina
811,Theresia
812,Vassie
813,Albertha
814,America
815,Arvilla
816,Birtie
817,Bobbie
818,Corene
819,Elta
820,Freeda
821,Gay
822,Gillie
823,Goldia
824,Hazelle
825,Hildur
826,Ivie
827,Izora
828,Leanna
829,Margaretta
830,Margarette
831,Millicent
832,Myrl
833,Nanie
834,Osie
835,Rosalia
836,Rosamond
837,Sammie
838,Therese
839,Treva
840,Vella
841,Versie
842,Vertie
843,Abigail
844,Adell
845,Arie
846,Cherry
847,Daphne
848,Dicie
849,Ebba
850,Flo
851,Fred
852,Frona
853,Gena
854,Henriette
855,Ivah
856,Jeanie
857,Jesse
858,Jonnie
859,Lera
860,Letta
861,Lyla
862,Margarete
863,Minta
864,Myrna
865,Ova
866,Paulina
867,Sabina
868,Verlie
869,Vernon
870,Violette
871,Zada
872,Amie
873,Angelita
874,Bethel
875,Betsy
876,Charlie
877,Delfina
878,Dorcas
879,Eura
880,Evelina
881,Filomena
882,Fleta
883,Georgina
884,Henry
885,Juliette
886,Justina
887,Lassie
888,Lella
889,Lossie
890,Maxine
891,Melinda
892,Mintie
893,Mossie
894,Mozelle
895,Nella
896,Odile
897,Parthenia
898,Roma
899,Tiny
900,Tracy
901,Vessie
902,Zita
903,Alvena
904,Alyce
905,Beula
906,Buena
907,Carmella
908,Claribel
909,Claudine
910,Cleta
911,Dana
912,Dinah
913,Earl
914,Elisa
915,Elna
916,Eudora
917,Fae
918,Francisca
919,Frederica
920,Fronie
921,Glenn
922,Hermine
923,Jodie
924,Johnie
925,Jossie
926,Katheryn
927,Kay
928,Lacy
929,Leonie
930,Leonore
931,Lollie
932,Lovina
933,Luetta
934,Lular
935,Mammie
936,Milda
937,Naoma
938,Nena
939,Odell
940,Orrie
941,Ottilie
942,Selena
943,Stephanie
944,Thora
945,Tinnie
946,Twila
947,Vannie
948,Velda
949,Venus
950,Adda
951,Aggie
952,Albertina
953,Alicia
954,Almira
955,Ana
956,Anastacia
957,Arlie
958,Beaulah
959,Berdie
960,Bernetta
961,Besse
962,Bula
963,Cammie
964,Carlotta
965,Clifford
966,Corda
967,Debbie
968,Dillie
969,Eulalie
970,Fleda
971,Florance
972,Hildred
973,Ivory
974,Jennette
975,Joe
976,Juana
977,Juliana
978,Laurie
979,Lavenia
980,Leontine
981,Lillia
982,Lota
983,Louetta
984,Mignon
985,Nealie
986,Neoma
987,Norine
988,Oral
989,Ottilia
990,Pollie
991,Sister
992,Trudie
993,Vashti
994,Verla
995,Vicie
996,Virgia
997,Virgil
998,Willia
999,Altie
1000,Ammie
