Rank,Name
1,Robert
2,John
3,James
4,William
5,Charles
6,Richard
7,George
8,Donald
9,Joseph
10,Edward
11,Thomas
12,Frank
13,Paul
14,Harold
15,Raymond
16,Jack
17,Walter
18,Kenneth
19,Henry
20,Eugene
21,David
22,Arthur
23,Albert
24,Ralph
25,Harry
26,Carl
27,Willie
28,Howard
29,Louis
30,Joe
31,Billy
32,Clarence
33,Earl
34,Roy
35,Fred
36,Francis
37,Lawrence
38,Gerald
39,Norman
40,Leonard
41,Ernest
42,Herbert
43,Anthony
44,Stanley
45,Alfred
46,Daniel
47,Marvin
48,Melvin
49,Samuel
50,Bernard
51,Leroy
52,Michael
53,Floyd
54,Russell
55,Leo
56,Andrew
57,Edwin
58,Lloyd
59,Peter
60,Ray
61,Elmer
62,Theodore
63,Ronald
64,Frederick
65,Clifford
66,Alvin
67,Wayne
68,Clyde
69,Bill
70,Herman
71,Vernon
72,Gene
73,Calvin
74,Gordon
75,Philip
76,Glenn
77,Vincent
78,Leon
79,Warren
80,Charlie
81,Dale
82,Lewis
83,Lester
84,Chester
85,Roger
86,Lee
87,Martin
88,Milton
89,Jesse
90,Don
91,Bobby
92,Cecil
93,Jerry
94,Harvey
95,Allen
96,Wallace
97,Arnold
98,Victor
99,Gilbert
100,Bob
101,Benjamin
102,Sam
103,Eddie
104,Douglas
105,Johnnie
106,Willard
107,Edgar
108,Jimmie
109,Roland
110,Rudolph
111,Jerome
112,Jose
113,Oscar
114,Claude
115,Glen
116,Manuel
117,Marion
118,Curtis
119,Junior
120,Everett
121,Virgil
122,Maurice
123,Jessie
124,Bruce
125,Stephen
126,Leslie
127,Sidney
128,Hubert
129,Homer
130,Wilbur
131,Hugh
132,Johnny
133,Dean
134,Wesley
135,Billie
136,Jim
137,Nicholas
138,Tom
139,Luther
140,Patrick
141,Keith
142,Max
143,Morris
144,Franklin
145,Horace
146,Alexander
147,Duane
148,Earnest
149,Salvatore
150,Willis
151,Lyle
152,Phillip
153,Tony
154,Steve
155,Irving
156,Ben
157,Oliver
158,Jimmy
159,Delbert
160,Edmund
161,Dan
162,Guy
163,Clifton
164,Clayton
165,Dennis
166,Julius
167,Otis
168,Angelo
169,Alex
170,Tommy
171,Jay
172,Orville
173,Jacob
174,Bennie
175,Archie
176,Larry
177,Leland
178,Alan
179,Merle
180,Mike
181,Clinton
182,Ira
183,Matthew
184,Marshall
185,Wilbert
186,Dick
187,Nathaniel
188,Ivan
189,Ervin
190,Ted
191,Alton
192,Juan
193,Lowell
194,Wilfred
195,Jesus
196,Allan
197,Dewey
198,Freddie
199,Lonnie
200,Mark
201,Antonio
202,Carroll
203,Isaac
204,Rufus
205,Elbert
206,Nelson
207,Irvin
208,Myron
209,Eldon
210,Nathan
211,Karl
212,Gerard
213,Wendell
214,Julian
215,Emil
216,Nick
217,Malcolm
218,Sylvester
219,Forrest
220,Johnie
221,Neil
222,Loren
223,Darrell
224,Norbert
225,Loyd
226,Pete
227,Perry
228,Laurence
229,Ellis
230,Bert
231,Ramon
232,Doyle
233,Seymour
234,Felix
235,Fredrick
236,Rodney
237,Troy
238,Owen
239,Mack
240,Aaron
241,Burton
242,Carlos
243,Francisco
244,Elwood
245,Byron
246,Sherman
247,Amos
248,Irwin
249,Percy
250,Grady
251,Rex
252,Murray
253,Otto
254,Bobbie
255,Dominick
256,August
257,Tommie
258,Grover
259,Mario
260,Emmett
261,Jackie
262,Carlton
263,Roosevelt
264,Ruben
265,Dwight
266,Wilson
267,Harley
268,Ross
269,Lynn
270,Reginald
271,Boyd
272,Benny
273,Harlan
274,Laverne
275,Austin
276,Dallas
277,Dominic
278,Adolph
279,Pedro
280,Erwin
281,Morton
282,Abraham
283,Aubrey
284,Elvin
285,Joel
286,Cornelius
287,Adam
288,Merlin
289,Millard
290,Elton
291,Neal
292,Louie
293,Dave
294,Edmond
295,Wade
296,Preston
297,Reuben
298,Conrad
299,Garland
300,Luis
301,Roscoe
302,Sheldon
303,Charley
304,Raul
305,Stuart
306,Rudy
307,Delmar
308,Grant
309,Jasper
310,Maynard
311,Alfonso
312,Woodrow
313,Wilmer
314,Steven
315,Cleo
316,Sammie
317,Rocco
318,Carmen
319,Cleveland
320,Timothy
321,Moses
322,Lionel
323,Thurman
324,Teddy
325,Emanuel
326,Andy
327,Roberto
328,Russel
329,Monroe
330,Odell
331,Will
332,Patsy
333,Mitchell
334,Clark
335,Harrison
336,Elijah
337,Clair
338,Alonzo
339,Pat
340,Christopher
341,Gus
342,Ollie
343,Merrill
344,Kermit
345,Mary
346,Simon
347,Armand
348,Salvador
349,Sanford
350,Marcus
351,Stewart
352,Vito
353,Randolph
354,Lavern
355,Jake
356,Weldon
357,Jess
358,Wilburn
359,Cyril
360,Jean
361,Ned
362,Buddy
363,Clement
364,Norris
365,Travis
366,Earle
367,Hollis
368,Wiley
369,Marlin
370,Levi
371,Basil
372,Royce
373,Gabriel
374,Alva
375,Ed
376,Claud
377,Buford
378,Darwin
379,Shirley
380,Gale
381,Gregory
382,Truman
383,Alfredo
384,Winston
385,Noah
386,Sterling
387,Elmo
388,Lindy
389,Roman
390,Sammy
391,Rolland
392,Wilford
393,Guadalupe
394,Ward
395,Forest
396,Noel
397,Carol
398,Emory
399,Edsel
400,Eli
401,Lamar
402,Armando
403,Adrian
404,Mervin
405,Emery
406,Vern
407,Darrel
408,Randall
409,Carmine
410,Rodolfo
411,Miles
412,Coy
413,Lorenzo
414,Rene
415,Harris
416,Danny
417,Solomon
418,Van
419,Eric
420,Odis
421,Elliott
422,Linwood
423,Orval
424,Bud
425,Herschel
426,Thaddeus
427,Hershel
428,Miguel
429,Rafael
430,Jackson
431,Alphonse
432,Royal
433,Lenard
434,Normand
435,Denver
436,Milford
437,Pasquale
438,Barney
439,Cletus
440,Dudley
441,Jeff
442,Winfred
443,Bruno
444,Hal
445,Fernando
446,Saul
447,Frankie
448,Emerson
449,Elias
450,Wilton
451,Ellsworth
452,Silas
453,Hector
454,Buster
455,Delmer
456,Ulysses
457,Spencer
458,Terry
459,Roderick
460,Bertram
461,Booker
462,Everette
463,Scott
464,Nolan
465,Arturo
466,Freeman
467,Phil
468,Sol
469,Vance
470,Frederic
471,Anton
472,Al
473,Evan
474,Burl
475,Enrique
476,Olen
477,Pablo
478,Riley
479,Augustine
480,Dalton
481,Luke
482,Tomas
483,Omer
484,Ferdinand
485,Arlie
486,Augustus
487,Clay
488,Foster
489,Carrol
490,Elroy
491,Chris
492,Houston
493,Domingo
494,Ricardo
495,Lyman
496,Milo
497,Carlo
498,Alberto
499,Julio
500,Mathew
501,Morgan
502,Hoyt
503,Lucien
504,Major
505,Noble
506,Hobert
507,Mckinley
508,Davis
509,Marcel
510,Nickolas
511,Wilber
512,Alden
513,Dana
514,Emilio
515,Newton
516,Abe
517,Micheal
518,Blaine
519,Columbus
520,Justin
521,Hiram
522,Emile
523,Jeremiah
524,Dewitt
525,Orlando
526,Fletcher
527,Jules
528,Gaylord
529,Merton
530,Raymon
531,Harland
532,Harmon
533,Hugo
534,Kelly
535,Olin
536,Angel
537,Jewel
538,Joesph
539,Lincoln
540,Stanford
541,Felipe
542,Gary
543,Anderson
544,Arden
545,Hyman
546,Jefferson
547,Mose
548,Elden
549,Aloysius
550,Santos
551,Frances
552,Raleigh
553,Dorothy
554,Galen
555,Kent
556,Shelby
557,Waldo
558,Jerald
559,Verne
560,Gail
561,Vaughn
562,Alphonso
563,Ignacio
564,Arther
565,Elwin
566,Domenic
567,Ernesto
568,Lucius
569,Beverly
570,Daryl
571,Isaiah
572,Joshua
573,Lacy
574,Lindbergh
575,Rosario
576,Bernice
577,Coleman
578,Huey
579,Ezra
580,Merlyn
581,Otha
582,Santiago
583,Valentine
584,Christian
585,Haywood
586,Junius
587,Lupe
588,Sydney
589,Ambrose
590,Hilton
591,Isiah
592,Eldridge
593,Ora
594,Reed
595,Rodger
596,Theo
597,Jonathan
598,Mason
599,Rogers
600,Winford
601,Asa
602,Avery
603,Bennett
604,Doris
605,Gilberto
606,Quentin
607,Betty
608,Bryan
609,Carson
610,Andres
611,Casimir
612,Cyrus
613,Jewell
614,Ottis
615,Rupert
616,Sebastian
617,Maxwell
618,Monte
619,Talmadge
620,Benedict
621,Craig
622,Dee
623,Gregorio
624,Kay
625,Kyle
626,Lemuel
627,Oren
628,Rollin
629,Dock
630,Emmitt
631,Felton
632,Guillermo
633,Israel
634,Barry
635,Hobart
636,Palmer
637,Rubin
638,Winfield
639,Alvie
640,Ernie
641,Granville
642,Sherwood
643,Fay
644,Garfield
645,Jason
646,Vicente
647,Bradford
648,Jordan
649,Edd
650,Eldred
651,Elliot
652,Leeroy
653,Benito
654,Graham
655,Judson
656,Napoleon
657,Stanton
658,Theron
659,Albin
660,Alvis
661,Donn
662,Clem
663,Gustave
664,Helen
665,Hermon
666,Rayford
667,Warner
668,Adolfo
669,Aldo
670,Bradley
671,Donnie
672,Ivory
673,Jennings
674,Mickey
675,Ruth
676,Theadore
677,Dorsey
678,Dwayne
679,Elwyn
680,Enoch
681,Lucian
682,Raphael
683,Valentino
684,Alford
685,Bernie
686,Carmelo
687,Hans
688,Isadore
689,Murphy
690,Alejandro
691,Connie
692,Early
693,Elzie
694,Santo
695,Antone
696,Clarance
697,Claudie
698,Domenick
699,Gayle
700,Margaret
701,Dante
702,Carter
703,Eduardo
704,Guido
705,King
706,Oran
707,Sandy
708,Shelton
709,Walton
710,Aron
711,Burt
712,Taylor
713,Donal
714,Kendall
715,Merritt
716,Bonnie
717,Brady
718,Lois
719,Margarito
720,Rudolf
721,Werner
722,General
723,Porter
724,Ruby
725,Shoji
726,Garth
727,Howell
728,Milan
729,Pearl
730,Tracy
731,Walker
732,Abel
733,Benton
734,Bertrand
735,Dexter
736,Edison
737,Elisha
738,Freddy
739,Garrett
740,Mahlon
741,Omar
742,Donovan
743,Joyce
744,Verlin
745,Lawerence
746,Meredith
747,Casper
748,Florian
749,Haskell
750,Leander
751,Lonzo
752,Parker
753,Ramiro
754,Andre
755,Brian
756,Cruz
757,Dempsey
758,Hayward
759,Loyal
760,Meyer
761,Zane
762,Bryant
763,Denis
764,Glendon
765,Virginia
766,Blair
767,Boyce
768,Clare
769,Evert
770,June
771,Kennith
772,Loy
773,Matt
774,Darold
775,Dayton
776,Hardy
777,Mac
778,Rosevelt
779,Virgle
780,Arvid
781,Bryce
782,Cloyd
783,Franklyn
784,Fritz
785,Garnett
786,Allison
787,Carey
788,Carleton
789,Constantine
790,Dillard
791,Giles
792,Jonas
793,Lon
794,Orland
795,Refugio
796,Reid
797,Romeo
798,Verl
799,Angus
800,Beryl
801,Buck
802,Elgin
803,Fernand
804,Prince
805,Denzil
806,Melton
807,Myles
808,Reynaldo
809,Seth
810,Williams
811,Aurelio
812,Dewayne
813,Elmore
814,Fidel
815,Hosea
816,Kevin
817,Lauren
818,Manley
819,Oswald
820,Rowland
821,Vivian
822,Durward
823,Joaquin
824,Laurel
825,Addison
826,Adolphus
827,Agustin
828,Arlo
829,Barton
830,Carlyle
831,Claire
832,Dwain
833,Jon
834,Lawson
835,Logan
836,Lucious
837,Merl
838,Nicolas
839,Vester
840,Americo
841,Elvis
842,Gaetano
843,Hillard
844,Ike
845,Maxie
846,Otho
847,Tim
848,Willian
849,Chauncey
850,Damon
851,Ellwood
852,Ford
853,Henderson
854,Jonnie
855,Joy
856,Newell
857,Terrence
858,Allie
859,Denny
860,Gaston
861,Leonardo
862,Lynwood
863,Madison
864,Pierre
865,Wardell
866,Art
867,Emmet
868,Federico
869,Norval
870,Urban
871,Zack
872,Alois
873,Annie
874,Armond
875,Evans
876,Glynn
877,Gonzalo
878,Ludwig
879,Miller
880,Oral
881,Orrin
882,Waymon
883,Willam
884,Audrey
885,Brooks
886,Issac
887,Jorge
888,Leopoldo
889,Murry
890,Norton
891,Norwood
892,Clearence
893,Ezekiel
894,Llewellyn
895,Malvin
896,Murl
897,Regis
898,Arley
899,Duncan
900,Eloy
901,Elza
902,Gino
903,Johnson
904,Johny
905,Lambert
906,Lorin
907,Louise
908,Quincy
909,Robin
910,Webster
911,Ardell
912,Dorman
913,Elizabeth
914,Esteban
915,Estel
916,Hiroshi
917,Hunter
918,Ignatius
919,Judge
920,Lindsey
921,Oneal
922,Orvil
923,Tillman
924,Arlin
925,Artis
926,Arvil
927,Arvin
928,Berry
929,Cary
930,Christ
931,Clovis
932,Curtiss
933,Earlie
934,Gerhard
935,Ivy
936,Jerrold
937,Abner
938,Akira
939,Alec
940,Auther
941,Crawford
942,Gearld
943,Hayden
944,Loran
945,Marcos
946,Ocie
947,Reynold
948,Rosendo
949,Trinidad
950,Wm
951,Alvan
952,Arvel
953,Baxter
954,Emmit
955,Enos
956,Gustav
957,Henery
958,Jarvis
959,Kirby
960,Lenord
961,Melville
962,Orin
963,Von
964,Artie
965,Cleve
966,Cornell
967,Deane
968,Hamilton
969,Leamon
970,Mariano
971,Marlyn
972,Mitchel
973,Nels
974,Obie
975,Quinton
976,Sonny
977,Sylvan
978,Val
979,Vernie
980,Watson
981,Wylie
982,Abram
983,Cedric
984,Delton
985,Ennis
986,Hazel
987,Lesley
988,Olan
989,Weston
990,Ashley
991,Benjiman
992,Donato
993,Farrell
994,Gust
995,Marcellus
996,Maria
997,Merwin
998,Mildred
999,Reese
1000,Rueben
