Rank,Name
1,John
2,William
3,James
4,George
5,Robert
6,Joseph
7,Charles
8,Frank
9,Edward
10,Thomas
11,Henry
12,Walter
13,Willie
14,Harry
15,Albert
16,Harold
17,Paul
18,Arthur
19,Clarence
20,Raymond
21,Richard
22,Fred
23,Joe
24,Louis
25,Carl
26,Howard
27,Jack
28,Roy
29,David
30,Ralph
31,Earl
32,Samuel
33,Francis
34,Ernest
35,Lawrence
36,Charlie
37,Herbert
38,Andrew
39,Alfred
40,Anthony
41,Kenneth
42,Donald
43,Eugene
44,Sam
45,Elmer
46,Leonard
47,Michael
48,Herman
49,Leo
50,Stanley
51,Theodore
52,Lee
53,Floyd
54,Daniel
55,Leroy
56,Peter
57,Clifford
58,Russell
59,Jesse
60,Clyde
61,Lester
62,Edwin
63,Benjamin
64,Frederick
65,Lewis
66,Chester
67,Ray
68,Bernard
69,Eddie
70,Oscar
71,Melvin
72,Cecil
73,Jessie
74,Claude
75,Norman
76,Lloyd
77,Johnnie
78,Philip
79,Martin
80,Leon
81,Milton
82,Alvin
83,Harvey
84,Ben
85,Marvin
86,Edgar
87,Luther
88,Tom
89,Victor
90,Everett
91,Stephen
92,Homer
93,Allen
94,Morris
95,Gerald
96,Leslie
97,Vernon
98,Julius
99,Otis
100,Will
101,Vincent
102,Jacob
103,Glenn
104,Hugh
105,Jim
106,Wilbur
107,Alexander
108,Earnest
109,Horace
110,Virgil
111,Marion
112,Oliver
113,Maurice
114,Curtis
115,Manuel
116,Gilbert
117,Arnold
118,Archie
119,Sidney
120,Warren
121,Gordon
122,Max
123,Alex
124,Hubert
125,Willard
126,Orville
127,Jose
128,Isaac
129,Lonnie
130,Nathan
131,Rufus
132,Bill
133,Nicholas
134,Irving
135,Patrick
136,Wesley
137,Guy
138,Jerry
139,Willis
140,Bennie
141,Steve
142,Jimmie
143,Wallace
144,Otto
145,Glen
146,Calvin
147,Ira
148,Rudolph
149,Clinton
150,Franklin
151,Elbert
152,Mike
153,Abraham
154,Dan
155,Wayne
156,Roosevelt
157,Ed
158,Percy
159,Clifton
160,Tony
161,Mack
162,Emil
163,Roland
164,Sylvester
165,Felix
166,Charley
167,Edmund
168,Emmett
169,Johnie
170,Matthew
171,Phillip
172,Nathaniel
173,Aaron
174,Jerome
175,Kermit
176,Clayton
177,Marshall
178,Ellis
179,August
180,Roger
181,Douglas
182,Forrest
183,Juan
184,Ted
185,Bruce
186,Antonio
187,Dennis
188,Pete
189,Bert
190,Johnny
191,Amos
192,Sherman
193,Adam
194,Nelson
195,Tommie
196,Ivan
197,Don
198,Irvin
199,Jake
200,Perry
201,Moses
202,Adolph
203,Roscoe
204,Wilson
205,Gus
206,Ervin
207,Austin
208,Dale
209,Dave
210,Julian
211,Karl
212,Alton
213,Booker
214,Mark
215,Grady
216,Ollie
217,Angelo
218,Cornelius
219,Jay
220,Wilbert
221,Grover
222,Salvatore
223,Alonzo
224,Simon
225,Ronald
226,Delbert
227,Dewey
228,Dominick
229,Reuben
230,Wilfred
231,Elijah
232,Leland
233,Owen
234,Laurence
235,Carroll
236,Jess
237,Larry
238,Buster
239,Aubrey
240,Cleveland
241,Jasper
242,Malcolm
243,Levi
244,Gene
245,Hyman
246,Ross
247,Elmo
248,Mary
249,Loyd
250,Millard
251,Nick
252,Solomon
253,Louie
254,Erwin
255,Freddie
256,Merle
257,Preston
258,Monroe
259,Allan
260,Claud
261,Harley
262,Lyle
263,Mitchell
264,Ruben
265,Byron
266,Emanuel
267,Wade
268,Alva
269,Boyd
270,Edmond
271,Jeff
272,Jesus
273,Rex
274,Wiley
275,Abe
276,Lynn
277,Murray
278,Timothy
279,Elwood
280,Loren
281,Clement
282,Troy
283,Francisco
284,Mose
285,Barney
286,Noah
287,Silas
288,Thurman
289,Anton
290,Carlton
291,Elton
292,Carlos
293,Cleo
294,Eli
295,Randolph
296,Grant
297,Myron
298,Tommy
299,Bob
300,Dallas
301,Lowell
302,Alfonso
303,Emory
304,Garland
305,Harrison
306,Luke
307,Alphonse
308,Fredrick
309,Pedro
310,Reginald
311,Delmar
312,Dominic
313,Elvin
314,Steven
315,Andy
316,Irwin
317,Sol
318,Burton
319,Freeman
320,Taft
321,Clark
322,Earle
323,Major
324,Ramon
325,Anderson
326,Christopher
327,Columbus
328,Joel
329,Wendell
330,Marcus
331,Odell
332,Riley
333,Spencer
334,Chris
335,Cyril
336,Ike
337,Isiah
338,Neal
339,Al
340,Emery
341,Forest
342,Lorenzo
343,Sterling
344,Dick
345,Elliott
346,Isadore
347,Odis
348,Alan
349,Armand
350,Dock
351,Ned
352,Noel
353,Van
354,Wilmer
355,Dean
356,Vern
357,Augustus
358,Coy
359,Dwight
360,Ellsworth
361,Lucius
362,Maynard
363,Neil
364,Rocco
365,Conrad
366,Keith
367,Mathew
368,Merrill
369,Miles
370,Pat
371,Aloysius
372,Ambrose
373,Emerson
374,Hollis
375,Pearl
376,Royal
377,Saul
378,Buck
379,Harris
380,Jimmy
381,Norris
382,Ora
383,Sammie
384,Stewart
385,Vance
386,Ward
387,Wm
388,Clair
389,Edd
390,Eldon
391,Gabriel
392,Gerard
393,Herschel
394,Lyman
395,Russel
396,Scott
397,Adrian
398,Arlie
399,Coleman
400,Ferdinand
401,Hiram
402,Jackson
403,Basil
404,Dewitt
405,Fletcher
406,Pasquale
407,Weldon
408,Buford
409,Emile
410,Foster
411,Haywood
412,Helen
413,Isaiah
414,Luis
415,Mckinley
416,Norbert
417,Sanford
418,Ulysses
419,Arther
420,Bud
421,Clay
422,Dee
423,Garfield
424,Meyer
425,Napoleon
426,Taylor
427,Winston
428,Houston
429,Hoyt
430,Lionel
431,Morgan
432,Olin
433,Orval
434,Pablo
435,Truman
436,Berry
437,Bruno
438,Early
439,Eric
440,General
441,Harlan
442,Judson
443,Lincoln
444,Milford
445,Milo
446,Roman
447,Shirley
448,Stuart
449,Junius
450,Matt
451,Otha
452,Travis
453,Benny
454,Cletus
455,Emmitt
456,Frederic
457,King
458,Noble
459,Sandy
460,Wilber
461,Wilford
462,Ezra
463,Gustave
464,Hugo
465,Lucien
466,Margaret
467,Prince
468,Raleigh
469,Rubin
470,Thaddeus
471,Theron
472,Tim
473,Billie
474,Burl
475,Christian
476,Hans
477,Hardy
478,Harmon
479,Ivory
480,Judge
481,Maxwell
482,Micheal
483,Oren
484,Palmer
485,Rosevelt
486,Sydney
487,Aron
488,Clem
489,Elias
490,Elmore
491,Fay
492,Isidore
493,Joshua
494,Nolan
495,Vito
496,Bertram
497,Israel
498,Jules
499,Lemuel
500,Mario
501,Terry
502,Tomas
503,Valentine
504,Wilburn
505,Carmen
506,Carmine
507,Dorothy
508,Emmet
509,Garnett
510,Golden
511,Gregory
512,Kelly
513,Lucious
514,Otho
515,Porter
516,Rogers
517,Shelby
518,Walker
519,Doyle
520,Dudley
521,Ethel
522,Evan
523,Hazel
524,Jeremiah
525,Jewel
526,Laverne
527,Morton
528,Oswald
529,Rodney
530,Abram
531,Anna
532,Cary
533,Clare
534,Elisha
535,Enoch
536,Hal
537,Jefferson
538,Jewell
539,Johnson
540,Olen
541,Omer
542,Rolland
543,Turner
544,Woodrow
545,Abner
546,Cyrus
547,Domingo
548,Emilio
549,Everette
550,Jean
551,Lacy
552,Lucian
553,Newton
554,Phil
555,Rose
556,Seth
557,Verne
558,Carson
559,Carter
560,Eldridge
561,Gale
562,Haskell
563,Henderson
564,Hershel
565,Lenard
566,Lois
567,Lonzo
568,Loy
569,Patsy
570,Rudy
571,Santiago
572,Theo
573,Wylie
574,Alphonso
575,Bernice
576,Brady
577,Burt
578,Cleve
579,Duane
580,Gaylord
581,Granville
582,Hayes
583,Hobert
584,Josh
585,Ottis
586,Rafael
587,Rupert
588,Warner
589,Wilton
590,Angus
591,Artie
592,Bryan
593,Clarance
594,Clint
595,Connie
596,Delmer
597,Dorsey
598,Elzie
599,Frances
600,Guadalupe
601,Jordan
602,Junior
603,Lamar
604,Merlin
605,Merton
606,Mervin
607,Ocie
608,Stanford
609,Theadore
610,Tillman
611,Toney
612,Williams
613,Winfred
614,Wyatt
615,Allie
616,Andres
617,Bradley
618,Buddie
619,Carol
620,Claudie
621,Cliff
622,Davis
623,Edna
624,Ernie
625,Ezekiel
626,Felipe
627,Graham
628,Jonas
629,Mildred
630,Odie
631,Romeo
632,Salvador
633,Sigmund
634,Smith
635,Wellington
636,Alvis
637,Billy
638,Casper
639,Denver
640,Enrique
641,Eva
642,Hayward
643,Hector
644,Ignacio
645,Linwood
646,Logan
647,Miguel
648,Oral
649,Price
650,Rollie
651,Santos
652,Vester
653,Alberto
654,Albin
655,Alma
656,Annie
657,Audrey
658,Avery
659,Bonnie
660,Cicero
661,Ennis
662,Florence
663,Fritz
664,Gustav
665,Julio
666,June
667,Loyal
668,Mearl
669,Meredith
670,Orin
671,Parker
672,Quincy
673,Ruth
674,Seymour
675,Sheldon
676,Waldo
677,Walton
678,Winfield
679,Abel
680,Alfonzo
681,Alvie
682,Asa
683,Boyce
684,Brown
685,Casey
686,Casimir
687,Chas
688,Chauncey
689,Dana
690,Dillard
691,Edison
692,Emmit
693,Felton
694,Fernando
695,Ford
696,Gaston
697,Lavern
698,Leander
699,Mac
700,Mason
701,Melville
702,Nat
703,Obie
704,Orlando
705,Ransom
706,Reed
707,Rowland
708,Shelton
709,Teddy
710,Urban
711,Vaughn
712,Webster
713,Wheeler
714,Alec
715,Alfredo
716,Alice
717,Antone
718,Art
719,Bennett
720,Bishop
721,Bradford
722,Brooks
723,Buddy
724,Burley
725,Dalton
726,Darrell
727,Dexter
728,Durward
729,Einar
730,Evans
731,Furman
732,Green
733,Hobart
734,Howell
735,Ivy
736,Jason
737,Jodie
738,Jonathan
739,Lawyer
740,Lillian
741,Manford
742,Marlin
743,Miller
744,Murphy
745,Rene
746,Ruby
747,Sim
748,Son
749,Thad
750,Thornton
751,Tomie
752,Vivian
753,Wardell
754,Waymon
755,Zack
756,Alford
757,Augusta
758,Augustine
759,Benjiman
760,Benton
761,Bernie
762,Beverly
763,Caleb
764,Carlo
765,Casimer
766,Curley
767,Earlie
768,Eino
769,Ellie
770,Ernesto
771,Estel
772,Ewell
773,Frankie
774,Fulton
775,Geo
776,Guido
777,Hadley
778,Hamp
779,Harland
780,Hayden
781,Hermon
782,Hilton
783,Hosie
784,Ignatius
785,Isom
786,Johny
787,Justin
788,Lawerence
789,Lucille
790,Mae
791,Marie
792,Merritt
793,Myles
794,Nickolas
795,Omar
796,Paris
797,Randall
798,Ricardo
799,Royce
800,Rudolf
801,Sebastian
802,Vicente
803,Wash
804,Addison
805,Adolphus
806,Alonza
807,Barry
808,Benito
809,Carey
810,Carleton
811,Cedric
812,Collie
813,Dempsey
814,Edith
815,Eldred
816,Elizabeth
817,Guss
818,Hunter
819,Ida
820,Jones
821,Kent
822,Kirby
823,Lige
824,Mahlon
825,Mariano
826,Moe
827,Newman
828,Norval
829,Ole
830,Pierce
831,Rayford
832,Reinhold
833,Reynold
834,Rosario
835,Sampson
836,Toivo
837,Vernie
838,Whitney
839,Wright
840,Alden
841,Antoine
842,Armando
843,Artis
844,Beatrice
845,Benedict
846,Bessie
847,Blaine
848,Bryant
849,Carlie
850,Carrol
851,Clara
852,Craig
853,Crawford
854,Doc
855,Eduardo
856,Egbert
857,Elsie
858,Elvis
859,Elwin
860,Enos
861,Ezell
862,Finis
863,Florian
864,Gardner
865,Gary
866,Gerhard
867,Gladys
868,Hilliard
869,Hollie
870,Hosea
871,Kirk
872,Lawson
873,Lem
874,Leonardo
875,Lindsey
876,Lorenza
877,Marshal
878,Maxie
879,Melton
880,Mickey
881,Nicolas
882,Olan
883,Oran
884,Orland
885,Pierre
886,Raphael
887,Reese
888,Thelma
889,Watson
890,West
891,Westley
892,Zeb
893,Acie
894,Agnes
895,Agustin
896,Alejandro
897,Alois
898,Arch
899,Archibald
900,Audie
901,Aurelio
902,Bascom
903,Bertrand
904,Burrell
905,Carlyle
906,Curtiss
907,Damon
908,Darwin
909,Delmas
910,Duke
911,Elden
912,Elroy
913,Elwyn
914,Esther
915,Gideon
916,Godfrey
917,Grace
918,Heber
919,Henery
920,Hezekiah
921,Hudson
922,Hughie
923,Irene
924,Jamie
925,Josef
926,Josephine
927,Junious
928,Kyle
929,Lafayette
930,Len
931,Lindsay
932,Lum
933,Mabel
934,Maceo
935,Marcellus
936,Mathias
937,Mattie
938,Nels
939,Othel
940,Pink
941,Quentin
942,Robbie
943,Roberto
944,Roderick
945,Rollin
946,Sanders
947,Santo
948,Sarah
949,Sonny
950,Waino
951,Adelbert
952,Angel
953,Arvin
954,Ashley
955,Ashton
956,Authur
957,Baxter
958,Bobbie
959,Caesar
960,Christ
961,Claire
962,Coley
963,Collins
964,Cornell
965,Danny
966,Dolphus
967,Doris
968,Ellison
969,Erick
970,Ernst
971,Eston
972,Eugenio
973,Eunice
974,Gail
975,Garrett
976,Gust
977,Hamilton
978,Hampton
979,Harrell
980,Hartley
981,Hoke
982,Hurley
983,Iver
984,Joesph
985,Landon
986,Larkin
987,Lenwood
988,Leopoldo
989,Little
990,Llewellyn
991,Lonie
992,Louise
993,Love
994,Lucas
995,Lucio
996,Mansfield
997,Martha
998,Milburn
999,Minor
1000,Murl
