Rank,Name
1,John
2,William
3,James
4,Robert
5,Charles
6,George
7,Joseph
8,Edward
9,Frank
10,Thomas
11,Walter
12,Richard
13,Harold
14,Paul
15,Raymond
16,Henry
17,Arthur
18,Donald
19,Albert
20,Harry
21,Jack
22,Ralph
23,Clarence
24,Louis
25,Carl
26,Howard
27,Kenneth
28,David
29,Willie
30,Francis
31,Earl
32,Roy
33,Fred
34,Joe
35,Eugene
36,Stanley
37,Ernest
38,Lawrence
39,Anthony
40,Herbert
41,Leonard
42,Alfred
43,Samuel
44,Elmer
45,Michael
46,Andrew
47,Bernard
48,Leo
49,Norman
50,Russell
51,Lloyd
52,Daniel
53,Peter
54,Chester
55,Edwin
56,Melvin
57,Leroy
58,Woodrow
59,Frederick
60,Clifford
61,Floyd
62,Lester
63,Victor
64,Theodore
65,Herman
66,Vernon
67,Clyde
68,Marvin
69,Ray
70,Charlie
71,Philip
72,Gerald
73,Vincent
74,Lewis
75,Sam
76,Milton
77,Leon
78,Jesse
79,Benjamin
80,Alvin
81,Martin
82,Cecil
83,Willard
84,Glenn
85,Gordon
86,Lee
87,Oscar
88,Harvey
89,Edgar
90,Warren
91,Wayne
92,Arnold
93,Everett
94,Sidney
95,Claude
96,Stephen
97,Wilbur
98,Allen
99,Virgil
100,Homer
101,Morris
102,Leslie
103,Maurice
104,Alexander
105,Gilbert
106,Max
107,Marion
108,Irving
109,Steve
110,Johnnie
111,Dale
112,Hugh
113,Nicholas
114,Hubert
115,Douglas
116,Roger
117,Eddie
118,Julius
119,Luther
120,Jessie
121,Roland
122,Wilson
123,Curtis
124,Wallace
125,Glen
126,Manuel
127,Mike
128,Ben
129,Franklin
130,Oliver
131,Alex
132,Horace
133,Jacob
134,Orville
135,Tony
136,Jerome
137,Wesley
138,Archie
139,Tom
140,Edmund
141,Willis
142,Earnest
143,Bill
144,Guy
145,Lyle
146,Bruce
147,Jerry
148,Matthew
149,Rudolph
150,Nathan
151,Otis
152,Clifton
153,Don
154,Emil
155,Salvatore
156,Marshall
157,Clayton
158,Calvin
159,Jimmie
160,Jose
161,Patrick
162,Angelo
163,Ira
164,Delbert
165,Jim
166,Clinton
167,Bennie
168,Ervin
169,Irvin
170,Merle
171,Wilbert
172,Sylvester
173,Nick
174,Abraham
175,Forrest
176,Ronald
177,Ivan
178,Felix
179,Wilfred
180,Phillip
181,Otto
182,Julian
183,Rufus
184,Dan
185,Jay
186,Bert
187,Leland
188,Grover
189,Dean
190,Nelson
191,Elbert
192,Gene
193,Nathaniel
194,Isaac
195,Lonnie
196,Aaron
197,Adam
198,Billy
199,Johnny
200,Alton
201,Pete
202,Adolph
203,Dennis
204,Johnie
205,Mark
206,Ellis
207,August
208,Myron
209,Karl
210,Dominick
211,Emmett
212,Owen
213,Antonio
214,Keith
215,Elwood
216,Grady
217,Ross
218,Loyd
219,Percy
220,Ted
221,Roscoe
222,Laurence
223,Dewey
224,Mack
225,Lowell
226,Perry
227,Dominic
228,Loren
229,Amos
230,Eldon
231,Carroll
232,Wendell
233,Erwin
234,Seymour
235,Rex
236,Malcolm
237,Byron
238,Fredrick
239,Sherman
240,Harley
241,Norbert
242,Austin
243,Quentin
244,Allan
245,Bob
246,Murray
247,Charley
248,Troy
249,Cornelius
250,Reuben
251,Burton
252,Gerard
253,Juan
254,Grant
255,Boyd
256,Millard
257,Tommie
258,Carlton
259,Mitchell
260,Aubrey
261,Edmond
262,Preston
263,Kermit
264,Dwight
265,Garland
266,Larry
267,Morton
268,Louie
269,Jasper
270,Junior
271,Jess
272,Emanuel
273,Steven
274,Jake
275,Simon
276,Harrison
277,Freddie
278,Solomon
279,Cleo
280,Will
281,Jesus
282,Lynn
283,Monroe
284,Andy
285,Neil
286,Thurman
287,Dave
288,Alphonse
289,Maynard
290,Moses
291,Armand
292,Mario
293,Earle
294,Bruno
295,Carlos
296,Joel
297,Clement
298,Wilmer
299,Laverne
300,Ollie
301,Elmo
302,Alan
303,Ed
304,Hyman
305,Roosevelt
306,Dallas
307,Thaddeus
308,Clark
309,Adrian
310,Clair
311,Wade
312,Conrad
313,Cleveland
314,Doyle
315,Harlan
316,Sol
317,Claud
318,Elton
319,Elvin
320,Forest
321,Anton
322,Cyril
323,Gus
324,Rocco
325,Billie
326,Russel
327,Ned
328,Orval
329,Duane
330,Ellsworth
331,Barney
332,Tommy
333,Merrill
334,Pershing
335,Irwin
336,Alonzo
337,Neal
338,Eli
339,Ruben
340,Delmar
341,Timothy
342,Benny
343,Patsy
344,Stuart
345,Reginald
346,Alva
347,Carmen
348,Emerson
349,Marcus
350,Vito
351,Christopher
352,Emery
353,Wilford
354,Roman
355,Merlin
356,Lionel
357,Wilburn
358,Elijah
359,Sammie
360,Stewart
361,Hollis
362,Teddy
363,Ferdinand
364,Ward
365,Herschel
366,Abe
367,Francisco
368,Odell
369,Rodney
370,Buford
371,Dick
372,Levi
373,Darrell
374,Pasquale
375,Ramon
376,Sterling
377,Noah
378,Randolph
379,Buster
380,Coy
381,Miles
382,Travis
383,Vern
384,Isadore
385,Truman
386,Wiley
387,Basil
388,Saul
389,Booker
390,Alfonso
391,Harris
392,Omer
393,Freeman
394,Silas
395,Emory
396,Jean
397,Norris
398,Pedro
399,Royal
400,Sanford
401,Winston
402,Jackson
403,Weldon
404,Pat
405,Milford
406,Foster
407,Winfred
408,Spencer
409,Mathew
410,Hiram
411,Newton
412,Eric
413,Frederic
414,Cletus
415,Jeff
416,Jimmy
417,Bertram
418,Mervin
419,Rolland
420,Ambrose
421,Van
422,Carmine
423,Gabriel
424,Lavern
425,Micheal
426,Vance
427,Dudley
428,Sydney
429,Ulysses
430,Armando
431,Noel
432,Milo
433,Noble
434,Randall
435,Hugo
436,Orlando
437,Aloysius
438,Bud
439,Meyer
440,Hershel
441,Marlin
442,Shirley
443,Alden
444,Casimir
445,Chris
446,Evan
447,Luke
448,Gregory
449,Olin
450,Riley
451,Palmer
452,Everette
453,Hal
454,Isidore
455,Gail
456,Sheldon
457,Mary
458,Lorenzo
459,Morgan
460,Houston
461,Augustus
462,Benedict
463,Waldo
464,Fletcher
465,Israel
466,Hoyt
467,Lamar
468,Scott
469,Delmer
470,Dewitt
471,Odis
472,Darwin
473,Lyman
474,Christian
475,Gale
476,Harland
477,Phil
478,Wilton
479,Olen
480,Emile
481,Hobert
482,Major
483,Columbus
484,Mose
485,Elliott
486,Sigmund
487,Wilber
488,Maxwell
489,Jefferson
490,Granville
491,Verne
492,Arlie
493,Gustave
494,Quinton
495,Clay
496,Jules
497,Elroy
498,Justin
499,Luis
500,Ezra
501,Valentine
502,Elias
503,Vaughn
504,Burl
505,Cyrus
506,Harmon
507,Nickolas
508,Augustine
509,Gaylord
510,Rupert
511,Theron
512,Linwood
513,Merton
514,Taylor
515,Casimer
516,Lenard
517,Lucius
518,Anderson
519,Al
520,Coleman
521,Davis
522,Hobart
523,Isaiah
524,Judson
525,Royce
526,Salvador
527,Albin
528,Nolan
529,Oren
530,Elmore
531,Ora
532,Isiah
533,Rubin
534,Lincoln
535,Matt
536,Junius
537,Alfredo
538,Carlo
539,Elden
540,Jewel
541,Fay
542,Reed
543,Rene
544,Enoch
545,Lemuel
546,Winfield
547,Antone
548,Denver
549,Garfield
550,Jewell
551,Otha
552,Avery
553,Joshua
554,Kelly
555,Lucien
556,Asa
557,Blaine
558,Dock
559,Joesph
560,Rosario
561,Bernice
562,Mason
563,Raleigh
564,Carlyle
565,Edd
566,Porter
567,Romeo
568,Arden
569,Elwin
570,Sebastian
571,Walton
572,Carrol
573,Domingo
574,Shelby
575,Dee
576,Hilton
577,Marcel
578,Domenic
579,Florian
580,Guadalupe
581,Lacy
582,Emilio
583,Napoleon
584,Omar
585,Connie
586,Dana
587,Mckinley
588,Warner
589,Aldo
590,Edison
591,Walker
592,Alois
593,Dalton
594,Dorsey
595,Loyal
596,Darrel
597,General
598,Jeremiah
599,Oswald
600,Raymon
601,Guido
602,Ottis
603,Rollin
604,Bennett
605,Carson
606,Sylvan
607,Talmadge
608,Jason
609,Lucian
610,Miguel
611,Alphonso
612,Haywood
613,Pearl
614,Raul
615,Raphael
616,Seth
617,Terry
618,Elzie
619,Felipe
620,Carol
621,Constantine
622,Eldred
623,Lambert
624,Pablo
625,Buddy
626,Frances
627,Rudy
628,Carter
629,Jonas
630,Orrin
631,Roberto
632,Arther
633,Clem
634,Durward
635,Eldridge
636,Orin
637,Hermon
638,Leander
639,Meredith
640,Merritt
641,Alvie
642,Buck
643,Elvis
644,Stanford
645,Carleton
646,Cloyd
647,Gustav
648,Hector
649,Prince
650,Roderick
651,Alberto
652,Americo
653,Craig
654,King
655,Otho
656,Tomas
657,Winford
658,Alvis
659,Elwyn
660,Ignatius
661,Julio
662,Mortimer
663,Rogers
664,Lawerence
665,Theo
666,Urban
667,Adelbert
668,Casper
669,Clarance
670,Clare
671,Giles
672,Haskell
673,Verl
674,Abner
675,Dayton
676,Graham
677,Logan
678,Webster
679,Burt
680,Fernando
681,Franklyn
682,Norval
683,Sherwood
684,Beverly
685,Evert
686,Gaston
687,Henderson
688,Jonathan
689,Newell
690,Verlin
691,Watson
692,Bryant
693,Crawford
694,Ellwood
695,Emmet
696,Ignacio
697,Parker
698,Sammy
699,Turner
700,Arlo
701,Bobby
702,Bradley
703,Duncan
704,Garrett
705,Masao
706,Helen
707,Myles
708,Rafael
709,Wm
710,Adolphus
711,Aron
712,Chas
713,Emmitt
714,Gaetano
715,Ivory
716,Johnson
717,Lafayette
718,Loy
719,Merl
720,Milburn
721,Ruby
722,Santo
723,Blair
724,Hans
725,June
726,Lawson
727,Shelton
728,Bobbie
729,Bryan
730,Melville
731,Milan
732,Trinidad
733,Abel
734,Addison
735,Andres
736,Benton
737,Chauncey
738,Dexter
739,Dillard
740,Early
741,Fredric
742,Fritz
743,Brooks
744,Garnett
745,Ike
746,Mac
747,Tracy
748,Bernie
749,Gary
750,Maxie
751,Oran
752,Rowland
753,Bertrand
754,Boyce
755,Evans
756,Furman
757,Hilbert
758,Theadore
759,Thurston
760,Vester
761,Allie
762,Benjiman
763,Claudie
764,Danny
765,Enrique
766,Ford
767,Frankie
768,Galen
769,Jennings
770,Oral
771,Stanton
772,Woodroe
773,Arvel
774,Carmelo
775,Estel
776,Godfrey
777,Mahlon
778,Murry
779,Vernie
780,Bradford
781,Leeroy
782,Arvid
783,Beryl
784,Elisha
785,Hamilton
786,Lauren
787,Lon
788,Rodger
789,Burdette
790,Clovis
791,Elliot
792,Hardy
793,Hunter
794,Llewellyn
795,Lonzo
796,Angus
797,Felton
798,Kyle
799,Lucious
800,Ludwig
801,Norwood
802,Tim
803,Verner
804,Worth
805,Clemens
806,Howell
807,Madison
808,Yoshio
809,Denzil
810,Elza
811,Hayden
812,Hazel
813,Nels
814,Reynold
815,Silvio
816,Vivian
817,Wyatt
818,Berry
819,Domenick
820,Doris
821,Ivy
822,Santos
823,Werner
824,Barton
825,Casey
826,Claire
827,Ewell
828,Hayward
829,Issac
830,Sandy
831,Alford
832,Elgin
833,Hillard
834,Judge
835,Lois
836,Miller
837,Odie
838,Regis
839,Reinhold
840,Tillman
841,Bonnie
842,Cleve
843,Clint
844,Dante
845,Ernesto
846,Ernie
847,Loran
848,Manley
849,Margaret
850,Smith
851,Armond
852,Jonnie
853,Olaf
854,Rayford
855,Abram
856,Alec
857,Almon
858,Arvil
859,Brady
860,Dorothy
861,Emmit
862,Garth
863,Jerald
864,Murphy
865,Normand
866,Orvil
867,Rueben
868,Santiago
869,Artis
870,Benito
871,Carey
872,Christ
873,Dell
874,Foch
875,Gayle
876,Jones
877,Kay
878,Lorin
879,Newman
880,Pierce
881,Waymon
882,Finis
883,Gardner
884,Gerhard
885,Norton
886,Toivo
887,Virgle
888,Wellington
889,Adolf
890,Chalmer
891,Marcellus
892,Mitchel
893,Wylie
894,Angel
895,Archibald
896,Brown
897,Cedric
898,Hampton
899,Joaquin
900,Vergil
901,Williams
902,Allison
903,Arturo
904,Ernst
905,Ewald
906,Lupe
907,Obie
908,Orland
909,Bryce
910,Ennis
911,Foy
912,Glendon
913,Kent
914,Merlyn
915,Murl
916,Reid
917,Rodolfo
918,Alma
919,Arch
920,Cleon
921,Durwood
922,Eligah
923,Hezekiah
924,Hudson
925,Huston
926,Kirby
927,Leamon
928,Lindsey
929,Lucas
930,Mickey
931,Price
932,Ricardo
933,Caesar
934,Levy
935,Rollie
936,Rosevelt
937,Rudolf
938,Sumner
939,Thad
940,Thornton
941,Wardell
942,Zack
943,Auther
944,Burley
945,Burnell
946,Cary
947,Leopold
948,Mathias
949,Caleb
950,Carmel
951,Ezekiel
952,Gino
953,Gregorio
954,Hosea
955,Josh
956,Layton
957,Linus
958,Manford
959,Marshal
960,Melton
961,Oneal
962,Pierre
963,Weston
964,Whitney
965,Zigmund
966,Arne
967,Denis
968,Hilliard
969,Jarvis
970,Marco
971,Myer
972,Nat
973,Talmage
974,Vincenzo
975,Arley
976,Donovan
977,Enos
978,Glenwood
979,Hilary
980,Kendall
981,Ocie
982,Richmond
983,Ruth
984,Toney
985,Waldemar
986,Winifred
987,Art
988,Damon
989,Eduardo
990,Jordan
991,Joyce
992,Nevin
993,Oris
994,Rexford
995,Washington
996,Cliff
997,Colin
998,Curley
999,Dewayne
1000,Einar
