Rank,Girl Name,Boy Name
1,Linda,James
2,Mary,Robert
3,Patricia,John
4,Deborah,Michael
5,Susan,David
6,Barbara,William
7,Nancy,Richard
8,Karen,Thomas
9,Debra,Charles
10,Sandra,Gary
11,Kathleen,Steven
12,Carol,Joseph
13,Donna,Donald
14,Sharon,Larry
15,Brenda,Ronald
16,Diane,Kenneth
17,Pamela,Mark
18,Cynthia,Dennis
19,Janet,Paul
20,Christine,Daniel
21,Margaret,Stephen
22,Elizabeth,George
23,Janice,Edward
24,Carolyn,Gregory
25,Judith,Bruce
26,Judy,Jerry
27,Joyce,Timothy
28,Shirley,Douglas
29,Kathy,Terry
30,Rebecca,Roger
31,Cheryl,Jeffrey
32,Betty,Frank
33,Denise,Raymond
34,Catherine,Anthony
35,Beverly,Lawrence
36,Gloria,Peter
37,Joan,Patrick
38,Marilyn,Wayne
39,Gail,Gerald
40,Martha,Danny
41,Bonnie,Randy
42,Jane,Alan
43,Peggy,Kevin
44,Connie,Walter
45,Ann,Carl
46,Dorothy,Dale
47,Paula,Arthur
48,Kathryn,Willie
49,Virginia,Keith
50,Jean,Henry
51,Diana,Harold
52,Teresa,Jack
53,Laura,Johnny
54,Wanda,Scott
55,Jo,Roy
56,Cathy,Ralph
57,Ruth,Christopher
58,Jacqueline,Stanley
59,Katherine,Craig
60,Theresa,Philip
61,Vicki,Glenn
62,Rose,Joe
63,Helen,Randall
64,Sheila,Brian
65,Phyllis,Billy
66,Rita,Albert
67,Frances,Samuel
68,Sherry,Andrew
69,Alice,Barry
70,Ellen,Russell
71,Lynn,Eugene
72,Maria,Jimmy
73,Elaine,Howard
74,Victoria,Phillip
75,Marsha,Harry
76,Vickie,Frederick
77,Darlene,Bobby
78,Joanne,Allen
79,Anne,Louis
80,Marcia,Martin
81,Sally,Ricky
82,Marie,Ronnie
83,Doris,Leonard
84,Suzanne,Rodney
85,Julie,Steve
86,Lois,Curtis
87,Valerie,Ernest
88,Roberta,Eric
89,Charlotte,Francis
90,Evelyn,Fred
91,Anita,Melvin
92,Constance,Lee
93,Sarah,Eddie
94,Maureen,Micheal
95,Rhonda,Marvin
96,Dianne,Norman
97,Glenda,Tommy
98,Jeanne,Earl
99,Sylvia,Clifford
100,Eileen,Theodore
101,Anna,Vincent
102,Robin,Dean
103,Yvonne,Clarence
104,Leslie,Alfred
105,Wendy,Jerome
106,Charlene,Jay
107,Jennifer,Victor
108,Colleen,Calvin
109,Lorraine,Darrell
110,Michele,Gordon
111,Claudia,Bernard
112,Norma,Jesse
113,Sue,Ray
114,Gwendolyn,Jose
115,Laurie,Herbert
116,Joann,Leroy
117,Marlene,Warren
118,Jill,Edwin
119,Geraldine,Rick
120,Terry,Don
121,Irene,Glen
122,Louise,Benjamin
123,Stephanie,Dwight
124,Michelle,Leon
125,Juanita,Leslie
126,Lisa,Kim
127,Annie,Nicholas
128,Patsy,Alvin
129,Lynda,Dan
130,Rosemary,Lloyd
131,Julia,Duane
132,Andrea,Joel
133,Kay,Jeffery
134,Angela,Tony
135,Gayle,Jon
136,Loretta,Mike
137,Jeanette,Vernon
138,Carla,Gene
139,Regina,Jonathan
140,Cindy,Rickey
141,Marjorie,Bradley
142,Vivian,Matthew
143,Jan,Clyde
144,Debbie,Jackie
145,Ruby,Lewis
146,Beth,Allan
147,Arlene,Neil
148,June,Lonnie
149,Joy,Floyd
150,Lynne,Juan
151,Sheryl,Gilbert
152,Delores,Guy
153,Janis,Marc
154,Renee,Randolph
155,Christina,Garry
156,Annette,Donnie
157,Penny,Mitchell
158,Terri,Lester
159,Mildred,Franklin
160,Dolores,Chris
161,Sara,Charlie
162,Rosa,Manuel
163,Paulette,Jimmie
164,Shelley,Kent
165,Kristine,Harvey
166,Dawn,Wesley
167,Toni,Lynn
168,Audrey,Bill
169,Josephine,Milton
170,Carole,Karl
171,Candace,Leo
172,Belinda,Jim
173,Yolanda,Johnnie
174,Vicky,Rex
175,Amy,Herman
176,Georgia,Reginald
177,Edna,Freddie
178,Lillian,Kurt
179,Emma,Arnold
180,Esther,Chester
181,Eva,Tom
182,Jacquelyn,Ted
183,Edith,Dana
184,Carmen,Gerard
185,Rachel,Cecil
186,Pauline,Alexander
187,Roxanne,Roland
188,Veronica,Carlos
189,Janie,Nathaniel
190,Jackie,Stuart
191,Marianne,Maurice
192,Priscilla,Fredrick
193,Becky,Daryl
194,Grace,Kerry
195,Melinda,Terrence
196,Clara,Perry
197,Monica,Claude
198,Patti,Neal
199,Bonita,Kirk
200,Lucille,Darryl
201,Melissa,Ruben
202,Wilma,Marshall
203,Lucy,Oscar
204,Margie,Robin
205,Ethel,Brent
206,Dianna,Antonio
207,Emily,Jessie
208,Billie,Sidney
209,Thelma,Wallace
210,Nina,Hugh
211,Melanie,Mario
212,Bobbie,Brad
213,Lydia,Todd
214,Holly,Clifton
215,Gladys,Sam
216,Kim,Aaron
217,Marion,Tyrone
218,Bertha,Ross
219,Eleanor,Morris
220,Ella,Terrance
221,Marian,Byron
222,Florence,Lyle
223,Shelia,Benny
224,Ramona,Edgar
225,Beatrice,Wendell
226,Faye,Clinton
227,Bernice,Ricardo
228,Willie,Clayton
229,Maryann,Nathan
230,Maxine,Bryan
231,Dana,Laurence
232,Melody,Nelson
233,Lillie,Earnest
234,Nora,Jesus
235,Carrie,Kelly
236,Dale,Willard
237,Lana,Virgil
238,Tina,Marion
239,Vera,Sammy
240,Patrice,Rudolph
241,Claire,Luis
242,Ida,Greg
243,Hazel,Dave
244,Francine,Max
245,Patty,Elmer
246,Alma,Ira
247,Rosie,Bob
248,Stella,Everett
249,Bernadette,Otis
250,Cecilia,Bennie
251,Betsy,Luther
252,Lori,Rickie
253,Antoinette,Gregg
254,Kimberly,Randal
255,Mona,Ben
256,Lee,Raul
257,Doreen,Lance
258,Nadine,Alex
259,Myra,Tim
260,Dora,Carlton
261,Trudy,Roberto
262,Iris,Francisco
263,Caroline,Marcus
264,Miriam,Loren
265,Lucinda,Troy
266,Ginger,Myron
267,Jeannette,Edmund
268,Lynette,Jeff
269,Laurel,Bradford
270,Harriet,Frankie
271,Jessie,Horace
272,Cathleen,Rudy
273,Alicia,Delbert
274,Susie,Clark
275,Jody,Jan
276,Irma,Geoffrey
277,Jeannie,Denis
278,Marguerite,Alton
279,Karla,Sherman
280,Therese,Leland
281,April,Sylvester
282,Marla,Malcolm
283,Gale,Hector
284,Deanna,Wade
285,Mattie,Salvatore
286,Kathie,Roosevelt
287,Debora,Stewart
288,Sherrie,Wilbert
289,Jennie,Archie
290,Jenny,Tommie
291,Dixie,Darrel
292,Naomi,Ramon
293,Rosalie,Monte
294,Candice,Doyle
295,Deloris,Hubert
296,Christy,Isaac
297,Bessie,Jacob
298,Cecelia,Rodger
299,Rosemarie,Preston
300,Velma,Jerald
301,Ernestine,Kenny
302,Minnie,Oliver
303,Vanessa,Grant
304,Geneva,Roderick
305,Olivia,Homer
306,Jamie,Felix
307,Sherri,Pedro
308,Cheri,Rocky
309,Johnnie,Teddy
310,Marcella,Van
311,Margo,Armando
312,Cora,Julian
313,Hilda,Forrest
314,Lorna,Willis
315,Madeline,Miguel
316,Verna,Pete
317,Jeri,Mickey
318,Gay,Angelo
319,Mae,Ivan
320,Celia,Lowell
321,Nellie,Unknown
322,Viola,Carroll
323,Guadalupe,Julius
324,Teri,Cary
325,Agnes,Rufus
326,Celeste,Owen
327,Cassandra,Stephan
328,Crystal,Mack
329,Darla,Lorenzo
330,Unknown,Terence
331,Charmaine,Percy
332,Lola,Grady
333,Molly,Ervin
334,Della,Rene
335,Lena,Andy
336,Rosanne,Fernando
337,Faith,Dallas
338,Leona,Ellis
339,Olga,Dewey
340,Laverne,Nick
341,Corinne,Arturo
342,Gretchen,Andre
343,Glenna,Wilbur
344,Elsie,Dwayne
345,Lou,Boyd
346,Janine,Conrad
347,Susanne,Hal
348,Kerry,Irvin
349,Hattie,Freddy
350,Amelia,Alfredo
351,Janette,Bert
352,Noreen,Kyle
353,Rochelle,Adrian
354,Jayne,Sheldon
355,Shelly,Rafael
356,Alberta,Travis
357,Sheri,Elbert
358,Adrienne,Royce
359,Tamara,Wilson
360,Penelope,Sammie
361,Lora,Woodrow
362,Margarita,Alfonso
363,Pearl,Derek
364,Lauren,Garland
365,Robyn,Alonzo
366,Diann,Lionel
367,Eunice,Merle
368,Sondra,Spencer
369,Daisy,Carey
370,Helene,Guadalupe
371,Jana,Noel
372,Rosalind,Cornelius
373,Terrie,Louie
374,Leah,Monty
375,Katie,Tracy
376,Ada,Dominick
377,Adele,Jeffry
378,Karin,Pat
379,Gertrude,Cleveland
380,Lula,Salvador
381,Gwen,Gale
382,Claudette,Ken
383,Flora,Lanny
384,Jeanine,Emmett
385,Erma,Christian
386,Cherie,Harlan
387,Jessica,Buddy
388,Saundra,Angel
389,Delia,Gerry
390,Hope,Aubrey
391,Bridget,Vance
392,Sonia,Miles
393,Alison,Amos
394,Kristin,Marlin
395,Sandy,Galen
396,Sallie,Derrick
397,Rosetta,Rodolfo
398,Jeannine,Darwin
399,Polly,Alberto
400,Eloise,Eldon
401,Ronda,Wilfred
402,Freda,Edmond
403,Reba,Dominic
404,Frankie,Adam
405,Randi,Dewayne
406,Roseann,Evan
407,Violet,Norris
408,Lenora,Dannie
409,Henrietta,Barney
410,Tanya,Murray
411,Isabel,Christophe
412,Shannon,Jerrold
413,Rosalyn,Moses
414,Amanda,Marty
415,Camille,Ron
416,Christie,Frederic
417,Fannie,Lamar
418,Jeanie,Darnell
419,Lila,Ernie
420,Marcy,Harley
421,Rena,Grover
422,Heidi,Dexter
423,Bettye,Ernesto
424,Earnestine,Blaine
425,Joanna,Enrique
426,Jacalyn,Ned
427,Maggie,Clay
428,Mamie,Ronny
429,Natalie,Al
430,Yvette,Kirby
431,Marta,Elijah
432,Dee,Gabriel
433,Sharron,Winston
434,Sonja,Alphonso
435,Ava,Kelvin
436,Nelda,Curt
437,Estella,Jorge
438,Bette,Orville
439,Ilene,Phil
440,Heather,Sterling
441,Jolene,Abraham
442,Ruthie,Junior
443,Kristina,Irving
444,Kaye,Brett
445,Bettie,Javier
446,Nanette,Vaughn
447,Dona,Denny
448,Melba,Reed
449,Robbie,Jess
450,Myrtle,Loyd
451,Antonia,Linwood
452,Denice,Reuben
453,Myrna,Julio
454,Katharine,Lon
455,Jerri,Joey
456,Cathryn,Elton
457,Nita,Sanford
458,Marilynn,Donny
459,Carlene,Elliott
460,Genevieve,Billie
461,Ladonna,Randell
462,Gina,Roscoe
463,Inez,Thaddeus
464,Kristy,Simon
465,Althea,Harrison
466,Chris,Thurman
467,Gracie,Michel
468,Rene,Blair
469,Mable,Jason
470,Merry,Levi
471,Dorothea,Burton
472,Fay,Kris
473,Muriel,Dick
474,Shari,Austin
475,Meredith,Drew
476,Janelle,Kermit
477,Rae,Nolan
478,Blanche,Cornell
479,Jewel,Eddy
480,Lenore,Blake
481,Lesley,Emanuel
482,Lorene,Joesph
483,Elise,Sean
484,Eugenia,Will
485,Candy,Dudley
486,Cherry,Kennith
487,Pat,Elliot
488,Suzan,Sandy
489,Sadie,Fredric
490,Kelly,Tomas
491,Kristi,Jasper
492,Coleen,Emil
493,Colette,Jaime
494,Tracy,Ramiro
495,Ana,Reid
496,Gayla,Carmen
497,Lynnette,Norbert
498,Sharlene,Rocco
499,Delois,Odell
500,Essie,Stevie
501,Kristen,Colin
502,Ora,Elwood
503,Valarie,August
504,Roslyn,Kendall
505,Sonya,Toby
506,Winifred,Wiley
507,Elena,Dane
508,Willa,Geary
509,Clarice,Shawn
510,Kathi,Erik
511,Angelina,Lane
512,Dolly,Danial
513,Rosalinda,Ulysses
514,Lela,Jody
515,Maryanne,Felipe
516,Johanna,Rogelio
517,Earlene,Donn
518,Jerry,Lamont
519,Mindy,Millard
520,Bernadine,Casey
521,Daphne,Ward
522,Roxann,Timmy
523,Gilda,Elvin
524,Pearlie,Gilberto
525,Ina,Israel
526,Cathie,Joshua
527,Nettie,Val
528,Nona,Terrell
529,James,Alejandro
530,Lucia,Gus
531,Dinah,Russel
532,Eula,Eduardo
533,Earline,Jake
534,Allison,Justin
535,Jocelyn,Robbie
536,Katrina,Jeremiah
537,Lavonne,Orlando
538,Alexis,Pablo
539,Beverley,Zachary
540,Julianne,Garrett
541,Lorrie,Monroe
542,Maryellen,Morgan
543,Francis,Gail
544,Nikki,Elias
545,Etta,Merrill
546,Clare,Winfred
547,Lyn,Riley
548,Mari,Rory
549,Debby,Abel
550,Jimmie,Ivory
551,Mavis,Jackson
552,Benita,Mitchel
553,Tommie,Reynaldo
554,Valorie,Weldon
555,Angie,Mary
556,Marietta,Luke
557,Marva,Bobbie
558,Mollie,Domingo
559,Nola,Carter
560,Ollie,Cedric
561,Tonya,Charley
562,Elvira,Merlin
563,Randy,Erwin
564,Roxie,Maynard
565,Karol,Roman
566,Kristie,Solomon
567,Alfreda,Jefferson
568,Leticia,Nicky
569,Rhoda,Barton
570,Dena,Chuck
571,Edwina,Donnell
572,Jannie,Ollie
573,Leanne,Otto
574,Delilah,Andres
575,Nan,Adolph
576,Shelby,Hollis
577,Fern,Jean
578,Melva,Ismael
579,Corrine,Stan
580,Vickey,Bennett
581,Pamala,Harris
582,Patrica,Bryant
583,Estelle,Emory
584,Kathrine,Noah
585,Nanci,Rogers
586,Gaye,Vern
587,Georgette,Davis
588,Queen,Jacky
589,Suzette,Sergio
590,Elva,Duncan
591,Debrah,Denver
592,Elsa,Eli
593,Mabel,Mathew
594,Arleen,Armand
595,Sybil,Ed
596,Cornelia,Emery
597,Mitzi,Irwin
598,Lea,Rolando
599,Malinda,Booker
600,Blanca,Bryce
601,Helena,Delmar
602,Karon,Dwain
603,Marylou,Bart
604,Rosanna,Jamie
605,Sydney,Linda
606,Iva,Vito
607,Felicia,Dickie
608,Ingrid,Anton
609,Pam,Emilio
610,Avis,Guillermo
611,Harriett,Hiram
612,Marcie,Isaiah
613,Margery,Jerold
614,Cecile,Santiago
615,Ola,Damon
616,Addie,Lindsey
617,Beulah,Shelby
618,Lizzie,Clair
619,Lottie,Quentin
620,Luann,Coy
621,Elisabeth,Seth
622,Marilee,Arlen
623,Opal,Bernie
624,Lupe,Connie
625,Aurora,Reggie
626,John,Ryan
627,Leann,Stanford
628,Caryn,Benito
629,Darcy,Shelton
630,Ivy,Butch
631,Luanne,Errol
632,Josie,Hershel
633,Loraine,Clement
634,Celestine,Douglass
635,Peggie,Kenton
636,Cheryle,Myles
637,Deirdre,Sonny
638,Freida,Carson
639,Madelyn,Rusty
640,Kitty,Ian
641,Robert,Ignacio
642,Caren,Scotty
643,Debbra,Dalton
644,Geralyn,Chad
645,Leigh,Johnie
646,Leola,Major
647,Michael,Mac
648,Eve,Nickolas
649,Millie,Brady
650,Annmarie,Lavern
651,Elisa,Wilton
652,Dorthy,Burt
653,Ronnie,Cameron
654,Alyce,Doug
655,Cinda,Hilton
656,Barbra,Rand
657,Aileen,Wilford
658,Neva,Wilmer
659,Sherrill,Rayford
660,Danielle,Buford
661,Vikki,Carmine
662,Janell,Dirk
663,Valeria,Gaylord
664,Dorene,Gearld
665,Ester,Isiah
666,Greta,Marco
667,May,Stanton
668,Jewell,Augustus
669,Retha,Dee
670,Carmela,Marcel
671,Doretha,Stevan
672,Joe,Lenard
673,Katheryn,Cleo
674,Dollie,Garth
675,Mickey,Laverne
676,Rebekah,Shannon
677,Twila,Corey
678,Alana,Hank
679,Effie,Lemuel
680,Elissa,Lonny
681,Juana,Pierre
682,Madonna,Carol
683,Charleen,Freeman
684,Eddie,Mikel
685,Minerva,Nicolas
686,Pattie,Patricia
687,Dottie,Royal
688,Jacklyn,Basil
689,Cleo,Fletcher
690,Deana,Glynn
691,Alta,Saul
692,Esperanza,Stacy
693,Graciela,Taylor
694,Oralia,Pasquale
695,Reva,Silas
696,Roseanne,Gayle
697,Evangeline,Leigh
698,Maribeth,Lindsay
699,Aleta,Earle
700,Alexandra,Jeremy
701,Freddie,Santos
702,Leta,Wilburn
703,Leila,Anderson
704,Maura,Bud
705,Lorie,Herschel
706,Marlys,Kip
707,Josefina,Mervin
708,Mercedes,Scot
709,Terese,Everette
710,Consuelo,Forest
711,Elnora,Marlon
712,Georgianna,Napoleon
713,Kyle,Raleigh
714,Roxanna,Alva
715,Deanne,Felton
716,Donita,Randel
717,Georgina,Houston
718,Kris,Jules
719,Krista,Lacy
720,Renae,Otha
721,Deena,Alden
722,Maryjo,Judson
723,Abigail,Lincoln
724,Geri,Marcos
725,Hannah,Milo
726,Delphine,Deborah
727,Goldie,Humberto
728,Maryjane,Lawerence
729,Imogene,Graham
730,Louisa,Jere
731,Melodie,King
732,Bonny,Rod
733,Cathey,Artis
734,Madeleine,Huey
735,Treva,Kimberly
736,Corliss,Len
737,Virgie,Ricki
738,William,Rolland
739,Ila,Tod
740,Juliana,Mckinley
741,Judi,Mose
742,Kathaleen,Del
743,Lorena,Emmitt
744,Portia,Ike
745,Christi,Jonathon
746,Dian,Alphonse
747,Janna,Avery
748,Daryl,Dwaine
749,Janeen,Lauren
750,Marina,Sherwood
751,Meryl,Cliff
752,Angelita,Noe
753,Caryl,Theron
754,Tara,Augustine
755,Darleen,Cyril
756,Laureen,Eloy
757,Fran,Emerson
758,Frieda,Erick
759,Karyn,Odis
760,Vonda,Cruz
761,Carleen,Raphael
762,Libby,Woody
763,Callie,Fidel
764,Raquel,Joaquin
765,Catharine,Mason
766,Jacque,Beverly
767,Lilly,Lyman
768,Nannette,Wardell
769,Ofelia,Xavier
770,Gerry,Bruno
771,Letha,Burl
772,Lily,Clint
773,Merle,Elroy
774,Sanjuanita,Jordan
775,Shirlene,Tyler
776,Camilla,Carlo
777,David,Coleman
778,Jacquline,Hans
779,Mariann,Hugo
780,Ophelia,Leonardo
781,Reta,Murphy
782,Lavern,Olin
783,Odessa,Foster
784,Pandora,Lynwood
785,Bobby,Ritchie
786,Lauretta,Brooks
787,Marybeth,Delmer
788,Ronna,Matt
789,Stacey,Milford
790,Bethany,Waymon
791,Elma,Lesley
792,Rosita,Normand
793,Silvia,Warner
794,Angelia,Berry
795,Charla,Courtney
796,Elyse,Efrain
797,Lona,Gil
798,Tana,Gustavo
799,Tracey,Mel
800,Aida,Von
801,Herlinda,Cyrus
802,Lizabeth,Dewitt
803,Margret,Lupe
804,Nedra,Vicente
805,Nell,Brandon
806,Stacy,Kurtis
807,Margot,Lucius
808,Glinda,Cletus
809,Mara,Curtiss
810,Roseanna,Haywood
811,Bennie,Meredith
812,Danna,Quinton
813,Jodi,Zane
814,Leanna,Barbara
815,Lindsay,Domenic
816,Rachelle,Emile
817,Sherryl,Gerardo
818,Theodora,Kit
819,Hollis,Layne
820,Sharyn,Verne
821,Vernell,Adolfo
822,Carlotta,Cleve
823,Fonda,Columbus
824,Louella,Donovan
825,Carmella,Farrell
826,Carolynn,Hayward
827,Jodie,Maxwell
828,Lonnie,Derrell
829,Matilda,Donell
830,Rosario,Audie
831,Charles,Brice
832,Elinor,Buster
833,Estela,Lawrance
834,Martina,Lorenza
835,Tammy,Trinidad
836,Dorinda,Alec
837,Jerrie,Boyce
838,Kimberley,Hoyt
839,Marianna,Truman
840,Rhea,Bertram
841,Shawn,Carleton
842,Beryl,Dennie
843,Laraine,Ferdinand
844,Megan,Garfield
845,Shauna,Arnulfo
846,Cassie,Darren
847,Deidre,Emmanuel
848,Susanna,Fritz
849,Adeline,Gaylen
850,Gaynell,Agustin
851,Georgene,Alford
852,Marleen,Bryon
853,Mimi,Cody
854,Sharen,Dell
855,Sophie,Jarvis
856,Twyla,Lorin
857,Angeline,Lucian
858,Collette,Rubin
859,Concetta,Shirley
860,Justine,Toney
861,Lauri,Wally
862,Magdalena,Winford
863,Carolann,Arden
864,Elouise,Arlie
865,Lorelei,Brendan
866,Rowena,Cris
867,Aline,Olen
868,Suzann,Regis
869,Winona,Walker
870,Cathrine,Adan
871,Esmeralda,Artie
872,Isabelle,Darold
873,Lelia,Elmo
874,Winnie,Jed
875,Claudine,Kelley
876,Jann,Raymon
877,Nicki,Robby
878,Corine,Alfonzo
879,Karan,Benedict
880,Lucretia,Duwayne
881,Rosann,Edwardo
882,Rosella,Issac
883,Sophia,Bernardo
884,Gwenda,Brant
885,Lourdes,Cesar
886,Sidney,Cordell
887,Amber,Dorsey
888,Carolina,Gaylon
889,George,Gregorio
890,Ginny,Jacques
891,Ricki,Lyndon
892,Toby,Omar
893,Donnie,Rolf
894,Georgiana,Rupert
895,Paige,Theadore
896,Wilda,Vernell
897,Adela,Bonnie
898,Bobbi,Carnell
899,Christa,Carrol
900,Joellen,Garold
901,Roselyn,Lenny
902,Joycelyn,Nancy
903,Juliann,Reynold
904,Richard,Rollin
905,Tonia,Trent
906,Cheryll,Vince
907,Clementine,Erich
908,Jerilyn,Federico
909,Linnea,Garey
910,Luz,Gerold
911,Velda,Melton
912,Mickie,Stacey
913,Nicole,Thad
914,Deann,Valentine
915,Eliza,Darius
916,Kathlyn,Eliot
917,Lawanda,Enoch
918,Norine,Ezell
919,Selma,Hardy
920,Thea,Lindell
921,Dina,Lucious
922,Francisca,Mikeal
923,Kate,Parker
924,Pennie,Rodrick
925,Evonne,Stefan
926,Hilary,Sydney
927,Juliette,Adolphus
928,Rona,Ashley
929,Zoe,Michal
930,Carroll,Randle
931,Clarissa,Theodis
932,Lessie,Elden
933,Phoebe,Isidro
934,Trina,Jonas
935,Brinda,Newton
936,Candyce,Prince
937,Erlinda,Rob
938,Gerri,Verlin
939,Janey,Ambrose
940,Joette,Damian
941,Lindy,Dayton
942,Marty,Eldridge
943,Pansy,Ezra
944,Rachael,Harmon
945,Ruthann,Howell
946,Adrian,Jame
947,Georgie,Jared
948,Karolyn,Jewel
949,Lise,Jonnie
950,Romona,Kimball
951,Starr,Lenwood
952,Teena,Mahlon
953,Daria,Windell
954,Dayle,Darell
955,Deborrah,Edison
956,Elida,Elwin
957,Jeanetta,Genaro
958,Judie,Hobert
959,Kathlene,Milan
960,Kendra,Noble
961,Sammie,Oren
962,Socorro,Raymundo
963,Susann,Skip
964,Veda,Wyatt
965,Zelda,Johnathan
966,Zelma,Loy
967,Abby,Susan
968,Annetta,Alvis
969,Belva,Arlan
970,Florine,Benton
971,Jacquelin,Britt
972,Jacqulyn,Edsel
973,Erica,Elvis
974,Lucile,Ezzard
975,Evangelina,Josh
976,Harriette,Madison
977,Juliet,Maxie
978,Letitia,Michale
979,Luella,Terrill
980,Nancie,Whitney
981,Ursula,Brock
982,Wilhelmina,Carmelo
983,Bernita,Clarke
984,Evon,Donal
985,Joleen,Durwood
986,Marita,Franklyn
987,Marlena,Glendon
988,Milagros,Gonzalo
989,Nicolette,Granville
990,Regenia,Lucien
991,Shellie,Margarito
992,Carmelita,Orrin
993,Larry,Orval
994,Ellyn,Arlin
995,Pamella,Aron
996,Selena,Ethan
997,Alene,Lafayette
998,Debera,Leopoldo
999,Erin,Quincy
1000,Leslee,Walton
