Rank,Name
1,John
2,William
3,James
4,George
5,Charles
6,Joseph
7,Robert
8,Frank
9,Edward
10,Thomas
11,Henry
12,Walter
13,Harry
14,Willie
15,Arthur
16,Albert
17,Clarence
18,Fred
19,Paul
20,Harold
21,Raymond
22,Roy
23,Carl
24,Joe
25,Louis
26,Richard
27,Earl
28,Jack
29,Ralph
30,Ernest
31,Samuel
32,Charlie
33,David
34,Herbert
35,Francis
36,Theodore
37,Howard
38,Leo
39,Alfred
40,Elmer
41,Sam
42,Andrew
43,Lawrence
44,Eugene
45,Lee
46,Floyd
47,Michael
48,Herman
49,Leonard
50,Daniel
51,Oscar
52,Clyde
53,Lester
54,Anthony
55,Ray
56,Russell
57,Jesse
58,Peter
59,Stanley
60,Donald
61,Clifford
62,Edwin
63,Frederick
64,Leroy
65,Lewis
66,Cecil
67,Kenneth
68,Chester
69,Benjamin
70,Eddie
71,Claude
72,Lloyd
73,Tom
74,Harvey
75,Will
76,Leon
77,Martin
78,Jessie
79,Bernard
80,Luther
81,Ben
82,Edgar
83,Homer
84,Jim
85,Philip
86,Norman
87,Johnnie
88,Melvin
89,Leslie
90,Alvin
91,Allen
92,Milton
93,Oliver
94,Patrick
95,Everett
96,Stephen
97,Glenn
98,Roosevelt
99,Victor
100,Alexander
101,Hugh
102,Archie
103,Jacob
104,Marion
105,Guy
106,Marvin
107,Gerald
108,Maurice
109,Vernon
110,Morris
111,Horace
112,Julius
113,Virgil
114,Warren
115,Hubert
116,Vincent
117,Ed
118,Otis
119,Ira
120,Otto
121,Wilbur
122,Sidney
123,Willard
124,Wallace
125,Dan
126,Wesley
127,Manuel
128,Nathan
129,Lonnie
130,Bennie
131,Gordon
132,Jose
133,Dewey
134,Earnest
135,Alex
136,Curtis
137,Gilbert
138,Isaac
139,Arnold
140,Rufus
141,Willis
142,Bert
143,Mack
144,Bill
145,Emil
146,Jimmie
147,Steve
148,Charley
149,Irving
150,Orville
151,Percy
152,Glen
153,Rudolph
154,August
155,Franklin
156,Sylvester
157,Mike
158,Jerry
159,Clifton
160,Ellis
161,Max
162,Roland
163,Calvin
164,Clinton
165,Nathaniel
166,Edmund
167,Matthew
168,Douglas
169,Johnie
170,Emmett
171,Abraham
172,Elbert
173,Irvin
174,Marshall
175,Aaron
176,Felix
177,Jake
178,Jerome
179,Nelson
180,Cornelius
181,Phillip
182,Wayne
183,Adolph
184,Nicholas
185,Dave
186,Perry
187,Moses
188,Roger
189,Clayton
190,Alton
191,Amos
192,Owen
193,Adam
194,Jay
195,Jess
196,Mark
197,Booker
198,Ollie
199,Tommie
200,Tony
201,Claud
202,Laurence
203,Simon
204,Forrest
205,Preston
206,Dennis
207,Juan
208,Leland
209,Antonio
210,Gus
211,Ted
212,Ivan
213,Karl
214,Loyd
215,Sherman
216,Merle
217,Pete
218,Roscoe
219,Levi
220,Bruce
221,Monroe
222,Ross
223,Bob
224,Lyle
225,Grady
226,Harley
227,Reuben
228,Don
229,Wilfred
230,Mary
231,Wilson
232,Grant
233,Carroll
234,Byron
235,Fredrick
236,Johnny
237,Julian
238,Wilbert
239,Abe
240,Elijah
241,Elwood
242,Ervin
243,Mose
244,Erwin
245,Jasper
246,Larry
247,Millard
248,Alonzo
249,Anton
250,Aubrey
251,Dale
252,Grover
253,Burton
254,Ronald
255,Wiley
256,Emanuel
257,Alva
258,Austin
259,Barney
260,Christopher
261,Delbert
262,Ruben
263,Clark
264,Neal
265,Timothy
266,Malcolm
267,Noah
268,Reginald
269,Eli
270,Forest
271,Harrison
272,Silas
273,Jeff
274,Luke
275,Nick
276,Troy
277,Wade
278,Andy
279,Freddie
280,Gene
281,Mckinley
282,Edd
283,Edmond
284,Louie
285,Marcus
286,Miles
287,Pedro
288,Solomon
289,Tommy
290,Myron
291,Rex
292,Cleveland
293,Cyril
294,Boyd
295,Carlos
296,Ramon
297,Cleo
298,Lowell
299,Ward
300,Dallas
301,Dock
302,Herschel
303,Al
304,Angelo
305,Coy
306,Elton
307,Gustave
308,Loren
309,Van
310,Allan
311,Clement
312,Christian
313,Fay
314,Major
315,Mitchell
316,Pearl
317,Wilmer
318,Chris
319,Dudley
320,Emery
321,Randolph
322,Dominick
323,Eric
324,Jackson
325,Lynn
326,Mathew
327,Olin
328,Ora
329,Salvatore
330,Carlton
331,Clair
332,Earle
333,Ezra
334,Fletcher
335,Hiram
336,Lyman
337,Maynard
338,Pat
339,Russel
340,Ambrose
341,Bud
342,Emory
343,Joel
344,Sol
345,Stewart
346,Columbus
347,Isadore
348,Isiah
349,Merrill
350,Murray
351,Orval
352,Sterling
353,Anderson
354,Conrad
355,Lionel
356,Odell
357,Helen
358,Noble
359,Riley
360,Coleman
361,Dwight
362,Elliott
363,Foster
364,Neil
365,Noel
366,Oren
367,Royal
368,Spencer
369,Vern
370,Clay
371,Dean
372,Dewitt
373,Eldon
374,Elmo
375,Emmet
376,Garland
377,Hollis
378,Houston
379,Matt
380,Newton
381,Asa
382,Berry
383,Emerson
384,Enoch
385,Francisco
386,Freeman
387,Jimmy
388,Jonas
389,Lorenzo
390,Morgan
391,Rosevelt
392,Stuart
393,Alan
394,Dee
395,Elisha
396,Lucius
397,Steven
398,Tim
399,Vance
400,Wm
401,Augustus
402,Buck
403,Buford
404,Ike
405,Irwin
406,Jeremiah
407,Lemuel
408,Scott
409,Valentine
410,Warner
411,Adrian
412,Archibald
413,Basil
414,Buster
415,Carter
416,Chauncey
417,Early
418,Emile
419,Hal
420,Haywood
421,Isaiah
422,Lacy
423,Lenard
424,Lon
425,Margaret
426,Ned
427,Prince
428,Rollin
429,Sydney
430,Alfonso
431,Alphonse
432,Clarance
433,Cyrus
434,Davis
435,Delmar
436,Elvin
437,Elzie
438,Emmitt
439,Evan
440,Jean
441,Jules
442,Milo
443,Omer
444,Palmer
445,Porter
446,Rocco
447,Sanford
448,Waldo
449,Walker
450,Wendell
451,Alford
452,Burl
453,Dominic
454,Granville
455,Harris
456,Hyman
457,Jordan
458,Josh
459,Joshua
460,Keith
461,Kelly
462,Linwood
463,Mason
464,Mildred
465,Odis
466,Ottis
467,Reed
468,Ulysses
469,Wilburn
470,Abner
471,Aloysius
472,Billie
473,Billy
474,Connie
475,Elias
476,Ethel
477,Jefferson
478,Jesus
479,Loy
480,Luis
481,Meyer
482,Micheal
483,Phil
484,Taylor
485,Thad
486,Verne
487,Chas
488,Cliff
489,Ellsworth
490,Ferdinand
491,Frederic
492,Garfield
493,Hugo
494,Jewell
495,Jonathan
496,King
497,Lonzo
498,Rolland
499,Rollie
500,Rowland
501,Ruby
502,Theron
503,Truman
504,Winfield
505,Allie
506,Anna
507,Bertram
508,Clem
509,Dick
510,Gabriel
511,Hardy
512,Henery
513,Lindsey
514,Madison
515,Miguel
516,Olen
517,Otho
518,Raleigh
519,Roman
520,Seth
521,Shelby
522,Terry
523,Theo
524,Vernie
525,Wilford
526,Wilton
527,Arlie
528,Benny
529,Clint
530,Dorsey
531,Frances
532,Gail
533,Garnett
534,Gaston
535,Green
536,Guadalupe
537,Hamilton
538,Harmon
539,Hershel
540,Jonnie
541,Lesley
542,Maxwell
543,Murphy
544,Obie
545,Ole
546,Pablo
547,Saul
548,Shirley
549,Wilber
550,Benjiman
551,Bonnie
552,Brady
553,Carey
554,Cicero
555,Doyle
556,Duane
557,Duncan
558,Elmore
559,Hans
560,Harlan
561,Hazel
562,Hobert
563,Judge
564,Lucien
565,Miller
566,Napoleon
567,Odie
568,Otha
569,Parker
570,Patsy
571,Richmond
572,Romeo
573,Rubin
574,Tomas
575,Walton
576,Addison
577,Alois
578,Alphonso
579,Bennett
580,Bessie
581,Cletus
582,Cleve
583,Evans
584,Florence
585,Garrett
586,General
587,Gustav
588,Hampton
589,Omar
590,Rene
591,Reynold
592,Rose
593,Smith
594,Webster
595,Abel
596,Antone
597,Armand
598,Artis
599,Augustine
600,Carmine
601,Carson
602,Israel
603,Jewel
604,Johnson
605,Loyal
606,Marcellus
607,Melville
608,Myrtle
609,Nat
610,Norris
611,Pierce
612,Randall
613,Roderick
614,Sandy
615,Teddy
616,Vaughn
617,Vivian
618,Weldon
619,Adolphus
620,Alvie
621,Angus
622,Annie
623,Arch
624,Artie
625,Avery
626,Beverly
627,Everette
628,Felipe
629,Fritz
630,Geo
631,Graham
632,Guss
633,Hayward
634,Isom
635,Issac
636,Jason
637,Josiah
638,Junius
639,Lafayette
640,Lucious
641,Ludwig
642,Maxie
643,Milford
644,Minnie
645,Newell
646,Norbert
647,Oran
648,Quincy
649,Rafael
650,Rodney
651,Ruth
652,Sim
653,Son
654,Thurman
655,Winston
656,Albin
657,Allison
658,Arden
659,Brooks
660,Christ
661,Clare
662,Cleon
663,Clovis
664,Curley
665,Delmer
666,Domingo
667,Eldridge
668,Elsie
669,Enos
670,Ewell
671,Gale
672,Gerhard
673,Gladys
674,Hoyt
675,Huey
676,Josephine
677,June
678,Justin
679,Kermit
680,Lawson
681,Leander
682,Lillian
683,Logan
684,Lucian
685,Merritt
686,Morton
687,Orin
688,Raymon
689,Rupert
690,Sammie
691,Santiago
692,Turner
693,Williard
694,Zack
695,Zeb
696,Abram
697,Ace
698,Alberto
699,Alden
700,Aron
701,Arther
702,Benedict
703,Bernice
704,Caleb
705,Carmen
706,Claire
707,Claudie
708,Eino
709,Elizabeth
710,Fern
711,Gerard
712,Gust
713,Hector
714,Hobart
715,Hosea
716,Ignacio
717,Isidore
718,Ivory
719,Julio
720,Lemmie
721,Lincoln
722,Lou
723,Paris
724,Pink
725,Rudy
726,Ruel
727,Sebastian
728,Thaddeus
729,Theadore
730,Tobe
731,Virgie
732,Worth
733,Wyatt
734,Alfonzo
735,Alfredo
736,Andres
737,Axel
738,Beckham
739,Benito
740,Bertha
741,Bryan
742,Bryant
743,Carol
744,Casey
745,Clara
746,Doc
747,Elie
748,Emma
749,Ezekiel
750,Felton
751,Gregory
752,Heber
753,Hermon
754,Hilton
755,Huston
756,Judson
757,Lambert
758,Laverne
759,Leeroy
760,Less
761,Lindsay
762,Louise
763,Marie
764,Mattie
765,Nolan
766,Pierre
767,Rosco
768,Royce
769,Rube
770,Rudolf
771,Sampson
772,Santos
773,Sheldon
774,Stanford
775,Thedore
776,Thornton
777,Toney
778,Toy
779,Travis
780,Urban
781,Vester
782,Wash
783,Alice
784,Alonza
785,Arley
786,Arvil
787,Barry
788,Bernie
789,Bertrand
790,Bishop
791,Bobbie
792,Boss
793,Bruno
794,Buddie
795,Burt
796,Carrie
797,Cary
798,Cloyd
799,Collie
800,Cora
801,Courtney
802,Dalton
803,Dana
804,Dell
805,Dempsey
806,Denver
807,Donnie
808,Donovan
809,Elvie
810,Ennis
811,Fate
812,Ford
813,Franklyn
814,Grace
815,Griffin
816,Henderson
817,Ignatius
818,Ivy
819,Joy
820,Junior
821,Landon
822,Larkin
823,Len
824,Merlin
825,Mitchel
826,Nels
827,Okey
828,Olaf
829,Oswald
830,Ozie
831,Presley
832,Price
833,Raphael
834,Rogers
835,Rosario
836,Rush
837,Salvador
838,Stacy
839,Thelma
840,Tracy
841,Trinidad
842,Verl
843,West
844,Williams
845,Winfred
846,Addie
847,Alejandro
848,Alma
849,Almon
850,Bartholomew
851,Bee
852,Benjamine
853,Blaine
854,Carleton
855,Carrol
856,Clarke
857,Crawford
858,Darrell
859,Durward
860,Edna
861,Elwin
862,Elwyn
863,Emilio
864,Evelyn
865,Fenton
866,Garnet
867,Gary
868,Hardie
869,Harland
870,Haskell
871,Hershell
872,Heyward
873,Hilliard
874,Hubbard
875,Hurley
876,Irene
877,Jodie
878,Joesph
879,Julious
880,Lessie
881,Levy
882,Lige
883,Lois
884,Loney
885,Lula
886,Mabel
887,Marcel
888,Marty
889,Melton
890,Merton
891,Mervin
892,Minor
893,Oneal
894,Orlando
895,Pasquale
896,Reid
897,Ricardo
898,Roberto
899,Roma
900,Shelton
901,Sid
902,Sylvan
903,Teddie
904,Terrell
905,Virgle
906,Westley
907,Wheeler
908,Whit
909,Wilfrid
910,Acie
911,Agustin
912,Alec
913,Art
914,Ashley
915,Augusta
916,Bart
917,Baxter
918,Benton
919,Blake
920,Burley
921,Butler
922,Casper
923,Cedric
924,Chesley
925,Clarnce
926,Craig
927,Curt
928,Daisy
929,Dannie
930,Dennie
931,Dillard
932,Dorothy
933,Einar
934,Elden
935,Eligah
936,Ella
937,Elliot
938,Ellwood
939,Emmit
940,Enrique
941,Ernie
942,Essie
943,Estel
944,Eunice
945,Evert
946,Ezell
947,Fayette
948,Fleming
949,Furman
950,Gaylord
951,Giles
952,Glover
953,Harlie
954,Harve
955,Hattie
956,Hayden
957,Hilbert
958,Holmes
959,Howell
960,Hurbert
961,Junious
962,Justus
963,Kent
964,Kyle
965,Lawton
966,Lem
967,Lemon
968,Lena
969,Lennie
970,Lenon
971,Lenord
972,Lillie
973,Lonie
974,Loran
975,Lovell
976,Lucas
977,Lupe
978,Mahlon
979,Marlin
980,Maude
981,May
982,Mearl
983,Merl
984,Michel
985,Milburn
986,Murry
987,Norval
988,Ocie
989,Oral
990,Ozzie
991,Pearlie
992,Ples
993,Porfirio
994,Reece
995,Roe
996,Seymour
997,Thurston
998,Tillman
999,Vicente
1000,Waldemar
