Rank,Girl Name,Boy Name
1,Mary,Michael
2,Debra,James
3,Linda,Robert
4,Deborah,David
5,Susan,John
6,Patricia,William
7,Karen,Richard
8,Cynthia,Mark
9,Barbara,Thomas
10,Donna,Steven
11,Nancy,Charles
12,Pamela,Joseph
13,Sharon,Gary
14,Sandra,Donald
15,Diane,Ronald
16,Carol,Kenneth
17,Kathleen,Paul
18,Cheryl,Daniel
19,Brenda,Timothy
20,Kathy,Jeffrey
21,Janet,Larry
22,Elizabeth,Kevin
23,Denise,Stephen
24,Teresa,Gregory
25,Margaret,Edward
26,Janice,Dennis
27,Rebecca,George
28,Catherine,Randy
29,Robin,Douglas
30,Joyce,Anthony
31,Lisa,Terry
32,Theresa,Brian
33,Carolyn,Bruce
34,Laura,Scott
35,Judy,Jerry
36,Cathy,Keith
37,Cindy,Peter
38,Kim,Frank
39,Debbie,Raymond
40,Beverly,Patrick
41,Shirley,Roger
42,Christine,Lawrence
43,Connie,Ricky
44,Betty,Alan
45,Judith,Wayne
46,Ann,Danny
47,Paula,Christopher
48,Julie,Carl
49,Gail,Gerald
50,Jane,Dale
51,Bonnie,Craig
52,Joan,Russell
53,Gloria,Walter
54,Sherry,Randall
55,Sheila,Johnny
56,Diana,Andrew
57,Vicki,Jeffery
58,Lynn,Willie
59,Martha,Steve
60,Kathryn,Arthur
61,Wanda,Glenn
62,Rhonda,Roy
63,Peggy,Joe
64,Rose,Philip
65,Jean,Rodney
66,Lori,Jack
67,Katherine,Ralph
68,Vickie,Billy
69,Jo,Barry
70,Marilyn,Stanley
71,Darlene,Henry
72,Dorothy,Harold
73,Kimberly,Martin
74,Maria,Samuel
75,Virginia,Ronnie
76,Laurie,Phillip
77,Ruth,Bobby
78,Jacqueline,Jimmy
79,Rita,Eric
80,Valerie,Curtis
81,Terri,Albert
82,Phyllis,Louis
83,Anita,Micheal
84,Ellen,Howard
85,Victoria,Tony
86,Anne,Eugene
87,Tina,Allen
88,Michelle,Darrell
89,Elaine,Leonard
90,Helen,Matthew
91,Terry,Frederick
92,Dawn,Jay
93,Angela,Eddie
94,Suzanne,Ernest
95,Wendy,Harry
96,Marie,Victor
97,Jennifer,Mike
98,Alice,Vincent
99,Joanne,Dean
100,Michele,Rick
101,Jill,Melvin
102,Maureen,Fred
103,Anna,Bradley
104,Leslie,Lee
105,Sally,Marvin
106,Renee,Joel
107,Frances,Norman
108,Sylvia,Jose
109,Doris,Calvin
110,Marcia,Earl
111,Stephanie,Francis
112,Jeanne,Rickey
113,Colleen,Ray
114,Sheryl,Jonathan
115,Sarah,Tommy
116,Roberta,Jon
117,Beth,Jerome
118,Sue,Kim
119,Annette,Theodore
120,Evelyn,Clarence
121,Yvonne,Alfred
122,Amy,Clifford
123,Eileen,Don
124,Lorraine,Edwin
125,Regina,Glen
126,Loretta,Jesse
127,Andrea,Duane
128,Gwendolyn,Chris
129,Marsha,Gordon
130,Julia,Bernard
131,Carla,Benjamin
132,Charlene,Bryan
133,Charlotte,Dan
134,Glenda,Alvin
135,Lois,Marc
136,Jan,Mitchell
137,Dianne,Herbert
138,Norma,Kurt
139,Joann,Dwight
140,Joy,Leroy
141,Constance,Warren
142,Melinda,Brad
143,Melanie,Robin
144,Becky,Reginald
145,Vanessa,Jeff
146,Vicky,Guy
147,Doreen,Nicholas
148,Vivian,Jim
149,Audrey,Kent
150,Melissa,Karl
151,Toni,Vernon
152,Juanita,Leslie
153,Patti,Garry
154,Kay,Leon
155,Melody,Lonnie
156,Lynne,Todd
157,Janis,Wesley
158,Penny,Lloyd
159,Irene,Bill
160,Jeanette,Gilbert
161,Debora,Tom
162,Holly,Kirk
163,Gayle,Perry
164,Yolanda,Jackie
165,Louise,Daryl
166,Carmen,Carlos
167,Belinda,Franklin
168,Rosa,Lewis
169,Monica,Juan
170,Marlene,Gene
171,Annie,Neil
172,Roxanne,Floyd
173,Christina,Donnie
174,Dana,Tim
175,Rosemary,Clyde
176,Geraldine,Lester
177,Sherri,Allan
178,Sara,Randolph
179,Ruby,Dana
180,Jackie,Manuel
181,Gina,Gerard
182,June,Greg
183,Shelia,Kerry
184,Lee,Leo
185,Eva,Charlie
186,Claudia,Stuart
187,Marjorie,Darryl
188,Delores,Milton
189,Grace,Jimmie
190,Veronica,Kelly
191,Arlene,Brent
192,Patsy,Ted
193,Lynda,Terrence
194,Jody,Rex
195,Sheri,Gregg
196,Shelley,Freddie
197,Rachel,Tyrone
198,Dolores,Harvey
199,Ramona,Ruben
200,Mildred,Dave
201,Lillian,Maurice
202,Marianne,Herman
203,Teri,Randal
204,Joni,Johnnie
205,Edna,Nathaniel
206,Lydia,Aaron
207,Marla,Chester
208,Carrie,Lynn
209,Esther,Byron
210,Josephine,Antonio
211,Edith,Alexander
212,Jayne,Roland
213,Patty,Arnold
214,Carole,Mario
215,Janie,Cecil
216,Candace,Fredrick
217,Jacquelyn,Oscar
218,Karla,Lance
219,Tracy,Marshall
220,Sheree,Neal
221,Pauline,Ricardo
222,Lucy,Luis
223,Heidi,Nathan
224,Priscilla,Wade
225,Dianna,Marcus
226,Emma,Terrance
227,Sherrie,Jessie
228,Nina,Bob
229,Georgia,Marty
230,Emily,Wendell
231,Margie,Claude
232,Marian,Clifton
233,Bobbie,Ross
234,Paulette,Clayton
235,Robyn,Clinton
236,April,Hugh
237,Darla,Sidney
238,Deanna,Sam
239,Luann,Joey
240,Mona,Wallace
241,Laurel,Nelson
242,Bonita,Carlton
243,Gladys,Rocky
244,Nora,Terence
245,Vera,Benny
246,Jeannie,Rickie
247,Clara,Edgar
248,Lynette,Andre
249,Sandy,Jesus
250,Billie,Mickey
251,Cathleen,Morris
252,Marion,Raul
253,Wilma,Alex
254,Thelma,Derrick
255,Ethel,Kenny
256,Gale,Dwayne
257,Therese,Hector
258,Betsy,Lyle
259,Lou,Geoffrey
260,Maryann,Francisco
261,Lucille,Tracy
262,Cheri,Frankie
263,Eleanor,Ron
264,Miriam,Kelvin
265,Alicia,Roberto
266,Bernice,Max
267,Jamie,Marion
268,Francine,Ben
269,Rosie,Sammy
270,Beatrice,Bennie
271,Tanya,Earnest
272,Cecilia,Rudy
273,Kristine,Rudolph
274,Dora,Bradford
275,Ella,Myron
276,Susie,Virgil
277,Claire,Clark
278,Iris,Otis
279,Faye,Troy
280,Ginger,Ira
281,Sabrina,Everett
282,Bertha,Roderick
283,Antoinette,Andy
284,Alma,Miguel
285,Nadine,Ken
286,Florence,Elmer
287,Lauren,Willard
288,Crystal,Angelo
289,Ida,Laurence
290,Willie,Stewart
291,Shelly,Armando
292,Bernadette,Loren
293,Cherie,Ramon
294,Lucinda,Darrel
295,Patrice,Ivan
296,Irma,Monte
297,Jeannette,Sylvester
298,Myra,Delbert
299,Jeri,Derek
300,Maxine,Grant
301,Yvette,Luther
302,Pam,Salvatore
303,Christy,Roosevelt
304,Terrie,Alton
305,Jana,Hal
306,Candy,Edmund
307,Ronda,Felix
308,Dale,Pedro
309,Kelly,Sean
310,Lillie,Pete
311,Rosemarie,Malcolm
312,Cassandra,Shawn
313,Rochelle,Teddy
314,Faith,Lorenzo
315,Hazel,Cary
316,Stella,Isaac
317,Gwen,Jeffry
318,Jenny,Preston
319,Nanette,Archie
320,Naomi,Rene
321,Kerry,Horace
322,Trudy,Jacob
323,Tamara,Sherman
324,Karin,Doyle
325,Candice,Leland
326,Celeste,Fernando
327,Susanne,Rory
328,Lorna,Wilbert
329,Caroline,Lowell
330,Jennie,Julius
331,Adrienne,Jan
332,Velma,Jerald
333,Shannon,Rodger
334,Lora,Angel
335,Jessie,Nick
336,Lana,Denis
337,Marcella,Tommie
338,Kristi,Drew
339,Leah,Clay
340,Rosanne,Hubert
341,Cecelia,Oliver
342,Heather,Stephan
343,Marguerite,Kyle
344,Molly,Van
345,Deloris,Homer
346,Amanda,Unknown
347,Dixie,Gerry
348,Hilda,Julian
349,Sonia,Rafael
350,Janette,Willis
351,Chris,Adrian
352,Natalie,Forrest
353,Rene,Jason
354,Leigh,Rusty
355,Verna,Ervin
356,Shari,Arturo
357,Kimberley,Freddy
358,Laverne,Alfredo
359,Alison,Ellis
360,Harriet,Alonzo
361,Kathie,Pat
362,Rosalie,Elvis
363,Janine,Sheldon
364,Bridget,Dallas
365,Lorrie,Lionel
366,Rosalind,Timmy
367,Jodi,Doug
368,Johnnie,Rufus
369,Gretchen,Wilbur
370,Madeline,Dexter
371,Tonya,Owen
372,Celia,Al
373,Desiree,Jaime
374,Cora,Mack
375,Mattie,Stevie
376,Polly,Brett
377,Shawn,Carroll
378,Hope,Dominic
379,Olga,Scot
380,Geneva,Adam
381,Mindy,Noel
382,Guadalupe,Christian
383,Della,Dewey
384,Unknown,Monty
385,Lena,Travis
386,Olivia,Boyd
387,Luanne,Bert
388,Ernestine,Alfonso
389,Gay,Jorge
390,Viola,Alberto
391,Freda,Darwin
392,Amelia,Matt
393,Margarita,Aubrey
394,Leona,Carey
395,Lola,Dirk
396,Tracey,Grady
397,Bessie,Marlon
398,Lenora,Ronny
399,Corinne,Vance
400,Margo,Dewayne
401,Ava,Curt
402,Agnes,Evan
403,Jeanine,Royce
404,Dena,Irvin
405,Camille,Blaine
406,Minnie,Casey
407,Daisy,Conrad
408,Jolene,Buddy
409,Noreen,Gabriel
410,Nellie,Shane
411,Stacey,Kirby
412,Katie,Chuck
413,Joanna,Orlando
414,Christie,Javier
415,Delia,Dominick
416,Leticia,Phil
417,Elsie,Cleveland
418,Sonja,Ernie
419,Ana,Sammie
420,Felicia,Cornelius
421,Pearl,Edmond
422,Dee,Miles
423,Rena,Percy
424,Mae,Emmett
425,Debby,Ernesto
426,Ladonna,Elbert
427,Stacy,Louie
428,Jeanie,Salvador
429,Kristin,Robbie
430,Myrna,Abraham
431,Reba,Murray
432,Tara,Spencer
433,Helene,Darnell
434,Diann,Kendall
435,Alberta,Wilson
436,Robbie,Alphonso
437,Leanne,Guadalupe
438,Jerri,Corey
439,Pat,Dane
440,Jeannine,Merle
441,Lorie,Christophe
442,Katrina,Jody
443,Lila,Garland
444,Mitzi,Jamie
445,Leann,Marlin
446,Claudette,Colin
447,Denice,Rodolfo
448,Dona,Galen
449,Suzan,Norris
450,Colette,Blake
451,Melodie,Elton
452,Flora,Julio
453,Eunice,Reed
454,Jessica,Sterling
455,Rae,Cedric
456,Katharine,Justin
457,Glenna,Enrique
458,Isabel,Lamar
459,Jocelyn,Jess
460,Robbin,Winston
461,Nita,Zachary
462,Allison,Wilfred
463,Kathi,Ed
464,Marcy,Kris
465,Lynnette,Joesph
466,Ada,Audie
467,Gayla,Randell
468,Randi,Barney
469,Marta,Wyatt
470,Elise,Bart
471,Frankie,Clint
472,Sonya,Thaddeus
473,Roxann,Denny
474,Hattie,Rocco
475,Althea,Ned
476,Rosalyn,Erik
477,Sondra,Harlan
478,Lea,Amos
479,Penelope,Elliott
480,Rosetta,Emanuel
481,Sharlene,Bryant
482,Angie,Eldon
483,Roslyn,Stan
484,Kristy,Eddy
485,Cathryn,Moses
486,Janelle,Seth
487,Sharron,Luke
488,Violet,Dannie
489,Roseann,Sandy
490,Suzette,Toby
491,Henrietta,Joshua
492,Adele,Harley
493,Mari,Damon
494,Mamie,Eduardo
495,Melba,Kennith
496,Bobbi,Lon
497,Estella,Woodrow
498,Trina,Grover
499,Kristina,Junior
500,Kaye,Mathew
501,Lorene,Blair
502,Eloise,Cameron
503,Elena,Austin
504,Kimberlee,Orville
505,Geralyn,Donny
506,Saundra,Billie
507,Shelby,Michel
508,Valarie,Reynaldo
509,Gertrude,Bennett
510,Gracie,Chad
511,Darcy,Reuben
512,Charmaine,Irving
513,Dinah,Lanny
514,Vickey,Vaughn
515,Sallie,Abel
516,Lula,Ramiro
517,Fay,Frederic
518,Antonia,Linwood
519,Eugenia,Rod
520,Ruthie,Carmen
521,Lauri,Simon
522,Teena,Russel
523,Ivy,Donnell
524,Fannie,Sanford
525,Leesa,Gilberto
526,Elisabeth,Ismael
527,Elsa,Lamont
528,Erma,Terrell
529,Jodie,Cornell
530,Roxane,Levi
531,Marisa,Loyd
532,Eve,Nolan
533,Malinda,Elijah
534,Erin,Israel
535,Lesa,Kip
536,Coleen,Mitchel
537,Caren,Morgan
538,Cherry,Dwain
539,Kris,Erwin
540,Lu,Ian
541,Carlene,Lane
542,Ilene,Pablo
543,Merry,Ward
544,Deana,Dino
545,Lesley,Gale
546,Kristie,Will
547,Dorothea,Winfred
548,Johanna,Dick
549,Laureen,Reid
550,Elisa,Ryan
551,Julianne,Burton
552,Meredith,Bryce
553,Avis,Danial
554,Blanca,Elvin
555,Maggie,Harrison
556,Inez,August
557,Benita,Mikel
558,Bette,Rolando
559,Pamala,Felipe
560,Deena,Cory
561,Josie,Tomas
562,Nelda,Jerrold
563,Kitty,Kermit
564,Lyn,Dudley
565,Rachelle,Jasper
566,Genevieve,Wiley
567,Deirdre,Alejandro
568,Dorene,Duncan
569,Kathrine,Roman
570,Maryanne,Roscoe
571,Clare,Thurman
572,Debrah,Weldon
573,Rosalinda,Barton
574,Jewel,Bobbie
575,Alfreda,Carter
576,Angelia,Scotty
577,Tena,Garth
578,Cheryle,Vern
579,Geri,Emil
580,Patrica,Garrett
581,Angelina,Guillermo
582,Daphne,Rob
583,Lorri,Jean
584,Caryn,Norbert
585,Christi,Domingo
586,Ingrid,Brandon
587,Roxie,Russ
588,Etta,Sergio
589,Earnestine,Val
590,Myrtle,Hank
591,Terese,Gus
592,Tammy,Shannon
593,Greta,Stacy
594,Debbra,Brady
595,Lavonne,Solomon
596,Maryellen,Ulysses
597,Valorie,Jeremiah
598,Winifred,Jonathon
599,Cathie,Pierre
600,Marva,Kimberly
601,Georgette,Otto
602,Lenore,Reggie
603,Marilynn,Jefferson
604,Blanche,Kurtis
605,Dolly,Hans
606,Kristen,Lonny
607,Mable,Odell
608,Maura,Armand
609,James,Jacky
610,Pattie,Bernie
611,Bettie,Eli
612,Karon,Elwood
613,Alisa,Fredric
614,Delois,Merrill
615,Krista,Andres
616,Rhoda,Burt
617,Bonny,Rogelio
618,Danette,Santiago
619,Cindi,Bryon
620,Michael,Kenton
621,Sadie,Merlin
622,Kari,Nicky
623,Lela,Shelton
624,Kendra,Robby
625,Earlene,Ivory
626,Silvia,Coy
627,Dawna,Donn
628,Renae,Emery
629,Fern,Cliff
630,Beverley,Elias
631,Luz,Faron
632,Marcie,Mary
633,Sherrill,Tod
634,Edwina,Wilfredo
635,Ina,Hollis
636,Helena,Shaun
637,Ora,Elliot
638,John,Jed
639,Gaye,Lyndon
640,Valeria,Avery
641,Danielle,Charley
642,Elvira,Vito
643,Lucia,Butch
644,Muriel,Jerold
645,Arleen,Sonny
646,Deanne,Marco
647,Nan,Noah
648,Bambi,Davis
649,Cinda,Jake
650,Elva,Quentin
651,Jerry,Rock
652,Loraine,Santos
653,Nanci,Clement
654,Janell,Vince
655,Letha,Keven
656,Nettie,Riley
657,Nona,Emory
658,Robert,Tyler
659,Essie,Adolph
660,Twila,Emilio
661,Corrine,Gerardo
662,Rebekah,Harris
663,Shauna,Lindsey
664,Renita,Shelby
665,Clarice,Benito
666,Karyn,Millard
667,Sherie,Ollie
668,Marina,Freeman
669,Nola,Ignacio
670,Millie,Royal
671,Mollie,Trent
672,Dina,Denver
673,Georgina,Delmar
674,Lupe,Hiram
675,Roxanna,Tad
676,Karol,Zane
677,Melva,Lenard
678,Rosanna,Monroe
679,Danita,Stanford
680,Doretha,Carmine
681,Iva,Anton
682,Bettye,Maynard
683,Dorinda,Broderick
684,Megan,Marcel
685,Janna,Myles
686,Joe,Jackson
687,Kerri,Ricki
688,Madonna,Booker
689,Debi,Clair
690,Minerva,Douglass
691,Randy,Efrain
692,Juliana,Saul
693,Marybeth,Brendan
694,Abigail,Carson
695,Charla,Everette
696,Freida,Gustavo
697,Jannie,Noe
698,Graciela,Brooks
699,Mercedes,Gail
700,Kyle,Les
701,Vikki,Randel
702,Mariann,Chip
703,Tommie,Del
704,Willa,Lenny
705,Maribeth,Alden
706,Tonia,Arlen
707,Carmela,Mervin
708,Joanie,Buford
709,Katheryn,Kelley
710,Marylou,Fritz
711,Alexis,Linda
712,Erica,Johnathan
713,Leila,Nickolas
714,Ollie,Connie
715,Teressa,Duke
716,Mabel,Errol
717,Nannette,Toney
718,Mara,Basil
719,Susanna,Irwin
720,Addie,Dickie
721,Gilda,Dwaine
722,Gisele,Marcos
723,Aileen,Ritchie
724,Cathrine,Rogers
725,Felecia,Thad
726,Francis,Augustine
727,Harriett,Blane
728,Dorthy,Curtiss
729,Caryl,Hilton
730,Jimmie,Nicolas
731,Dottie,Patricia
732,Deann,Jordan
733,Aurora,Lemuel
734,Jaye,Silas
735,Nikki,Vicente
736,Alexandra,Cesar
737,Cara,Major
738,Clarissa,Wilford
739,Delilah,Lavern
740,Eula,Rand
741,Marci,Adolfo
742,Caron,Coleman
743,Lorena,Jeremy
744,Neva,Leigh
745,Raquel,Anderson
746,Karan,Gearld
747,Tricia,Glynn
748,Marietta,Isaiah
749,Leeann,Bud
750,Queen,Eloy
751,Sybil,Graham
752,Annmarie,Lindsay
753,Darleen,Hayward
754,Gena,Otha
755,Cecile,Dalton
756,Cornelia,Erick
757,Sherryl,Gil
758,Deidre,Johnie
759,Libby,Raphael
760,May,Rolland
761,Christa,Sherwood
762,Ester,Bruno
763,Jacklyn,Deborah
764,Louann,Donell
765,Maryjo,Forest
766,Kandy,Gino
767,Lilly,Lawerence
768,Aida,Mel
769,Donita,Rayford
770,Hilary,Stevan
771,Milagros,Carol
772,Bernadine,Davy
773,Earline,Farrell
774,Fran,Felton
775,Jewell,Greggory
776,Lavern,Mason
777,Peggie,Stacey
778,Reva,Cleo
779,Carmella,Cyril
780,Lottie,Earle
781,Vonda,Hershel
782,Carey,Humberto
783,Frieda,Dusty
784,Kelley,Carnell
785,Lily,Cyrus
786,Shirlene,Debra
787,Estelle,Erich
788,Rosario,Huey
789,David,Jarvis
790,Pearlie,Jere
791,Tracie,Stanton
792,Bethany,Damian
793,Charles,Donovan
794,Marilee,Emerson
795,Meryl,Emmanuel
796,Mimi,Cruz
797,Velda,Dee
798,Sandi,Herschel
799,Delphine,Isiah
800,Lourdes,Joaquin
801,William,Kevan
802,Aleta,Stefan
803,Danna,Theron
804,Judi,Carlo
805,Nicole,Foster
806,Celestine,Houston
807,Leola,Mckinley
808,Opal,Wardell
809,Jacquline,Benedict
810,Lizzie,Courtney
811,Madelyn,Derwin
812,Valencia,Edwardo
813,Debbi,Laverne
814,Joycelyn,Leonardo
815,Mickey,Michale
816,Reta,Milo
817,Cherrie,Wilton
818,Eddie,Robbin
819,Jenifer,Woody
820,Tana,Elroy
821,Twyla,Wilburn
822,Consuelo,Alphonse
823,Lise,Artie
824,Margery,Emmitt
825,Pamella,Gaylon
826,Cheryll,Haywood
827,Lucretia,Maxwell
828,Mavis,Omar
829,Cleo,Raleigh
830,Dian,Rubin
831,Evangeline,Boyce
832,Francesca,Bret
833,Lawanda,Gaylord
834,Louisa,Jared
835,Retha,Art
836,Roseanne,Burl
837,Sherree,Chet
838,Hannah,Kraig
839,Zelda,Lesley
840,Jacalyn,Ty
841,Magdalena,Wally
842,Migdalia,Berry
843,Lindy,Judson
844,Venita,Kit
845,Beulah,Lacy
846,Dani,Len
847,Joellen,Odis
848,Lorelei,Quintin
849,Sheena,Wilmer
850,Carleen,Emile
851,Carmel,Geary
852,Cherri,Napoleon
853,Daryl,Raymon
854,Freddie,Taylor
855,Jann,Dell
856,Leta,Dewitt
857,Ronnie,Fidel
858,Catharine,Jonas
859,Lizabeth,Alvis
860,Starr,Carleton
861,Barbra,Delton
862,Candis,Gregorio
863,Pennie,Paris
864,Portia,Timmie
865,Roni,Alec
866,Susana,Barbara
867,Ursula,Mitch
868,Alyce,Xavier
869,Alana,Domenic
870,Dara,Fletcher
871,Gerri,Lyman
872,Goldie,Milford
873,Kelli,Prince
874,Shawna,Agustin
875,Effie,Cody
876,Jerilyn,Dennie
877,Marty,Ezra
878,Richard,Hugo
879,Corliss,Kirt
880,Martina,Darold
881,Barb,Delmer
882,Janeen,Issac
883,Joleen,Jacques
884,Tami,Karen
885,Adela,Layne
886,Athena,Lincoln
887,Madeleine,Lorin
888,Bettina,Lucius
889,Kathey,Rolf
890,Mickie,Cal
891,Ronna,Carmelo
892,Callie,Lupe
893,Camilla,Michal
894,Cary,Normand
895,Juliann,Esteban
896,Romona,Ike
897,Dayna,Rich
898,Jacque,Artis
899,Juliet,Augustus
900,Lauretta,Brock
901,Sharen,Eliot
902,Vernell,Lynwood
903,Angel,Mac
904,Dollie,Tab
905,Josefina,Bertram
906,Kellie,Cris
907,Oralia,Leander
908,Amber,Sydney
909,Annetta,Timmothy
910,Ginny,Tracey
911,Ophelia,Enoch
912,Rowena,Gerold
913,Shellie,Lex
914,Starla,Skip
915,Angelita,Susan
916,Daria,Warner
917,Elyse,Duwayne
918,Juana,Ferdinand
919,Marlys,Jace
920,Ola,Murphy
921,Rachael,Olin
922,Sophia,Quinton
923,Winona,Rodrick
924,Lona,Waymon
925,Lorinda,Alfonzo
926,Sydney,Buster
927,Lonnie,Dann
928,Wendi,Demetrius
929,Cathey,Gavin
930,Gaylene,Jefferey
931,Liz,Kem
932,Petra,Lorenza
933,Treva,Pasquale
934,Abby,Arden
935,Alta,Ashley
936,Jeanna,Brion
937,Kara,Franklyn
938,Leisa,Gayle
939,Taryn,Malcom
940,Cassie,Britt
941,Merri,Cleve
942,Selma,Donna
943,Vernita,Elmo
944,Charleen,Lauren
945,Paige,Von
946,Rhea,Andrea
947,Suzann,Dorsey
948,Angeline,Ethan
949,Chandra,Hunter
950,Matilda,Lennie
951,Dori,Maxie
952,Jannette,Melton
953,Nicki,Scottie
954,Odessa,Willam
955,Venus,Bradly
956,Antionette,Cole
957,Elnora,Columbus
958,Jami,Cynthia
959,Laurene,Dante
960,Marita,Edison
961,Millicent,Evans
962,Rosita,Federico
963,Glendora,Kennth
964,Meg,Rhett
965,Cristina,Baron
966,Elissa,Barrett
967,Phoebe,Barron
968,Carmelita,Heriberto
969,Delma,Talmadge
970,Kate,Alva
971,Monique,Buck
972,Sharyn,Elden
973,Stacie,King
974,Suellen,Renaldo
975,Toby,Renard
976,Veda,Richie
977,Adrian,Aldo
978,Annamarie,Aron
979,Bobby,Eldridge
980,Carolina,Hosea
981,Corine,Lary
982,Glynis,Quincy
983,Jerrie,Reese
984,Juli,Trevor
985,Justine,Williams
986,Leanna,Adan
987,Maritza,Arlin
988,Merle,Bartholomew
989,Merrie,Cletus
990,Babette,Denzil
991,Beryl,Derrell
992,Elida,Desi
993,Eliza,Dwane
994,Lani,Genaro
995,Larry,Hoyt
996,Letitia,Jame
997,Nell,Jules
998,Rona,Rowland
999,Adrianne,Arnulfo
1000,Debroah,Brice
