Rank,Name
1,Robert
2,John
3,William
4,James
5,Charles
6,George
7,Joseph
8,Richard
9,Edward
10,Donald
11,Thomas
12,Frank
13,Paul
14,Harold
15,Raymond
16,Walter
17,Jack
18,Henry
19,Kenneth
20,Arthur
21,Albert
22,David
23,Harry
24,Eugene
25,Ralph
26,Howard
27,Willie
28,Carl
29,Louis
30,Clarence
31,Earl
32,Roy
33,Fred
34,Joe
35,Francis
36,Lawrence
37,Ernest
38,Leonard
39,Anthony
40,Stanley
41,Norman
42,Herbert
43,Alfred
44,Daniel
45,Gerald
46,Samuel
47,Calvin
48,Bernard
49,Billy
50,Melvin
51,Marvin
52,Leroy
53,Russell
54,Leo
55,Michael
56,Andrew
57,Edwin
58,Floyd
59,Clifford
60,Peter
61,Elmer
62,Lloyd
63,Theodore
64,Ray
65,Frederick
66,Warren
67,Vernon
68,Clyde
69,Herman
70,Alvin
71,Vincent
72,Gordon
73,Chester
74,Wayne
75,Philip
76,Leon
77,Glenn
78,Charlie
79,Lewis
80,Milton
81,Lester
82,Lee
83,Martin
84,Bill
85,Jesse
86,Dale
87,Cecil
88,Harvey
89,Victor
90,Roger
91,Sam
92,Wallace
93,Benjamin
94,Allen
95,Arnold
96,Edgar
97,Willard
98,Roland
99,Oscar
100,Johnnie
101,Eddie
102,Claude
103,Douglas
104,Ronald
105,Gilbert
106,Don
107,Jerry
108,Everett
109,Marion
110,Wilbur
111,Maurice
112,Gene
113,Jerome
114,Manuel
115,Homer
116,Junior
117,Glen
118,Curtis
119,Leslie
120,Virgil
121,Jimmie
122,Stephen
123,Jessie
124,Hubert
125,Jose
126,Morris
127,Hugh
128,Max
129,Bob
130,Bruce
131,Sidney
132,Luther
133,Nicholas
134,Franklin
135,Wesley
136,Rudolph
137,Alexander
138,Tom
139,Willis
140,Dean
141,Irving
142,Johnny
143,Patrick
144,Steve
145,Horace
146,Keith
147,Jim
148,Earnest
149,Bobby
150,Julius
151,Oliver
152,Edmund
153,Ben
154,Lyle
155,Salvatore
156,Billie
157,Guy
158,Tony
159,Otis
160,Phillip
161,Orville
162,Clayton
163,Archie
164,Mike
165,Alex
166,Jacob
167,Delbert
168,Angelo
169,Bennie
170,Duane
171,Clifton
172,Clinton
173,Leland
174,Matthew
175,Merle
176,Marshall
177,Dennis
178,Nathaniel
179,Alan
180,Wilbert
181,Dewey
182,Jay
183,Ira
184,Dan
185,Ivan
186,Nelson
187,Ervin
188,Wilfred
189,Carroll
190,Larry
191,Emil
192,Jesus
193,Allan
194,Juan
195,Julian
196,Lowell
197,Alton
198,Irvin
199,Jimmy
200,Lonnie
201,Tommy
202,Antonio
203,Nick
204,Sylvester
205,Wendell
206,Isaac
207,Rufus
208,Elbert
209,Ted
210,Seymour
211,Mark
212,Forrest
213,Freddie
214,Pete
215,Aaron
216,Loren
217,Felix
218,Malcolm
219,Nathan
220,Ellis
221,Norbert
222,Burton
223,Eldon
224,Myron
225,Karl
226,Murray
227,Owen
228,Emmett
229,Elwood
230,Mack
231,Perry
232,Johnie
233,Dick
234,Neil
235,Ross
236,Gerard
237,Loyd
238,Rex
239,Laurence
240,Fredrick
241,Percy
242,Dominic
243,Otto
244,Dominick
245,Bert
246,Grady
247,Irwin
248,Darrell
249,Grover
250,Troy
251,Byron
252,August
253,Doyle
254,Mario
255,Sherman
256,Boyd
257,Abraham
258,Amos
259,Tommie
260,Ramon
261,Carlos
262,Dwight
263,Harlan
264,Harley
265,Aubrey
266,Francisco
267,Roscoe
268,Adam
269,Roosevelt
270,Carlton
271,Rodney
272,Wilson
273,Lynn
274,Austin
275,Erwin
276,Reginald
277,Ruben
278,Preston
279,Adolph
280,Pedro
281,Louie
282,Neal
283,Morton
284,Garland
285,Laverne
286,Edmond
287,Stuart
288,Steven
289,Benny
290,Conrad
291,Cornelius
292,Jasper
293,Millard
294,Joel
295,Maynard
296,Woodrow
297,Grant
298,Dallas
299,Will
300,Dave
301,Reuben
302,Wilmer
303,Charley
304,Harrison
305,Elvin
306,Mitchell
307,Merlin
308,Moses
309,Russel
310,Simon
311,Carmen
312,Wade
313,Alfonso
314,Delmar
315,Bobbie
316,Elton
317,Gus
318,Sheldon
319,Timothy
320,Rocco
321,Vito
322,Emanuel
323,Odell
324,Ollie
325,Marcus
326,Clair
327,Claud
328,Lionel
329,Thurman
330,Jake
331,Jean
332,Kermit
333,Monroe
334,Cleo
335,Cleveland
336,Alonzo
337,Pat
338,Salvador
339,Clement
340,Merrill
341,Eli
342,Armand
343,Solomon
344,Patsy
345,Christopher
346,Sammie
347,Buford
348,Elijah
349,Raul
350,Stewart
351,Norris
352,Earle
353,Ned
354,Wilburn
355,Jackie
356,Elmo
357,Sanford
358,Clark
359,Alphonse
360,Jess
361,Luis
362,Weldon
363,Adrian
364,Cyril
365,Randolph
366,Emory
367,Teddy
368,Mary
369,Truman
370,Basil
371,Lavern
372,Ward
373,Ed
374,Andy
375,Wilford
376,Forest
377,Hollis
378,Emery
379,Jackson
380,Roberto
381,Wiley
382,Coy
383,Miles
384,Marlin
385,Sterling
386,Travis
387,Vern
388,Alva
389,Lamar
390,Thaddeus
391,Milford
392,Levi
393,Rolland
394,Emerson
395,Lorenzo
396,Barney
397,Van
398,Darwin
399,Orval
400,Winston
401,Roman
402,Shirley
403,Royce
404,Armando
405,Noah
406,Silas
407,Ellsworth
408,Carmine
409,Gregory
410,Bruno
411,Eric
412,Guadalupe
413,Harris
414,Rudy
415,Herschel
416,Winfred
417,Pasquale
418,Alfredo
419,Saul
420,Lenard
421,Randall
422,Denver
423,Gabriel
424,Royal
425,Mervin
426,Noel
427,Bertram
428,Elias
429,Ulysses
430,Buster
431,Hal
432,Miguel
433,Delmer
434,Freeman
435,Gale
436,Terry
437,Elliott
438,Jeff
439,Dudley
440,Lyman
441,Vance
442,Cletus
443,Scott
444,Anton
445,Chris
446,Darrel
447,Sol
448,Hershel
449,Gail
450,Wilton
451,Rafael
452,Rene
453,Dalton
454,Spencer
455,Bud
456,Danny
457,Linwood
458,Alden
459,Edsel
460,Omer
461,Rodolfo
462,Buddy
463,Normand
464,Orlando
465,Hiram
466,Pablo
467,Ambrose
468,Booker
469,Everette
470,Luke
471,Riley
472,Elroy
473,Emilio
474,Noble
475,Augustus
476,Mathew
477,Micheal
478,Fernando
479,Nolan
480,Morgan
481,Ferdinand
482,Foster
483,Evan
484,Frederic
485,Hugo
486,Milo
487,Sammy
488,Hobert
489,Odis
490,Columbus
491,Houston
492,Newton
493,Enrique
494,Burl
495,Carrol
496,Olen
497,Alberto
498,Bryan
499,Junius
500,Marcel
501,Roderick
502,Carol
503,Tomas
504,Wilber
505,Arlie
506,Augustine
507,Clay
508,Dewitt
509,Fletcher
510,Jefferson
511,Domingo
512,Lincoln
513,Isadore
514,Merton
515,Verne
516,Davis
517,Emile
518,Hoyt
519,Julio
520,Olin
521,Phil
522,Vaughn
523,Hector
524,Ricardo
525,Frankie
526,Rollin
527,Aloysius
528,Aldo
529,Elden
530,Nickolas
531,Blaine
532,Harland
533,Ezra
534,Justin
535,Lucien
536,Hyman
537,Palmer
538,Oren
539,Arturo
540,Elwin
541,Isiah
542,Sydney
543,Anderson
544,Jeremiah
545,Shelby
546,Isaiah
547,Coleman
548,Jules
549,Al
550,Dee
551,Granville
552,Jewell
553,Santos
554,Alphonso
555,Felipe
556,Ignacio
557,Raymon
558,Casimir
559,Angel
560,Joesph
561,Rupert
562,Kelly
563,Kent
564,Lacy
565,Waldo
566,Carlo
567,Haywood
568,Otha
569,Arther
570,Ernesto
571,Fay
572,Guido
573,Bennett
574,Lemuel
575,Ora
576,Theron
577,Abe
578,Dana
579,Edd
580,Hilton
581,Judson
582,Major
583,Santo
584,Talmadge
585,Albin
586,Dock
587,Gary
588,Frances
589,Jonathan
590,Mason
591,Reed
592,Domenic
593,Maxwell
594,Gaylord
595,Harmon
596,Cyrus
597,Jewel
598,Napoleon
599,Sherwood
600,Arden
601,Galen
602,Jason
603,Quentin
604,Rosario
605,Jerald
606,Joshua
607,Ottis
608,Rubin
609,Sebastian
610,Winford
611,Valentine
612,Christian
613,Clarance
614,Florian
615,Benedict
616,Santiago
617,Carson
618,Domenick
619,Israel
620,Walker
621,Benito
622,Eldred
623,Hobart
624,Mckinley
625,Porter
626,Rodger
627,Romeo
628,Alford
629,Avery
630,Bernie
631,Gilberto
632,Jennings
633,Lucian
634,Lucius
635,Winfield
636,Boyce
637,Mose
638,Raleigh
639,Dorothy
640,Raphael
641,Jordan
642,Loyal
643,Rayford
644,Theo
645,Craig
646,Gustave
647,Hermon
648,Walton
649,Antone
650,Emmitt
651,Felton
652,Monte
653,Seth
654,Daryl
655,Eldridge
656,Garfield
657,Graham
658,King
659,Clare
660,Elwyn
661,Gregorio
662,Stanford
663,Bertrand
664,Bryant
665,Carmelo
666,Rogers
667,Warner
668,Evert
669,Dexter
670,Andres
671,Blair
672,Dayton
673,Durward
674,Haskell
675,Hayward
676,Lupe
677,Omar
678,Bernice
679,Dillard
680,Franklyn
681,Beverly
682,Carter
683,Clem
684,Dante
685,Dorsey
686,Elmore
687,Ford
688,Guillermo
689,Urban
690,Alejandro
691,Asa
692,Bryce
693,Matt
694,Meyer
695,Taylor
696,Theadore
697,Cloyd
698,Duncan
699,Ernie
700,Oran
701,Verlin
702,Cruz
703,Betty
704,Constantine
705,Doris
706,Kyle
707,Mahlon
708,Oswald
709,Vicente
710,Abel
711,Buck
712,Hardy
713,Meredith
714,Nicolas
715,Alvis
716,Merritt
717,Dwayne
718,Elzie
719,Enoch
720,Hans
721,Miller
722,Shelton
723,Carleton
724,Casper
725,Helen
726,Logan
727,Margaret
728,Sylvan
729,Webster
730,Americo
731,Bradley
732,Connie
733,Garnett
734,Howell
735,Merlyn
736,Milan
737,Myles
738,Orin
739,Burt
740,Gayle
741,Giles
742,Loy
743,Otho
744,Reid
745,Reynold
746,Coolidge
747,Dwain
748,Early
749,Elliot
750,Emmit
751,Hiroshi
752,Isidore
753,Ruth
754,Stanton
755,Bradford
756,Mac
757,Parker
758,Wm
759,Carlyle
760,Donovan
761,Elvis
762,Kennith
763,Lawerence
764,Prince
765,Zane
766,Aron
767,Barton
768,Dewayne
769,Elisha
770,Hosea
771,June
772,Allie
773,Garrett
774,Glendon
775,Ramiro
776,Leander
777,Norval
778,Sandy
779,Adolfo
780,Bonnie
781,Hillard
782,Kendall
783,Leeroy
784,Orrin
785,Reynaldo
786,Agustin
787,Donal
788,Eduardo
789,Ivory
790,Jonas
791,Merl
792,Tracy
793,Alvie
794,Barry
795,Claudie
796,Gino
797,Ivy
798,Mickey
799,Murry
800,Silvio
801,Allison
802,Arlo
803,Benjiman
804,Denis
805,Garth
806,Murphy
807,Pearl
808,Terrence
809,Abner
810,Benton
811,Kay
812,Lauren
813,Lois
814,Arvid
815,Auther
816,Claire
817,Cleon
818,Delton
819,Donn
820,Donnie
821,Emmet
822,Armond
823,Carey
824,Chauncey
825,Christ
826,Hamilton
827,Ike
828,Norwood
829,Quinton
830,Ruby
831,Verl
832,Deane
833,Madison
834,Rowland
835,Angus
836,Archibald
837,General
838,Glynn
839,Loran
840,Lucious
841,Oral
842,Werner
843,Brady
844,Clovis
845,Crawford
846,Damon
847,Estel
848,Hayden
849,Hideo
850,Lawson
851,Ardell
852,Denzil
853,Joy
854,Kevin
855,Margarito
856,Rosevelt
857,Waymon
858,Arvil
859,Fritz
860,Henderson
861,Hilbert
862,Ignatius
863,Kiyoshi
864,Lafayette
865,Lorin
866,Newell
867,Obie
868,Regis
869,Tim
870,Turner
871,Willian
872,Arvel
873,Brian
874,Burnell
875,Dempsey
876,Hazel
877,Lon
878,Melton
879,Milburn
880,Nunzio
881,Wayland
882,Artis
883,Audrey
884,Edison
885,Elgin
886,Judge
887,Mortimer
888,Olan
889,Watson
890,Ashley
891,Casimer
892,Enos
893,Joaquin
894,Johnson
895,Maxie
896,Norton
897,Refugio
898,Sumner
899,Willam
900,Alois
901,Andre
902,Berry
903,Beryl
904,Caleb
905,Chas
906,Fidel
907,Malvin
908,Pierce
909,Aurelio
910,Clint
911,Jones
912,Mitchel
913,Rudolf
914,Wardell
915,Wylie
916,Fernand
917,Huey
918,Lambert
919,Linus
920,Marco
921,Melvyn
922,Pierre
923,Reno
924,Alec
925,Artie
926,Brooks
927,Lesley
928,Lonzo
929,Mariano
930,Rexford
931,Rueben
932,Yoshio
933,Cary
934,Ellwood
935,Esteban
936,Fredric
937,Gaston
938,Lindsey
939,Murl
940,Orland
941,Orvil
942,Virgle
943,Welton
944,Worth
945,Alice
946,Dorris
947,Ewell
948,Freddy
949,Hayes
950,Leamon
951,Lenwood
952,Leopoldo
953,Rollie
954,Smith
955,Virginia
956,Abram
957,Arley
958,Cleve
959,Cosmo
960,Courtney
961,Ezell
962,Gustav
963,Harrell
964,Jon
965,Lindsay
966,Llewellyn
967,Lynwood
968,Manley
969,Merwin
970,Oneal
971,Thornton
972,Trinidad
973,Adolphus
974,Farrell
975,Florentino
976,Furman
977,Marlyn
978,Marshal
979,Oris
980,Richmond
981,Toshio
982,Vivian
983,Wyatt
984,Clemens
985,Cornell
986,Dannie
987,Darold
988,Durwood
989,Federico
990,Godfrey
991,Hughie
992,Kirby
993,Luverne
994,Odie
995,Okey
996,Tillman
997,Vernie
998,Williams
999,Buddie
1000,Dorman
