Rank,Girl Name,Boy Name
1,Mary,John
2,Dorothy,Robert
3,Helen,William
4,Margaret,James
5,Betty,Charles
6,Ruth,George
7,Virginia,Joseph
8,Mildred,Edward
9,Elizabeth,Richard
10,Frances,Donald
11,Doris,Frank
12,Evelyn,Thomas
13,Anna,Harold
14,Marie,Paul
15,Alice,Raymond
16,Marjorie,Walter
17,Irene,Jack
18,Florence,Henry
19,Jean,Arthur
20,Lillian,Albert
21,Martha,Kenneth
22,Louise,Harry
23,Rose,Ralph
24,Catherine,David
25,Ruby,Eugene
26,Shirley,Howard
27,Lois,Louis
28,Eleanor,Carl
29,Gladys,Clarence
30,Josephine,Willie
31,Thelma,Earl
32,Edna,Roy
33,Barbara,Fred
34,Annie,Francis
35,Lucille,Joe
36,Edith,Lawrence
37,Pauline,Leonard
38,Ethel,Ernest
39,Grace,Anthony
40,Hazel,Herbert
41,Norma,Stanley
42,June,Alfred
43,Bernice,Warren
44,Marion,Norman
45,Phyllis,Samuel
46,Beatrice,Bernard
47,Esther,Daniel
48,Gloria,Melvin
49,Clara,Leo
50,Rita,Michael
51,Juanita,Marvin
52,Ann,Russell
53,Emma,Andrew
54,Sarah,Gerald
55,Jane,Leroy
56,Patricia,Edwin
57,Lorraine,Elmer
58,Geraldine,Peter
59,Gertrude,Lloyd
60,Katherine,Frederick
61,Elsie,Ray
62,Julia,Theodore
63,Agnes,Chester
64,Bertha,Floyd
65,Marian,Clifford
66,Eva,Herman
67,Willie,Vernon
68,Ida,Clyde
69,Vivian,Wallace
70,Kathleen,Philip
71,Anne,Lester
72,Kathryn,Vincent
73,Laura,Alvin
74,Wilma,Lewis
75,Nancy,Wayne
76,Maxine,Gordon
77,Charlotte,Leon
78,Pearl,Billy
79,Viola,Charlie
80,Wanda,Martin
81,Bessie,Milton
82,Vera,Calvin
83,Dolores,Jesse
84,Myrtle,Glenn
85,Audrey,Lee
86,Violet,Benjamin
87,Elaine,Cecil
88,Nellie,Victor
89,Alma,Sam
90,Jeanne,Dale
91,Lillie,Harvey
92,Lucy,Willard
93,Ella,Arnold
94,Jessie,Edgar
95,Eileen,Roger
96,Stella,Oscar
97,Genevieve,Allen
98,Sylvia,Bill
99,Minnie,Everett
100,Leona,Virgil
101,Margie,Maurice
102,Mabel,Gilbert
103,Ellen,Claude
104,Joyce,Roland
105,Theresa,Wilbur
106,Mattie,Marion
107,Jennie,Johnnie
108,Lena,Douglas
109,Mae,Stephen
110,Rosemary,Eddie
111,Geneva,Morris
112,Georgia,Leslie
113,Opal,Homer
114,Muriel,Manuel
115,Marguerite,Sidney
116,Velma,Curtis
117,Joan,Hubert
118,Marilyn,Jerome
119,Blanche,Jessie
120,Christine,Nicholas
121,Janet,Glen
122,Harriet,Max
123,Sara,Hugh
124,Loretta,Irving
125,Eunice,Wesley
126,Bonnie,Luther
127,Arlene,Jose
128,Emily,Rudolph
129,Rosa,Alexander
130,Beulah,Don
131,Jeanette,Jerry
132,Carolyn,Franklin
133,Maria,Steve
134,Carrie,Horace
135,Alberta,Bruce
136,Dora,Oliver
137,Naomi,Julius
138,Anita,Willis
139,Carol,Junior
140,Hilda,Gene
141,Inez,Jimmie
142,Fannie,Ronald
143,Madeline,Edmund
144,Beverly,Tom
145,Miriam,Keith
146,Verna,Earnest
147,Hattie,Patrick
148,Bette,Ben
149,Cora,Guy
150,Constance,Tony
151,Lula,Salvatore
152,Roberta,Orville
153,Ada,Dean
154,Mamie,Lyle
155,Peggy,Mike
156,Donna,Delbert
157,Lola,Angelo
158,Marcella,Clayton
159,Sophie,Johnny
160,Rachel,Jacob
161,Flora,Alex
162,Mable,Archie
163,Daisy,Matthew
164,Winifred,Bob
165,Jacqueline,Otis
166,Rosie,Clifton
167,Claire,Jim
168,Erma,Clinton
169,Olga,Wilbert
170,Susie,Phillip
171,Eula,Ira
172,Laverne,Jay
173,Caroline,Irvin
174,Rebecca,Leland
175,Antoinette,Emil
176,Maggie,Ivan
177,Billie,Ervin
178,Lorene,Marshall
179,Olive,Wilfred
180,Nora,Merle
181,Eloise,Dennis
182,Nina,Bennie
183,Estelle,Elbert
184,Delores,Billie
185,Sadie,Dewey
186,Regina,Forrest
187,Fern,Nathan
188,Irma,Dan
189,Rosalie,Antonio
190,Victoria,Sylvester
191,Henrietta,Duane
192,Della,Seymour
193,Lottie,Nathaniel
194,Jeannette,Lowell
195,Adeline,Nelson
196,Lila,Carroll
197,Bettie,Isaac
198,Lucile,Nick
199,Angelina,Rufus
200,Imogene,Alton
201,Sally,Julian
202,Nettie,Lonnie
203,Faye,Mark
204,Lydia,Ellis
205,Amelia,Juan
206,Katie,Felix
207,Johnnie,Malcolm
208,Veronica,Pete
209,Carmen,Aaron
210,Dorothea,Wendell
211,Melba,Jesus
212,Essie,Loyd
213,Angeline,Myron
214,Ernestine,Norbert
215,Annette,Johnie
216,Cleo,Allan
217,Goldie,Grady
218,Iris,Ted
219,Freda,Eldon
220,May,Murray
221,Isabel,Alan
222,Gwendolyn,Perry
223,Yvonne,Fredrick
224,Ollie,Owen
225,Luella,Rex
226,Lela,Dominic
227,Priscilla,Dominick
228,Susan,Loren
229,Jewell,Grover
230,Sallie,Ross
231,Adele,Bert
232,Ora,Otto
233,Janice,Freddie
234,Cecelia,Elwood
235,Effie,Karl
236,Iva,Emmett
237,Addie,Abraham
238,Cecilia,Gerard
239,Etta,Mack
240,Eleanore,August
241,Jewel,Laurence
242,Reba,Percy
243,Teresa,Byron
244,Isabelle,Wilson
245,Selma,Larry
246,Janie,Adolph
247,Natalie,Troy
248,Leola,Neil
249,Angela,Sherman
250,Celia,Amos
251,Elva,Mario
252,Arline,Burton
253,Nadine,Woodrow
254,Ola,Morton
255,Alta,Tommy
256,Lizzie,Harley
257,Nell,Preston
258,Francis,Tommie
259,Ina,Roscoe
260,Annabelle,Bobby
261,Yolanda,Louie
262,Sue,Darrell
263,Amy,Doyle
264,Fay,Aubrey
265,Lenora,Carlton
266,Carmela,Austin
267,Elnora,Erwin
268,Connie,Jimmy
269,Eugenia,Garland
270,Helene,Harlan
271,Matilda,Dwight
272,Estella,Boyd
273,Elinor,Adam
274,Elvira,Carlos
275,Nannie,Reuben
276,Mavis,Roosevelt
277,Joy,Charley
278,Frieda,Laverne
279,Gracie,Neal
280,Clarice,Irwin
281,Olivia,Millard
282,Ila,Jasper
283,Harriett,Cornelius
284,Virgie,Francisco
285,Dorthy,Lynn
286,Bernadine,Rodney
287,Margery,Grant
288,Flossie,Moses
289,Elma,Stuart
290,Lee,Mitchell
291,Darlene,Will
292,Marcia,Ramon
293,Mollie,Ruben
294,Leah,Harrison
295,Rena,Clair
296,Cecile,Conrad
297,Myra,Maynard
298,Maude,Elton
299,Judith,Dallas
300,Winnie,Wilmer
301,Willa,Dick
302,Frankie,Russel
303,Sybil,Joel
304,Carmella,Steven
305,Concetta,Benny
306,Zelma,Alfonso
307,Odessa,Edmond
308,Alyce,Pedro
309,Rhoda,Thurman
310,Hannah,Adrian
311,Rosetta,Elmo
312,Edythe,Wade
313,Linda,Cleveland
314,Aileen,Reginald
315,Bobbie,Monroe
316,Avis,Rocco
317,Lily,Armand
318,Josie,Jake
319,Loraine,Emanuel
320,Dollie,Lionel
321,Merle,Clark
322,Neva,Simon
323,Millie,Timothy
324,Allie,Dave
325,Letha,Luis
326,Deloris,Marcus
327,Glenna,Alonzo
328,Jimmie,Cleo
329,Charlene,Solomon
330,Ramona,Delmar
331,Bettye,Clement
332,Lenore,Jean
333,Cornelia,Elvin
334,Jo,Carmen
335,Hester,Elijah
336,Rosella,Stewart
337,Paula,Wilburn
338,Madge,Odell
339,Corinne,Patsy
340,Earline,Claud
341,Helena,Randolph
342,Sophia,Christopher
343,Adelaide,Kermit
344,Hope,Ollie
345,Berniece,Andy
346,Lorna,Wiley
347,Amanda,Thaddeus
348,Guadalupe,Lavern
349,Bernadette,Weldon
350,Suzanne,Bruno
351,Christina,Alphonse
352,Claudia,Buford
353,Lora,Ned
354,Wilda,Merrill
355,Dolly,Earle
356,Iona,Gus
357,Lorena,Teddy
358,Lou,Jess
359,Joanne,Alva
360,Eddie,Vito
361,Aurora,Ward
362,John,Forest
363,Leila,Jackson
364,Patsy,Norris
365,Eliza,Ed
366,Florine,Merlin
367,Dixie,Barney
368,Consuelo,Cyril
369,Corine,Eli
370,Ophelia,Noah
371,Ruthie,Sol
372,Lessie,Hollis
373,Pearlie,Roman
374,Lilly,Sanford
375,Nola,Salvador
376,Polly,Sterling
377,Colleen,Sammie
378,Cynthia,Emery
379,Madelyn,Basil
380,Lupe,Emory
381,Reva,Sheldon
382,Ione,Vern
383,Callie,Herschel
384,Antonia,Mervin
385,Philomena,Miles
386,Maudie,Travis
387,Delia,Ellsworth
388,Molly,Levi
389,Mona,Roberto
390,Melva,Gale
391,Dorris,Shirley
392,Aline,Harris
393,Beth,Winfred
394,Lelia,Bertram
395,Robbie,Pat
396,Kay,Royal
397,Diana,Carmine
398,Jaunita,Saul
399,Marjory,Anton
400,Harriette,Milford
401,James,Wilford
402,Margarita,Emerson
403,Dortha,Coy
404,Mercedes,Hyman
405,Nona,Rolland
406,Maryann,Orval
407,Tillie,Lorenzo
408,Zella,Raul
409,Katharine,Darwin
410,Leota,Dudley
411,Gussie,Winston
412,Marietta,Truman
413,Roslyn,Hiram
414,Georgie,Scott
415,Johanna,Gabriel
416,Maurine,Lamar
417,Joann,Gail
418,Winona,Hershel
419,Bertie,Jeff
420,Dessie,Royce
421,Althea,Bobbie
422,Tommie,Pasquale
423,Augusta,Silas
424,Marianne,Delmer
425,Robert,Mary
426,Rosalind,Ulysses
427,Elouise,Cletus
428,Queen,Lenard
429,Louella,Armando
430,Earnestine,Freeman
431,Allene,Spencer
432,Jannie,Ferdinand
433,Marilynn,Guadalupe
434,Stephanie,Marlin
435,Ilene,Odis
436,Clare,Buster
437,Evangeline,Randall
438,Lavonne,Rene
439,Alene,Van
440,Nelda,Gregory
441,Lorine,Lyman
442,Corrine,Omer
443,Oma,Bud
444,Tessie,Wilton
445,Isabell,Everette
446,Jacquelyn,Alfredo
447,Rosemarie,Noel
448,Judy,Orlando
449,Leatrice,Booker
450,Birdie,Elliott
451,Ester,Luke
452,Iola,Pablo
453,Pansy,Augustus
454,Isabella,Frederic
455,Wilhelmina,Olen
456,Zelda,Blaine
457,Eris,Columbus
458,Kate,Denver
459,Vernice,Mathew
460,William,Nolan
461,Enid,Alden
462,Georgette,Foster
463,Maryjane,Eric
464,Faith,Miguel
465,Theda,Linwood
466,Beryl,Milo
467,Betsy,Riley
468,Gene,Abe
469,Erna,Olin
470,Leora,Carlo
471,Mayme,Hoyt
472,Angie,Quentin
473,Julie,Ezra
474,Elena,Hobert
475,Roxie,Rudy
476,Alvina,Vance
477,Rubye,Arlie
478,Edwina,Elias
479,Elda,Elroy
480,Filomena,Isadore
481,Retha,Dewitt
482,Valeria,Hal
483,Hallie,Jefferson
484,Leta,Tomas
485,Therese,Ambrose
486,Laurel,Emile
487,Madeleine,Lucien
488,Lucinda,Wilber
489,Mozelle,Burl
490,Elise,Micheal
491,Delphine,Augustine
492,Joanna,Newton
493,Magdalene,Phil
494,Monica,Chris
495,Alfreda,Verne
496,Jayne,Morgan
497,Verda,Casimir
498,Phoebe,Hugo
499,Syble,Aloysius
500,Elvera,Anderson
501,Freida,Rafael
502,Bennie,Elwin
503,Jerry,Evan
504,Freddie,Houston
505,Delma,Rubin
506,Dorotha,Sammy
507,Elisabeth,Granville
508,Jenny,Noble
509,Catharine,Darrel
510,Rowena,Marcel
511,Garnet,Isiah
512,Lettie,Merton
513,Novella,Rupert
514,Alicia,Harland
515,Louisa,Emilio
516,Margarette,Jewell
517,Vada,Waldo
518,Carole,Aldo
519,Adell,Dalton
520,Charlie,Fletcher
521,Maureen,Fernando
522,Hortense,Palmer
523,Vida,Julio
524,Dona,Albin
525,Dovie,Clay
526,Earlene,Sydney
527,Ursula,Terry
528,Velda,Walton
529,Aurelia,Lincoln
530,George,Nickolas
531,Hellen,Ernesto
532,Lauretta,Frankie
533,Belle,Normand
534,Doreen,Roderick
535,Fanny,Buddy
536,Jackie,Sebastian
537,Lura,Talmadge
538,Margret,Vaughn
539,Arleen,Arturo
540,Johnie,Harmon
541,Millicent,Joshua
542,Rae,Gaylord
543,Camille,Mason
544,Ferne,Meyer
545,Mazie,Alberto
546,Ava,Carrol
547,Emogene,Elden
548,Oleta,Haywood
549,Bella,Hector
550,Belva,Ignacio
551,Justine,Junius
552,Juana,Raymon
553,Lucia,Shelby
554,Shirlee,Davis
555,Leone,Joesph
556,Manuela,Danny
557,Vesta,Jeremiah
558,Petra,Major
559,Ardis,Maxwell
560,Josefina,Domenic
561,Katheryn,Isaiah
562,Rosalee,Mckinley
563,Ima,Theron
564,Bonita,Arden
565,Twila,Arther
566,Veda,Coleman
567,Alpha,Fay
568,Idella,Justin
569,Claudine,Rogers
570,Charles,Edsel
571,Theodora,Rosario
572,Florene,Guido
573,Maud,Jules
574,Agatha,Reed
575,Cassie,Asa
576,Eldora,Eldred
577,Esperanza,Hardy
578,Lue,Israel
579,Minerva,Rodolfo
580,Valerie,Graham
581,Emilie,Warner
582,Gail,Alphonso
583,Marvel,Christian
584,Juliette,Dee
585,Nita,Dock
586,Una,Hobart
587,Germaine,Oren
588,Leslie,Ford
589,Yvette,Domingo
590,Myrtis,Enrique
591,Odell,Galen
592,Tina,Gustave
593,Alva,Jackie
594,Gretchen,Hilton
595,Gertie,Raleigh
596,Gilda,Craig
597,Janette,Judson
598,Verla,Napoleon
599,Camilla,Romeo
600,Cecil,Avery
601,Celeste,Edd
602,Rosalyn,Jewel
603,Alda,Kelly
604,Aletha,Lemuel
605,Winnifred,Walker
606,Zola,Cyrus
607,Albina,Dana
608,Artie,Winford
609,Evelyne,Andres
610,Georgiana,Beverly
611,Ona,Carson
612,Evalyn,Elmore
613,Jeane,Valentine
614,Joe,Felipe
615,Vernell,Ottis
616,Celestine,Antone
617,Dorcas,Gilberto
618,Lona,Lucius
619,Marcelle,Santos
620,Ardith,Carol
621,Floy,Enoch
622,Lavon,Frances
623,Albertha,Loyal
624,Mathilda,Santiago
625,Patty,Benedict
626,Sheila,Bernice
627,Clementine,Jennings
628,Elsa,Ora
629,Blanch,Otha
630,Carmel,Winfield
631,Lulu,Al
632,Renee,Carleton
633,Rhea,Elvis
634,Annamae,Lucian
635,Mina,Emmitt
636,Francisca,Florian
637,Hettie,Isidore
638,Pearline,Jason
639,Antonette,Urban
640,Cathryn,Garth
641,Rubie,Haskell
642,Adrienne,King
643,Beverley,Lacy
644,Dawn,Alvie
645,Lavern,Alvis
646,Myrna,Bernie
647,Roma,Garfield
648,Zora,Kent
649,Abbie,Milan
650,Cordelia,Bryan
651,Emilia,Dorsey
652,Marianna,Jonathan
653,Orpha,Mose
654,Carolina,Elwyn
655,Eleanora,Ernie
656,Reta,Evert
657,Treva,Carmelo
658,Magnolia,Daryl
659,Maybelle,Franklyn
660,Rosina,Constantine
661,Vergie,Raphael
662,Larue,Santo
663,Linnie,Seth
664,Myrtice,Taylor
665,Ouida,Alford
666,Estell,Casper
667,Georgianna,Leander
668,Nan,Dorothy
669,Annetta,Stanford
670,Glenda,Theo
671,Doretha,Americo
672,Era,Clare
673,Vincenza,Sherwood
674,Adela,Bennett
675,Kathrine,Boyce
676,Melvina,Carlyle
677,Sammie,Durward
678,Annabell,Mahlon
679,Leonora,Oran
680,Mittie,Orrin
681,Ray,Reynold
682,Ethelyn,Elisha
683,Annabel,Elliot
684,Deborah,Guillermo
685,Lavina,Matt
686,Diane,Merritt
687,Charline,Dante
688,Laverna,Denzil
689,Marlene,Dillard
690,Elna,Hermon
691,Margarett,Porter
692,Berneice,Benito
693,Lovie,Claudie
694,Pat,Doris
695,Ruthe,Edison
696,Almeda,Jordan
697,Madonna,Rollin
698,Sibyl,Arlo
699,Gwen,Dayton
700,Sandra,Orin
701,Crystal,Eldridge
702,Tressie,Elzie
703,Anastasia,Gary
704,Bethel,Kay
705,Daphne,Webster
706,Janis,Carter
707,Kitty,Casimer
708,Felicia,Dexter
709,Joseph,Donal
710,Magdalena,Glendon
711,Martina,June
712,Nelle,Abner
713,Verona,Eduardo
714,Lida,Lupe
715,Pattie,Murphy
716,Nathalie,Oswald
717,Velva,Pearl
718,Donnie,Angel
719,Maryellen,Buck
720,Rachael,Garnett
721,Ivy,Garrett
722,Mozell,Gregorio
723,Zula,Hayward
724,Audra,Miller
725,Norene,Allie
726,Waneta,Newell
727,Claudie,Omar
728,Leatha,Bradley
729,Amalia,Emmet
730,Hedwig,Howell
731,Ira,Leeroy
732,Madaline,Ricardo
733,Roselyn,Bryce
734,Vina,Clarance
735,Berta,Lon
736,Esta,Reid
737,Idell,Benton
738,Lina,Clem
739,Meta,Fidel
740,Yetta,Gino
741,Adella,Jerald
742,Elease,Lawson
743,Elisa,Rayford
744,Grayce,Zane
745,Palma,Bryant
746,Concepcion,Evans
747,Delphia,Felton
748,Easter,Obie
749,Freeda,Silvio
750,Neoma,Connie
751,Terry,Dempsey
752,Andrea,Gaetano
753,Elmira,Hayden
754,Golda,Mac
755,Sudie,Arvid
756,Trinidad,Burt
757,Adelle,Claire
758,Alvera,Donovan
759,Vernie,Early
760,Altha,Ivory
761,Angelita,Lois
762,Ardella,Loy
763,Dominga,Madison
764,Hazle,Maxie
765,Madalyn,Domenick
766,Mandy,Merlyn
767,Marylou,Norwood
768,Norine,Vicente
769,Christene,Abel
770,Juliet,Adolphus
771,Malinda,Bradford
772,Noreen,Fernand
773,Socorro,Lambert
774,Billye,Leopold
775,Jettie,Lucious
776,Lavinia,Margarito
777,Ofelia,Angus
778,Santa,Bonnie
779,Hildred,Duncan
780,Luvenia,Estel
781,Rosamond,Hosea
782,Ardell,Parker
783,Gayle,Regis
784,Maxie,Rowland
785,Violette,Sandy
786,Dale,Blair
787,Dena,Cruz
788,Frank,Lawerence
789,Rosanna,Meredith
790,Sonia,Mortimer
791,Cathrine,Alejandro
792,Viva,Alois
793,Cruz,Barton
794,Elinore,Bertrand
795,Octavia,Clovis
796,Blossom,General
797,Eulalia,Ike
798,Lavada,Lindsey
799,Lyda,Merl
800,Billy,Murry
801,Bulah,Stanton
802,Ellie,Werner
803,Evie,Beryl
804,Garnett,Christ
805,Hulda,Cloyd
806,Kattie,Dewayne
807,Lyla,Durwood
808,Rosia,Hilbert
809,Rozella,Hiroshi
810,Wynona,Huey
811,Beaulah,Hunter
812,Bess,Llewellyn
813,Clyde,Nicolas
814,Henry,Sylvan
815,Jonnie,Archibald
816,Mafalda,Carey
817,Marlys,Chauncey
818,Meredith,Kyle
819,Dana,Theadore
820,Eda,Verlin
821,Georgina,Berry
822,Libby,Ellwood
823,Nova,Gayle
824,Vita,Ignatius
825,Edward,Lorin
826,Kathryne,Melton
827,Vivien,Myles
828,Cathleen,Norval
829,Corene,Nunzio
830,Eloisa,Rodger
831,Leonor,Rueben
832,Pinkie,Vergil
833,Richard,Verl
834,Rosaline,Vivian
835,Walter,Dwayne
836,Cleta,Hans
837,Elayne,Hazel
838,Bobby,Kiyoshi
839,Eve,Prince
840,Jeraldine,Vester
841,Madie,Armond
842,Ossie,Arvel
843,Paul,Emmit
844,Sabina,Tim
845,Augustine,Weston
846,Caryl,Addison
847,Elizebeth,Ardell
848,Lilla,Crawford
849,Lucretia,Giles
850,Naoma,Henderson
851,Theo,Loran
852,Adelina,Quinton
853,Elenora,Aron
854,Loyce,Fritz
855,Macie,Johnson
856,Marge,Jonas
857,Marybelle,Mickey
858,Zona,Norton
859,Bernita,Tracy
860,Nedra,Audrey
861,Nila,Delton
862,Rosalia,Hamilton
863,Versie,Harding
864,Arvilla,Helen
865,Berenice,Lonzo
866,Chloe,Otho
867,Florida,Paris
868,Jeanie,Rollie
869,Mickey,Rudolf
870,Myrtie,Ruth
871,Eudora,Shelton
872,Greta,Welton
873,Jamie,Arvin
874,Laurette,Enrico
875,Lynn,Gustav
876,Mariam,Hillard
877,Ozella,Kirby
878,Santos,Logan
879,Tomasa,Reese
880,Willia,Terrence
881,Alverta,Val
882,Bettyjane,Arley
883,Eveline,Arvil
884,Lonnie,Cary
885,Darline,Ewell
886,Gay,Gaston
887,Ines,Gust
888,Queenie,Marcellus
889,Christeen,Orland
890,Emmie,Ramiro
891,Gerry,Ruby
892,Margurite,Sigmund
893,Myrle,Tillman
894,Penny,Winton
895,Romaine,Wyatt
896,Clarissa,Auther
897,Delfina,Benjiman
898,Georgine,Brady
899,Verdie,Earlie
900,Vivienne,Glynn
901,Dorene,Leighton
902,Gearldine,Melville
903,Josefa,Richmond
904,Lea,Watson
905,Rutha,Burdette
906,Thomas,Joaquin
907,Dimple,Kennith
908,Dottie,Lorenza
909,Hortencia,Mariano
910,Katy,Masao
911,Merry,Merwin
912,Ana,Trinidad
913,Benita,Alec
914,Carlene,Artie
915,Carroll,Betty
916,Catalina,Burnell
917,Clarabelle,Dorris
918,Delilah,Farris
919,Neta,Godfrey
920,Toni,Thurston
921,Yoshiko,Waymon
922,Alline,Wylie
923,Clarine,Yoshio
924,Inell,Aurelio
925,Kathlyn,Judge
926,Susanna,Laurel
927,Trula,Orvil
928,Alba,Price
929,Annis,Thad
930,Beatriz,Adelbert
931,Cleora,Barry
932,Ethelene,Brooks
933,Francine,Cameron
934,Georgene,Deane
935,Jeannie,Marcos
936,Lavera,Reynaldo
937,Lera,Thornton
938,Myrl,Turner
939,Sidney,Verle
940,Zenobia,Williams
941,Ardath,Dwain
942,Clemmie,Ennis
943,Elenor,Kevin
944,Jack,Lafayette
945,Juliana,Leamon
946,Letitia,Ludwig
947,Louvenia,Milburn
948,Marylouise,Olan
949,Sofia,Pierce
950,Thora,Reno
951,Zita,Smith
952,Zoe,Virgle
953,Aida,Wyman
954,Bernardine,Cleve
955,Bridget,Curley
956,Fumiko,Desmond
957,Georgetta,Foy
958,Hildegarde,Johny
959,Imelda,Margaret
960,Loma,Oneal
961,Lynette,Allison
962,Mammie,Ansel
963,Vena,Curtiss
964,Vonda,Dorman
965,Willene,Ezekiel
966,Adaline,Hezekiah
967,Adelia,Hilary
968,Darleen,Jonnie
969,Euna,Lauren
970,Hilma,Manley
971,Izola,Mildred
972,Luisa,Sumner
973,Madlyn,Verner
974,Ressie,Willam
975,Santina,Willian
976,Bebe,Adolfo
977,Coletta,Alonza
978,Eugene,Arch
979,Fairy,Arlin
980,Gladis,Boris
981,Harold,Cleon
982,Kathaleen,Cornell
983,Lucie,Damon
984,Nella,Deward
985,Pearle,Donnie
986,Penelope,Elza
987,Phylis,Furman
988,Rosaria,Issac
989,Toshiko,Lucas
990,Vallie,Lynwood
991,Venita,Nevin
992,Amparo,Alfonse
993,Arthur,Armin
994,Concha,Artis
995,Dean,Burley
996,Dorathy,Cliff
997,Elvina,Courtney
998,Laurene,Delos
999,Lennie,Emmanuel
1000,Margaretta,Enos
