Rank,Name
1,Mary
2,Anna
3,Emma
4,Elizabeth
5,Minnie
6,Margaret
7,Ida
8,Alice
9,Bertha
10,Sarah
11,Annie
12,Clara
13,Ella
14,Florence
15,Cora
16,Martha
17,Laura
18,Nellie
19,Grace
20,Carrie
21,Maude
22,Mabel
23,Bessie
24,Jennie
25,Gertrude
26,Julia
27,Hattie
28,Edith
29,Mattie
30,Rose
31,Catherine
32,Lillian
33,Ada
34,Lillie
35,Helen
36,Jessie
37,Louise
38,Ethel
39,Lula
40,Myrtle
41,Eva
42,Frances
43,Lena
44,Lucy
45,Edna
46,Maggie
47,Pearl
48,Daisy
49,Fannie
50,Josephine
51,Dora
52,Rosa
53,Katherine
54,Agnes
55,Marie
56,Nora
57,May
58,Mamie
59,Blanche
60,Stella
61,Ellen
62,Nancy
63,Effie
64,Sallie
65,Nettie
66,Della
67,Lizzie
68,Flora
69,Susie
70,Maud
71,Mae
72,Etta
73,Harriet
74,Sadie
75,Caroline
76,Katie
77,Lydia
78,Elsie
79,Kate
80,Susan
81,Mollie
82,Alma
83,Addie
84,Georgia
85,Eliza
86,Lulu
87,Nannie
88,Lottie
89,Amanda
90,Belle
91,Charlotte
92,Rebecca
93,Ruth
94,Viola
95,Olive
96,Amelia
97,Hannah
98,Jane
99,Virginia
100,Emily
101,Matilda
102,Irene
103,Kathryn
104,Esther
105,Willie
106,Henrietta
107,Ollie
108,Amy
109,Rachel
110,Sara
111,Estella
112,Theresa
113,Augusta
114,Ora
115,Pauline
116,Josie
117,Lola
118,Sophia
119,Leona
120,Anne
121,Mildred
122,Ann
123,Beulah
124,Callie
125,Lou
126,Delia
127,Eleanor
128,Barbara
129,Iva
130,Louisa
131,Maria
132,Mayme
133,Evelyn
134,Estelle
135,Nina
136,Betty
137,Marion
138,Bettie
139,Dorothy
140,Luella
141,Inez
142,Lela
143,Rosie
144,Allie
145,Millie
146,Janie
147,Cornelia
148,Victoria
149,Ruby
150,Winifred
151,Alta
152,Celia
153,Christine
154,Beatrice
155,Birdie
156,Harriett
157,Mable
158,Myra
159,Sophie
160,Tillie
161,Isabel
162,Sylvia
163,Carolyn
164,Isabelle
165,Leila
166,Sally
167,Ina
168,Essie
169,Bertie
170,Nell
171,Alberta
172,Katharine
173,Lora
174,Rena
175,Mina
176,Rhoda
177,Mathilda
178,Abbie
179,Eula
180,Dollie
181,Hettie
182,Eunice
183,Fanny
184,Ola
185,Lenora
186,Adelaide
187,Christina
188,Lelia
189,Nelle
190,Sue
191,Johanna
192,Lilly
193,Lucinda
194,Minerva
195,Lettie
196,Roxie
197,Cynthia
198,Helena
199,Hilda
200,Hulda
201,Bernice
202,Genevieve
203,Jean
204,Cordelia
205,Marian
206,Francis
207,Jeanette
208,Adeline
209,Gussie
210,Leah
211,Lois
212,Lura
213,Mittie
214,Hallie
215,Isabella
216,Olga
217,Phoebe
218,Teresa
219,Hester
220,Lida
221,Lina
222,Winnie
223,Claudia
224,Marguerite
225,Vera
226,Cecelia
227,Bess
228,Emilie
229,John
230,Rosetta
231,Verna
232,Myrtie
233,Cecilia
234,Elva
235,Olivia
236,Ophelia
237,Georgie
238,Elnora
239,Violet
240,Adele
241,Lily
242,Linnie
243,Loretta
244,Madge
245,Polly
246,Virgie
247,Eugenia
248,Lucile
249,Lucille
250,Mabelle
251,Rosalie
252,Kittie
253,Meta
254,Angie
255,Dessie
256,Georgiana
257,Lila
258,Regina
259,Selma
260,Wilhelmina
261,Bridget
262,Lilla
263,Malinda
264,Vina
265,Freda
266,Gertie
267,Jeannette
268,Louella
269,Mandy
270,Roberta
271,Cassie
272,Corinne
273,Ivy
274,Melissa
275,Lyda
276,Naomi
277,Norma
278,Bell
279,Margie
280,Nona
281,Zella
282,Dovie
283,Elvira
284,Erma
285,Irma
286,Leota
287,William
288,Artie
289,Blanch
290,Charity
291,Lorena
292,Lucretia
293,Orpha
294,Alvina
295,Annette
296,Catharine
297,Elma
298,Geneva
299,Janet
300,Lee
301,Leora
302,Lona
303,Miriam
304,Zora
305,Linda
306,Octavia
307,Sudie
308,Zula
309,Adella
310,Alpha
311,Frieda
312,George
313,Joanna
314,Leonora
315,Priscilla
316,Tennie
317,Angeline
318,Docia
319,Ettie
320,Flossie
321,Hanna
322,Letha
323,Minta
324,Retta
325,Rosella
326,Adah
327,Berta
328,Elisabeth
329,Elise
330,Goldie
331,Leola
332,Margret
333,Adaline
334,Floy
335,Idella
336,Juanita
337,Lenna
338,Lucie
339,Missouri
340,Nola
341,Zoe
342,Eda
343,Isabell
344,James
345,Julie
346,Letitia
347,Madeline
348,Malissa
349,Mariah
350,Pattie
351,Vivian
352,Almeda
353,Aurelia
354,Claire
355,Dolly
356,Hazel
357,Jannie
358,Kathleen
359,Kathrine
360,Lavinia
361,Marietta
362,Melvina
363,Ona
364,Pinkie
365,Samantha
366,Susanna
367,Chloe
368,Donnie
369,Elsa
370,Gladys
371,Matie
372,Pearle
373,Vesta
374,Vinnie
375,Antoinette
376,Clementine
377,Edythe
378,Harriette
379,Libbie
380,Lilian
381,Lue
382,Lutie
383,Magdalena
384,Meda
385,Rita
386,Tena
387,Zelma
388,Adelia
389,Annetta
390,Antonia
391,Dona
392,Elizebeth
393,Georgianna
394,Gracie
395,Iona
396,Lessie
397,Leta
398,Liza
399,Mertie
400,Molly
401,Neva
402,Oma
403,Alida
404,Alva
405,Cecile
406,Cleo
407,Donna
408,Ellie
409,Ernestine
410,Evie
411,Frankie
412,Helene
413,Minna
414,Myrta
415,Prudence
416,Queen
417,Rilla
418,Savannah
419,Tessie
420,Tina
421,Agatha
422,America
423,Anita
424,Arminta
425,Dorothea
426,Ira
427,Luvenia
428,Marjorie
429,Maybelle
430,Mellie
431,Nan
432,Pearlie
433,Sidney
434,Velma
435,Clare
436,Constance
437,Dixie
438,Ila
439,Iola
440,Jimmie
441,Louvenia
442,Lucia
443,Ludie
444,Luna
445,Metta
446,Patsy
447,Phebe
448,Sophronia
449,Adda
450,Avis
451,Betsy
452,Bonnie
453,Cecil
454,Cordie
455,Emmaline
456,Ethelyn
457,Hortense
458,June
459,Louie
460,Lovie
461,Marcella
462,Melinda
463,Mona
464,Odessa
465,Veronica
466,Aimee
467,Annabel
468,Ava
469,Bella
470,Carolina
471,Cathrine
472,Christena
473,Clyde
474,Dena
475,Dolores
476,Eleanore
477,Elmira
478,Fay
479,Frank
480,Jenny
481,Kizzie
482,Lonnie
483,Loula
484,Magdalene
485,Mettie
486,Mintie
487,Peggy
488,Reba
489,Serena
490,Vida
491,Zada
492,Abigail
493,Celestine
494,Celina
495,Claudie
496,Clemmie
497,Connie
498,Daisie
499,Deborah
500,Dessa
501,Easter
502,Eddie
503,Emelia
504,Emmie
505,Imogene
506,India
507,Jeanne
508,Joan
509,Lenore
510,Liddie
511,Lotta
512,Mame
513,Nevada
514,Rachael
515,Robert
516,Sina
517,Willa
518,Aline
519,Beryl
520,Charles
521,Daisey
522,Dorcas
523,Edmonia
524,Effa
525,Eldora
526,Eloise
527,Emmer
528,Era
529,Gena
530,Henry
531,Iris
532,Izora
533,Lennie
534,Lissie
535,Mallie
536,Malvina
537,Mathilde
538,Mazie
539,Queenie
540,Rosina
541,Salome
542,Theodora
543,Therese
544,Vena
545,Wanda
546,Wilda
547,Altha
548,Anastasia
549,Besse
550,Bird
551,Birtie
552,Clarissa
553,Claude
554,Delilah
555,Diana
556,Emelie
557,Erna
558,Fern
559,Florida
560,Frona
561,Hilma
562,Joseph
563,Juliet
564,Leonie
565,Lugenia
566,Mammie
567,Manda
568,Manerva
569,Manie
570,Nella
571,Paulina
572,Philomena
573,Rae
574,Selina
575,Sena
576,Theodosia
577,Tommie
578,Una
579,Vernie
580,Adela
581,Althea
582,Amalia
583,Amber
584,Angelina
585,Annabelle
586,Anner
587,Arie
588,Clarice
589,Corda
590,Corrie
591,Dell
592,Dellar
593,Donie
594,Doris
595,Elda
596,Elinor
597,Emeline
598,Emilia
599,Esta
600,Estell
601,Etha
602,Fred
603,Hope
604,Indiana
605,Ione
606,Jettie
607,Johnnie
608,Josiephine
609,Kitty
610,Lavina
611,Leda
612,Letta
613,Mahala
614,Marcia
615,Margarette
616,Maudie
617,Maye
618,Norah
619,Oda
620,Patty
621,Paula
622,Permelia
623,Rosalia
624,Roxanna
625,Sula
626,Vada
627,Winnifred
628,Adline
629,Almira
630,Alvena
631,Arizona
632,Becky
633,Bennie
634,Bernadette
635,Camille
636,Cordia
637,Corine
638,Dicie
639,Dove
640,Drusilla
641,Elena
642,Elenora
643,Elmina
644,Ethyl
645,Evalyn
646,Evelina
647,Faye
648,Huldah
649,Idell
650,Inga
651,Irena
652,Jewell
653,Kattie
654,Lavenia
655,Leslie
656,Lovina
657,Lulie
658,Magnolia
659,Margeret
660,Margery
661,Media
662,Millicent
663,Nena
664,Ocie
665,Orilla
666,Osie
667,Pansy
668,Ray
669,Rosia
670,Rowena
671,Shirley
672,Tabitha
673,Thomas
674,Verdie
675,Walter
676,Zetta
677,Zoa
678,Zona
679,Albertina
680,Albina
681,Alyce
682,Amie
683,Angela
684,Annis
685,Carol
686,Carra
687,Clarence
688,Clarinda
689,Delphia
690,Dillie
691,Doshie
692,Drucilla
693,Etna
694,Eugenie
695,Eulalia
696,Eve
697,Felicia
698,Florance
699,Fronie
700,Geraldine
701,Gina
702,Glenna
703,Grayce
704,Hedwig
705,Jessica
706,Jossie
707,Katheryn
708,Katy
709,Lea
710,Leanna
711,Leitha
712,Leone
713,Lidie
714,Loma
715,Lular
716,Magdalen
717,Maymie
718,Minervia
719,Muriel
720,Neppie
721,Olie
722,Onie
723,Osa
724,Otelia
725,Paralee
726,Patience
727,Rella
728,Rillie
729,Rosanna
730,Theo
731,Tilda
732,Tishie
733,Tressa
734,Viva
735,Yetta
736,Zena
737,Zola
738,Abby
739,Aileen
740,Alba
741,Alda
742,Alla
743,Alverta
744,Ara
745,Ardelia
746,Ardella
747,Arrie
748,Arvilla
749,Augustine
750,Aurora
751,Bama
752,Bena
753,Byrd
754,Calla
755,Camilla
756,Carey
757,Carlotta
758,Celestia
759,Cherry
760,Cinda
761,Classie
762,Claudine
763,Clemie
764,Clifford
765,Clyda
766,Creola
767,Debbie
768,Dee
769,Dinah
770,Doshia
771,Ednah
772,Edyth
773,Eleanora
774,Electa
775,Eola
776,Erie
777,Eudora
778,Euphemia
779,Evalena
780,Evaline
781,Faith
782,Fidelia
783,Freddie
784,Golda
785,Harry
786,Helma
787,Hermine
788,Hessie
789,Ivah
790,Janette
791,Jennette
792,Joella
793,Kathryne
794,Lacy
795,Lanie
796,Lauretta
797,Leana
798,Leatha
799,Leo
800,Liller
801,Lillis
802,Louetta
803,Madie
804,Mai
805,Martina
806,Maryann
807,Melva
808,Mena
809,Mercedes
810,Merle
811,Mima
812,Minda
813,Monica
814,Nealie
815,Netta
816,Nolia
817,Nonie
818,Odelia
819,Ottilie
820,Phyllis
821,Robbie
822,Sabina
823,Sada
824,Sammie
825,Suzanne
826,Sybilla
827,Thea
828,Tressie
829,Vallie
830,Venie
831,Viney
832,Wilhelmine
833,Winona
834,Zelda
835,Zilpha
836,Adelle
837,Adina
838,Adrienne
839,Albertine
840,Alys
841,Ana
842,Araminta
843,Arthur
844,Birtha
845,Bulah
846,Caddie
847,Celie
848,Charlotta
849,Clair
850,Concepcion
851,Cordella
852,Corrine
853,Delila
854,Delphine
855,Dosha
856,Edgar
857,Elaine
858,Elisa
859,Ellar
860,Elmire
861,Elvina
862,Ena
863,Estie
864,Etter
865,Fronnie
866,Genie
867,Georgina
868,Glenn
869,Gracia
870,Guadalupe
871,Gwendolyn
872,Hassie
873,Honora
874,Icy
875,Isa
876,Isadora
877,Jesse
878,Jewel
879,Joe
880,Johannah
881,Juana
882,Judith
883,Judy
884,Junie
885,Lavonia
886,Lella
887,Lemma
888,Letty
889,Linna
890,Littie
891,Lollie
892,Lorene
893,Louis
894,Love
895,Lovisa
896,Lucina
897,Lynn
898,Madora
899,Mahalia
900,Manervia
901,Manuela
902,Margarett
903,Margaretta
904,Margarita
905,Marilla
906,Mignon
907,Mozella
908,Natalie
909,Nelia
910,Nolie
911,Omie
912,Opal
913,Ossie
914,Ottie
915,Ottilia
916,Parthenia
917,Penelope
918,Pinkey
919,Pollie
920,Rennie
921,Reta
922,Roena
923,Rosalee
924,Roseanna
925,Ruthie
926,Sabra
927,Sannie
928,Selena
929,Sibyl
930,Tella
931,Tempie
932,Tennessee
933,Teressa
934,Texas
935,Theda
936,Thelma
937,Thursa
938,Ula
939,Vannie
940,Verona
941,Vertie
942,Wilma
943,
944,
945,
946,
947,
948,
949,
950,
951,
952,
953,
954,
955,
956,
957,
958,
959,
960,
961,
962,
963,
964,
965,
966,
967,
968,
969,
970,
971,
972,
973,
974,
975,
976,
977,
978,
979,
980,
981,
982,
983,
984,
985,
986,
987,
988,
989,
990,
991,
992,
993,
994,
995,
996,
997,
998,
999,
1000,
