Rank,Girl Name,Boy Name
1,Mary,Robert
2,Betty,John
3,Dorothy,James
4,Helen,William
5,Margaret,Charles
6,Ruth,Richard
7,Doris,Donald
8,Barbara,George
9,Virginia,Joseph
10,Shirley,Edward
11,Patricia,Thomas
12,Jean,Frank
13,Frances,Paul
14,Elizabeth,Harold
15,Mildred,Jack
16,Anna,Raymond
17,Evelyn,Kenneth
18,Lois,Walter
19,Alice,David
20,Dolores,Eugene
21,Marie,Henry
22,Martha,Arthur
23,Norma,Albert
24,Rose,Ralph
25,Gloria,Herbert
26,Phyllis,Harry
27,Joan,Billy
28,Irene,Carl
29,Marjorie,Willie
30,Joyce,Joe
31,Louise,Howard
32,Florence,Louis
33,Catherine,Alfred
34,Ruby,Roy
35,Lillian,Clarence
36,Eleanor,Fred
37,Annie,Earl
38,Marilyn,Lawrence
39,Lorraine,Norman
40,Thelma,Francis
41,Gladys,Gerald
42,Josephine,Leonard
43,Nancy,Ernest
44,June,Anthony
45,Edna,Stanley
46,Beverly,Marvin
47,Marion,Daniel
48,Pauline,Melvin
49,Theresa,Bernard
50,Geraldine,Ronald
51,Lucille,Leroy
52,Grace,Samuel
53,Bernice,Michael
54,Ann,Floyd
55,Ethel,Russell
56,Edith,Peter
57,Rita,Ray
58,Juanita,Edwin
59,Hazel,Lloyd
60,Audrey,Andrew
61,Donna,Leo
62,Jane,Gene
63,Wanda,Bill
64,Sarah,Elmer
65,Clara,Bobby
66,Esther,Theodore
67,Emma,Frederick
68,Elaine,Clifford
69,Wilma,Wayne
70,Beatrice,Vernon
71,Marian,Roger
72,Charlotte,Alvin
73,Elsie,Philip
74,Willie,Clyde
75,Katherine,Dale
76,Peggy,Glenn
77,Carol,Gordon
78,Vivian,Herman
79,Eva,Jerry
80,Julia,Charlie
81,Bertha,Leon
82,Kathleen,Vincent
83,Laura,Martin
84,Maxine,Don
85,Agnes,Warren
86,Gertrude,Lewis
87,Ida,Lee
88,Rosemary,Chester
89,Bonnie,Lester
90,Jeanne,Harvey
91,Carolyn,Jesse
92,Vera,Milton
93,Anne,Allen
94,Delores,Calvin
95,Janet,Bob
96,Billie,Gilbert
97,Jacqueline,Cecil
98,Ellen,Arnold
99,Kathryn,Victor
100,Ella,Jimmie
101,Bessie,Curtis
102,Eileen,Douglas
103,Viola,Johnnie
104,Lillie,Wallace
105,Maria,Eddie
106,Arlene,Benjamin
107,Alma,Roland
108,Margie,Jose
109,Jessie,Sam
110,Pearl,Jerome
111,Nellie,Manuel
112,Lucy,Bruce
113,Violet,Willard
114,Georgia,Edgar
115,Velma,Glen
116,Myrtle,Claude
117,Ramona,Johnny
118,Minnie,Marion
119,Sylvia,Junior
120,Christine,Maurice
121,Mattie,Hubert
122,Leona,Oscar
123,Loretta,Everett
124,Geneva,Jessie
125,Rosa,Max
126,Jeanette,Virgil
127,Roberta,Wilbur
128,Sally,Leslie
129,Sara,Hugh
130,Mae,Stephen
131,Stella,Homer
132,Lena,Patrick
133,Harriet,Billie
134,Genevieve,Rudolph
135,Mabel,Tom
136,Claire,Dean
137,Anita,Jim
138,Eunice,Jimmy
139,Muriel,Keith
140,Carrie,Nicholas
141,Naomi,Duane
142,Joanne,Sidney
143,Jennie,Wesley
144,Dora,Morris
145,Patsy,Luther
146,Opal,Franklin
147,Marguerite,Horace
148,Hilda,Willis
149,Janice,Phillip
150,Emily,Larry
151,Alberta,Tommy
152,Verna,Alexander
153,Blanche,Earnest
154,Beulah,Delbert
155,Cora,Lyle
156,Rosie,Ben
157,Erma,Alan
158,Lula,Salvatore
159,Hattie,Dennis
160,Inez,Tony
161,Fannie,Oliver
162,Constance,Steve
163,Imogene,Edmund
164,Lola,Dan
165,Laverne,Otis
166,Bobbie,Irving
167,Madeline,Guy
168,Miriam,Julius
169,Daisy,Archie
170,Rosalie,Juan
171,Ada,Allan
172,Teresa,Dick
173,Flora,Clayton
174,Marcella,Bennie
175,Caroline,Ted
176,Darlene,Alton
177,Rachel,Angelo
178,Mamie,Orville
179,Jo,Alex
180,Mable,Clinton
181,Yvonne,Leland
182,Johnnie,Matthew
183,Rebecca,Clifton
184,Irma,Jesus
185,Colleen,Jay
186,Bettie,Merle
187,Estelle,Mike
188,Joy,Lowell
189,Eula,Ivan
190,Nora,Antonio
191,Eloise,Freddie
192,Faye,Wilbert
193,Ernestine,Ira
194,Susie,Nathaniel
195,Lila,Marshall
196,Antoinette,Jacob
197,Nina,Lonnie
198,Maggie,Neil
199,Carmen,Irvin
200,Iris,Ramon
201,Joann,Nelson
202,Bette,Dewey
203,Gwendolyn,Ervin
204,Regina,Myron
205,Winifred,Malcolm
206,Olga,Wendell
207,Lorene,Elbert
208,Rosemarie,Carroll
209,Della,Mark
210,Sadie,Darrell
211,Jeannette,Wilfred
212,Priscilla,Julian
213,Angelina,Perry
214,Melba,Pete
215,Charlene,Loren
216,Henrietta,Jackie
217,Victoria,Nick
218,Katie,Rufus
219,Lydia,Karl
220,Susan,Norbert
221,Essie,Sylvester
222,Fern,Gerard
223,Olive,Rodney
224,Annette,Carlos
225,Sue,Emil
226,Therese,Bobbie
227,Amelia,Eldon
228,Ollie,Doyle
229,Freda,Laurence
230,Jewel,Forrest
231,Reba,Seymour
232,Adeline,Troy
233,Nettie,Aaron
234,Janie,Carlton
235,Sophie,Nathan
236,May,Fredrick
237,Veronica,Byron
238,Natalie,Ellis
239,Nadine,Johnie
240,Angeline,Loyd
241,Bettye,Isaac
242,Luella,Rex
243,Lela,Burton
244,Lottie,Mack
245,Connie,Bert
246,Ora,Grady
247,Isabel,Sherman
248,Jewell,Roosevelt
249,Deloris,Irwin
250,Iva,Owen
251,Dorthy,Murray
252,Judith,Francisco
253,Lucile,Ruben
254,Adele,Harley
255,Goldie,Percy
256,Sallie,Ross
257,Dorothea,Pedro
258,Fay,Elwood
259,Angela,Mario
260,Diane,Dominick
261,Ina,Grover
262,Lenora,Otto
263,Cleo,Felix
264,Selma,Lynn
265,Addie,Benny
266,Leola,Emmett
267,Etta,Dwight
268,Suzanne,Tommie
269,Corinne,Boyd
270,Cecelia,Amos
271,Francis,Conrad
272,Cecilia,Harlan
273,Clarice,Wilson
274,Annabelle,Aubrey
275,Elva,Laverne
276,Paula,August
277,Jimmie,Sheldon
278,Linda,Joel
279,Celia,Edmond
280,Mavis,Abraham
281,Marcia,Reginald
282,Estella,Stuart
283,Isabelle,Erwin
284,Effie,Louie
285,Ola,Teddy
286,Ila,Austin
287,Elinor,Garland
288,Myra,Cornelius
289,Glenna,Preston
290,Alta,Dominic
291,Lee,Neal
292,Patty,Dallas
293,Frankie,Raul
294,Arline,Maynard
295,Helene,Morton
296,Bernadine,Pat
297,Rhoda,Adam
298,Gracie,Wade
299,Carmela,Steven
300,Willa,Roscoe
301,Nell,Adolph
302,Aileen,Jasper
303,Elvira,Alfonso
304,Lizzie,Delmar
305,Cynthia,Sammie
306,Jacquelyn,Elton
307,Earline,Carmen
308,Pat,Millard
309,Eleanore,Jean
310,Elnora,Dave
311,Olivia,Rudy
312,Nelda,Elvin
313,Virgie,Will
314,Jackie,Luis
315,Guadalupe,Charley
316,Robert,Moses
317,Renee,Mitchell
318,Rena,Roberto
319,James,Grant
320,Lou,Merlin
321,Elma,Reuben
322,Jeannine,Thurman
323,John,Armand
324,Mona,Ned
325,Nannie,Wilmer
326,Sybil,Lionel
327,Rosetta,Timothy
328,Lenore,Salvador
329,Yolanda,Sanford
330,Diana,Mary
331,Eugenia,Randolph
332,Leah,Clair
333,Margery,Rocco
334,Carmella,Emanuel
335,Flossie,Alfredo
336,Bertie,Russel
337,Matilda,Marlin
338,Loraine,Monroe
339,Dolly,Patsy
340,Polly,Sammy
341,Pearlie,Weldon
342,Avis,Merrill
343,Dixie,Danny
344,Marianne,Cleveland
345,Ruthie,Harrison
346,Dona,Odell
347,Consuelo,Ollie
348,Harriett,Simon
349,Claudia,Christopher
350,Frieda,Alonzo
351,Bernadette,Noel
352,Christina,Lavern
353,Zelma,Rolland
354,Lupe,Wiley
355,Amy,Gus
356,Odessa,Earle
357,Josie,Gregory
358,Winnie,Royce
359,Aurora,Andy
360,Concetta,Clement
361,Wilda,Wilburn
362,Maryann,Hollis
363,Rosella,Marcus
364,Mollie,Elijah
365,Neva,Gabriel
366,Eddie,Hoover
367,Dollie,Darwin
368,Lorna,Buddy
369,William,Ed
370,Lily,Shirley
371,Lavonne,Wilford
372,Earnestine,Darrel
373,Myrna,Jackson
374,Corrine,Jake
375,Tommie,Travis
376,Nola,Forest
377,Cecile,Cleo
378,Beverley,Kermit
379,Betsy,Armando
380,Margarita,Buford
381,Molly,Clark
382,Cornelia,Claud
383,Letha,Elmo
384,Millie,Cyril
385,Antonia,Norris
386,Robbie,Lamar
387,Delia,Vito
388,Lora,Stewart
389,Alicia,Guadalupe
390,Merle,Adrian
391,Madge,Woodrow
392,Maude,Sterling
393,Gilda,Emery
394,Aline,Emory
395,Allie,Gary
396,Beth,Alphonse
397,Earlene,Miguel
398,Joanna,Rodolfo
399,Maureen,Coy
400,Ophelia,Harris
401,Reva,Lorenzo
402,Jerry,Van
403,Florine,Eric
404,Hope,Miles
405,Leila,Roman
406,Leatrice,Mervin
407,Alyce,Solomon
408,Melva,Terry
409,Iona,Huey
410,Hannah,Bud
411,Ilene,Eli
412,Charles,Rafael
413,Lilly,Carmine
414,Nona,Herschel
415,Berniece,Alva
416,Helena,Barney
417,Roslyn,Vern
418,Georgie,Rene
419,Corine,Winston
420,Charmaine,Linwood
421,Edythe,Milford
422,Lorena,Jess
423,Queen,Truman
424,Louella,Winfred
425,Jaunita,Randall
426,Mercedes,Carol
427,Emogene,Enrique
428,Carole,Arturo
429,Elena,Hal
430,Marietta,Lenard
431,Amanda,Basil
432,Judy,Frankie
433,Delphine,Al
434,Sheila,Levi
435,Elouise,Emerson
436,Lelia,Scott
437,Marceline,Bertram
438,Adelaide,Odis
439,Eliza,Hector
440,Lessie,Delmer
441,Madelyn,Pasquale
442,Callie,Ward
443,Greta,Roderick
444,Sandra,Royal
445,Dorris,Dudley
446,Jannie,Elias
447,Pansy,Gale
448,Zelda,Hershel
449,Allene,Vance
450,Clare,Saul
451,George,Emilio
452,Lorine,Gilberto
453,Esperanza,Jeff
454,Ester,Lindy
455,Evangeline,Gail
456,Ima,Lyman
457,Bennie,Hiram
458,Millicent,Noah
459,Leota,Pablo
460,Philomena,Ulysses
461,Iola,Freeman
462,Gene,Wilton
463,Kay,Normand
464,Winona,Alden
465,Doreen,Bruno
466,Hester,Thaddeus
467,Monica,Burl
468,Freddie,Booker
469,Leta,Elliott
470,Zella,Everette
471,Faith,Riley
472,Joe,Spencer
473,Ione,Ricardo
474,Alene,Silas
475,Beryl,Alberto
476,Johanna,Chris
477,Maudie,Domingo
478,Josefina,Olen
479,Julie,Anton
480,Germaine,Denver
481,Ardis,Carrol
482,Dessie,Cletus
483,Katharine,Ellsworth
484,Richard,Tomas
485,Juana,Milo
486,Retha,Nolan
487,Francisca,Edsel
488,Claudine,Ferdinand
489,Roxie,Jules
490,Tillie,Mathew
491,Althea,Phil
492,Bonita,Orval
493,Maurine,Houston
494,Marjory,Major
495,Sophia,Arlie
496,Syble,Luke
497,Janis,Buster
498,Bobby,Augustine
499,Rae,Fernando
500,Lucia,Augustus
501,Manuela,Carlo
502,Charlie,Columbus
503,Dawn,Newton
504,Gwen,Frederic
505,Rosalyn,Jerald
506,Angie,Omer
507,Jenny,Ernesto
508,Glenda,Barry
509,Sonia,Hoyt
510,Elda,Santiago
511,Georgette,Sol
512,Marylou,Frances
513,Joseph,Ignacio
514,Petra,Vaughn
515,Twila,Jewel
516,Camille,Orlando
517,Gussie,Angel
518,Valerie,Blaine
519,Isabella,Clay
520,Dortha,Davis
521,Gretchen,Hobert
522,Phoebe,Julio
523,Vilma,Marcel
524,Oma,Verne
525,Vada,Elroy
526,Velda,Gaylord
527,Wilhelmina,Hugo
528,Edwina,Morgan
529,Gail,Evan
530,Verda,Lincoln
531,Delma,Raymon
532,Isabell,Dana
533,Madeleine,Eduardo
534,Shirlee,Felipe
535,Leora,Fletcher
536,Donald,Harland
537,Nita,Anderson
538,Floy,Dalton
539,Alfreda,Kelly
540,Belva,Kent
541,Laurel,Sebastian
542,Verla,Joesph
543,Charline,Mckinley
544,Vida,Noble
545,Alva,Bryan
546,Doretha,Merton
547,Hallie,Aloysius
548,Margret,Ambrose
549,Hellen,Donnie
550,Rosalee,Nickolas
551,Vernice,Wilber
552,Erna,Dorothy
553,Marlys,Hilton
554,Sharon,Andres
555,Arleen,Emile
556,Billy,Isiah
557,Elsa,Justin
558,Augusta,Isaiah
559,Aurelia,Reed
560,Birdie,Betty
561,Enid,Valentine
562,Lucinda,Elwin
563,Rowena,Joshua
564,Elisabeth,Mose
565,Louisa,Olin
566,Yvette,Stanford
567,Dorotha,Benito
568,Elisa,Ezra
569,Lauretta,Graham
570,Magdalene,Sherwood
571,Minerva,Lemuel
572,Valeria,Maxwell
573,Reta,Micheal
574,Vernell,Oren
575,Janette,Vicente
576,Rhea,Winford
577,Rosalind,Jonathan
578,Theodora,Alphonso
579,Elise,Arden
580,Fanny,Beverly
581,Freida,Christian
582,Johnie,Harmon
583,Harriette,Theron
584,Myrtis,Arther
585,Pearline,Jeremiah
586,Socorro,Santos
587,Carolina,Rodger
588,Dovie,Bernie
589,Juliette,Bradley
590,Oleta,Foster
591,Terry,Junius
592,Thomas,Waldo
593,Justine,Jefferson
594,Alvina,Coleman
595,Lavon,Emmitt
596,Sammie,Mason
597,Mazie,Ora
598,Ouida,Dewitt
599,Romona,Porter
600,Edward,Quentin
601,Theda,Daryl
602,Tina,Palmer
603,Veda,Brian
604,Agatha,Doris
605,Ava,Dwayne
606,Hortense,Domenic
607,Ofelia,Elden
608,Billye,Carson
609,Gertie,Galen
610,Nan,Ottis
611,Lue,Rogers
612,Rubye,Rubin
613,Elvera,Ernie
614,Margarette,Otha
615,Celeste,Raphael
616,Kate,Rollin
617,Larue,Rupert
618,Deborah,Benedict
619,Florene,Casimir
620,Camilla,Rosario
621,Zola,Adolfo
622,Madonna,Granville
623,Mozelle,Ivory
624,Tessie,Lacy
625,Celestine,Lucien
626,Ardith,Lucius
627,Roma,Merlyn
628,Alpha,Shelby
629,Blanch,Sydney
630,Catharine,Bennett
631,Lavern,Clarance
632,Linnie,Donn
633,Stephanie,Glendon
634,Berta,Lupe
635,Georgiana,Monte
636,Noreen,Aron
637,Paul,Avery
638,Una,Bernice
639,Kitty,Elvis
640,Lura,Gregorio
641,Ursula,Rayford
642,Darleen,Alford
643,Leonora,Eldred
644,Myrtice,Gustave
645,Carlene,Judson
646,Gayle,Romeo
647,Marianna,Alvie
648,Eldora,Boyce
649,Garnet,Donovan
650,Adrienne,Mickey
651,Albertha,Raleigh
652,Filomena,Asa
653,Gerry,Dexter
654,Lynn,Domenick
655,Jeane,Eldridge
656,Lona,Santo
657,Martina,Theo
658,Cassie,Walker
659,Ona,Talmadge
660,Roselyn,Warner
661,Caryl,Hayward
662,Maryjane,Taylor
663,Treva,Connie
664,Emilia,Darold
665,Vesta,Duncan
666,Adela,Elzie
667,Eleanora,Jordan
668,Georgianna,Merritt
669,Ethelyn,Abe
670,Idella,Fay
671,Pattie,Haywood
672,Lavina,Helen
673,Artie,Jewell
674,Daphne,Kennith
675,Easter,Leeroy
676,Jayne,Donal
677,Margarett,Guillermo
678,Mayme,Hermon
679,Andrea,Hyman
680,Clementine,Jason
681,Frank,Margaret
682,Ladonna,Meredith
683,Peggie,Felton
684,Rosina,Guido
685,Adell,Abel
686,Angelita,Bradford
687,Antonette,Craig
688,Kathrine,Loy
689,Raymond,Margarito
690,Katheryn,Dorsey
691,Lettie,Gayle
692,Dottie,Kay
693,Leslie,Milan
694,Magdalena,Albin
695,Albina,Bryant
696,Annabell,Carleton
697,Laverna,Dee
698,Leone,Dillard
699,Marilynn,Enoch
700,Marvel,Lawerence
701,Mina,Aurelio
702,Vergie,Florian
703,Carmel,Dante
704,Catalina,Elliot
705,Gearldine,King
706,Ira,Myles
707,Magnolia,Pearl
708,Novella,Alvis
709,Pamela,Freddy
710,Alda,Giles
711,Elna,Verlin
712,Marlene,Werner
713,Mittie,Aldo
714,Orpha,Alejandro
715,Amalia,Benton
716,Bobbye,Bertrand
717,Norene,Cyrus
718,Evelyne,Edd
719,Hettie,Hobart
720,Maybelle,Maxie
721,Cecil,Walton
722,Christene,Zane
723,Jack,Arlo
724,Elizebeth,Carter
725,Lovie,Clare
726,Luz,Jennings
727,Meredith,June
728,Neoma,Loyal
729,Odell,Nicolas
730,Ray,Norwood
731,Arthur,Omar
732,Francine,Cruz
733,Mickey,Dewayne
734,Rubie,Haskell
735,Willia,Fidel
736,Belle,Lois
737,Carla,Napoleon
738,Jeraldine,Barton
739,Abbie,Bryce
740,Cleta,Buck
741,Elmira,Dwain
742,Concepcion,Winfield
743,Crystal,Denzil
744,Donnie,Garfield
745,Harold,Kendall
746,Loyce,Kyle
747,Marcelle,Norton
748,Romaine,Parker
749,Delois,Reynold
750,Felicia,Seth
751,Gay,Waymon
752,Lilia,Arvid
753,Melvina,Blair
754,Norine,Burt
755,Raquel,Elwyn
756,Ivy,Glynn
757,Leonor,Lambert
758,Walter,Meyer
759,Audry,Ramiro
760,Charleen,Reid
761,Denise,Rosevelt
762,Jonnie,Rudolf
763,Rosaline,Dock
764,Tressie,Hardy
765,Cathrine,Israel
766,Darline,Stanton
767,Dorcas,Andre
768,Elease,Bonnie
769,Ferne,Clem
770,Georgina,Emmet
771,Lucretia,Lindbergh
772,Wynona,Newell
773,Annamae,Sandy
774,Dale,Theadore
775,Estell,Denny
776,Herminia,Jonas
777,Jeanie,Leander
778,Berneice,Prince
779,Bernita,Antone
780,Emilie,Dempsey
781,Carmelita,Denis
782,Elida,Jerold
783,Nova,Murry
784,Vernie,Regis
785,Vincenza,Webster
786,Ardella,Arlen
787,Delphia,Christ
788,Jeannie,Damon
789,Lida,Elisha
790,Sonya,Garth
791,Ana,Hans
792,Annetta,Joaquin
793,Eloisa,Kevin
794,Adella,Lonzo
795,Era,Lucian
796,Henry,Ruth
797,Jacquelin,Berry
798,Rosanna,Carlyle
799,Zora,Cloyd
800,Cathryn,Ignatius
801,Claudie,Jon
802,Eve,Joyce
803,Mozell,Matt
804,Vivien,Urban
805,Almeda,Verl
806,Cordelia,Agustin
807,Dorene,Arlin
808,Georgene,Audrey
809,Imelda,Isadore
810,Lavada,Johnson
811,Leatha,Mahlon
812,Lulu,Shelton
813,Maud,Williams
814,Roseann,Estel
815,Zona,Fritz
816,Anastasia,Gaetano
817,Audra,Melton
818,Karen,Angus
819,Marlyn,Cleve
820,Maxie,Constantine
821,Beatriz,Dorman
822,Hazle,Lauren
823,Kenneth,Merwin
824,Luetta,Ronnie
825,Annabel,Rowland
826,Christeen,Americo
827,Palma,Claire
828,Trinidad,Claudie
829,Vina,Early
830,Willodean,Hillard
831,Clyde,Lucious
832,Ernestina,Mariano
833,Eugene,Terrence
834,Lina,Wyatt
835,Luvenia,Dwaine
836,Sherry,Franklyn
837,Tomasa,Garrett
838,Winnifred,Jonnie
839,Alvera,Kurt
840,Elenora,Obie
841,Josefa,Oswald
842,Ossie,Otho
843,Susanne,Refugio
844,Vita,Virgle
845,Amparo,Willian
846,Bella,Federico
847,Estela,Henderson
848,Freeda,Henery
849,Lea,Howell
850,Lyla,Ike
851,Natalia,Lon
852,Patti,Merl
853,Rutha,Trinidad
854,Cherie,Arvil
855,Cruz,Carey
856,Evie,Dayton
857,Ines,Gaston
858,Mandy,Issac
859,Nathalie,Lindsey
860,Nila,Norval
861,Velva,Oran
862,Adelle,Art
863,Aletha,Artis
864,Benita,Auther
865,Bernardine,Brooks
866,Bethel,Chauncey
867,Earl,Kirby
868,Lonnie,Pierce
869,Sofia,Sonny
870,Doloris,Wardell
871,Evalyn,Willam
872,Florida,Abner
873,Idell,Allison
874,Johnny,Brady
875,Kattie,Clovis
876,Leonore,Edison
877,Marilou,Elmore
878,Nanette,Evans
879,Nedra,Johny
880,Ocie,Jorge
881,Ardell,Louise
882,Dana,Verle
883,Esta,Fredric
884,Luisa,General
885,Madie,Gustav
886,Naoma,Hilbert
887,Willene,Marlyn
888,Ardelle,Orvil
889,Cherry,Tracy
890,David,Val
891,Jeanine,Cleon
892,Joline,Delton
893,Joye,Emmit
894,Maurice,Garnett
895,Merna,Hayden
896,Cathleen,Isidore
897,Elmer,Oral
898,Felicitas,Orin
899,Juliet,Orrin
900,Nada,Sumner
901,Rachael,Verlyn
902,Adelina,Vester
903,Altha,Annie
904,Bridget,Carmelo
905,Carroll,Clearence
906,Corene,Deane
907,Garnett,Eliseo
908,Hortencia,Hunter
909,Hortensia,Marcelino
910,Libby,Milburn
911,Malinda,Rollie
912,Maryellen,Virginia
913,Paulina,Addison
914,Rosamond,Ardell
915,Santa,Arvin
916,Toni,Casper
917,Waneta,Durwood
918,Bulah,Gearld
919,Dorathy,Harrell
920,Gaynell,Mac
921,Golda,Pierre
922,Savannah,Quinton
923,Sibyl,Reese
924,Albert,Robin
925,Beaulah,Ruby
926,Chloe,Smith
927,Dena,Adolphus
928,Evangelina,Berton
929,Fred,Hilario
930,Jeanetta,Lawson
931,Jocelyn,Lindsay
932,Leanna,Lorin
933,Viva,Malcom
934,Zoe,Malvin
935,Zula,Marcos
936,Arvilla,Nunzio
937,Elois,Raoul
938,Juliana,Alois
939,Lavinia,Colin
940,Lawanda,Ewell
941,Lennie,Furman
942,Lidia,Ismael
943,Lita,Loran
944,Louis,Mildred
945,Mafalda,Miller
946,Marina,Murphy
947,Aida,Reynaldo
948,Lolita,Thad
949,Melvin,Thurston
950,Myrle,Wilfrid
951,Octavia,Adolf
952,Theo,Anna
953,Verona,Beryl
954,Augustine,Burnell
955,Bettylou,Curtiss
956,Carl,Eloy
957,Carma,Fernand
958,Jettie,Fidencio
959,Lyda,Llewellyn
960,Mardell,Quincy
961,Vonda,Sylvan
962,Dean,Wayland
963,Harry,Burdette
964,Marva,Casimer
965,Sidney,Crawford
966,Susanna,Ezell
967,Adelia,Ford
968,Colette,Foy
969,Delfina,Jerrold
970,Delilah,Leamon
971,Elvie,Leonardo
972,Rosalia,Leopoldo
973,Sondra,Lorenza
974,Erlinda,Richmond
975,Eulalia,Rueben
976,Jamie,Thornton
977,Louvenia,Tim
978,Marilee,Verner
979,Meta,Vernie
980,Rozella,Abram
981,Ruthe,Arland
982,Verdie,Arvel
983,Alverta,Author
984,Clarissa,Benjiman
985,Eda,Evert
986,Elinore,Harvie
987,Emmer,Leigh
988,Emmie,Lucio
989,Mathilda,Lynwood
990,Nella,Madison
991,Phylis,Valentino
992,Rosia,Dolores
993,Wava,Durward
994,Ceola,Enos
995,Dorine,Ethel
996,Elayne,Gino
997,Ellie,Gust
998,Hildred,Hurley
999,Howard,Ivy
1000,Jolene,Jere
