Rank,Name
1,Robert
2,James
3,John
4,William
5,Richard
6,Charles
7,Donald
8,George
9,Thomas
10,Joseph
11,David
12,Ronald
13,Edward
14,Paul
15,Kenneth
16,Frank
17,Raymond
18,Jack
19,Billy
20,Harold
21,Gerald
22,Jerry
23,Walter
24,Bobby
25,Joe
26,Eugene
27,Henry
28,Carl
29,Arthur
30,Willie
31,Albert
32,Ralph
33,Larry
34,Fred
35,Lawrence
36,Roger
37,Harry
38,Norman
39,Howard
40,Roy
41,Michael
42,Louis
43,Daniel
44,Gary
45,Marvin
46,Earl
47,Jimmy
48,Clarence
49,Wayne
50,Leroy
51,Don
52,Anthony
53,Francis
54,Leonard
55,Ernest
56,Stanley
57,Melvin
58,Herbert
59,Peter
60,Bill
61,Dale
62,Samuel
63,Alfred
64,Ray
65,Philip
66,Gene
67,Bernard
68,Russell
69,Jimmie
70,Gordon
71,Franklin
72,Dennis
73,Frederick
74,Johnny
75,Douglas
76,Floyd
77,Bruce
78,Glenn
79,Theodore
80,Lee
81,Bob
82,Clyde
83,Allen
84,Lloyd
85,Andrew
86,Leon
87,Eddie
88,Clifford
89,Edwin
90,Jim
91,Alvin
92,Leo
93,Martin
94,Vernon
95,Tommy
96,Jerome
97,Warren
98,Lewis
99,Harvey
100,Charlie
101,Herman
102,Jackie
103,Arnold
104,Jesse
105,Duane
106,Vincent
107,Phillip
108,Curtis
109,Cecil
110,Tom
111,Gilbert
112,Patrick
113,Stephen
114,Lester
115,Elmer
116,Victor
117,Milton
118,Johnnie
119,Roland
120,Dean
121,Chester
122,Alan
123,Benjamin
124,Glen
125,Keith
126,Sam
127,Calvin
128,Max
129,Claude
130,Maurice
131,Leslie
132,Willard
133,Wallace
134,Marion
135,Jose
136,Darrell
137,Manuel
138,Edgar
139,Hugh
140,Jessie
141,Virgil
142,Dick
143,Oscar
144,Ted
145,Freddie
146,Everett
147,Jay
148,Wesley
149,Rodney
150,Allan
151,Dan
152,Lowell
153,Sidney
154,Terry
155,Bennie
156,Lyle
157,Joel
158,Nicholas
159,Morris
160,Hubert
161,Ben
162,Tony
163,Earnest
164,Ronnie
165,Delbert
166,Wilbur
167,Neil
168,Billie
169,Luther
170,Homer
171,Karl
172,Carroll
173,Horace
174,Mark
175,Willis
176,Steve
177,Guy
178,Lonnie
179,Roosevelt
180,Nathaniel
181,Rudolph
182,Otis
183,Barry
184,Mike
185,Clinton
186,Alexander
187,Clayton
188,Alton
189,Archie
190,Benny
191,Junior
192,Danny
193,Marshall
194,Wendell
195,Matthew
196,Clifton
197,Rex
198,Oliver
199,Doyle
200,Juan
201,Leland
202,Buddy
203,Salvatore
204,Pete
205,Ivan
206,Myron
207,Alex
208,Orville
209,Nelson
210,Loren
211,Bobbie
212,Edmund
213,Julius
214,Carlos
215,Lynn
216,Ira
217,Troy
218,Elbert
219,Ramon
220,Fredrick
221,Malcolm
222,Wilbert
223,Jon
224,Sylvester
225,Gerard
226,Merle
227,Perry
228,Eldon
229,Sherman
230,Dewey
231,Antonio
232,Tommie
233,Jesus
234,Ervin
235,Julian
236,Stuart
237,Huey
238,Angelo
239,Carlton
240,Ruben
241,Isaac
242,Dwight
243,Grady
244,Irvin
245,Jacob
246,Bert
247,Dave
248,Nathan
249,Sheldon
250,Aaron
251,Conrad
252,Rufus
253,Pat
254,Byron
255,Nick
256,Mack
257,Ellis
258,Sammy
259,Shirley
260,Rudy
261,Laurence
262,Ross
263,Donnie
264,Forrest
265,Neal
266,Darrel
267,Teddy
268,Owen
269,Dallas
270,Steven
271,Wilfred
272,Norbert
273,Burton
274,Felix
275,Harlan
276,Marlin
277,Percy
278,Loyd
279,Irwin
280,Clark
281,Timothy
282,Gregory
283,Royce
284,Harley
285,Garland
286,Emmett
287,Pedro
288,Irving
289,Boyd
290,Kent
291,Reginald
292,Aubrey
293,Louie
294,Travis
295,Johnie
296,Wilson
297,Noel
298,Sammie
299,Darwin
300,Wade
301,Grover
302,Preston
303,Raul
304,Emil
305,Elwood
306,Maynard
307,Randolph
308,Francisco
309,Morton
310,Merlin
311,Will
312,Mario
313,Amos
314,Laverne
315,Jerald
316,Cornelius
317,Frankie
318,Delmar
319,Otto
320,Dominic
321,Eric
322,Grant
323,Randall
324,Wiley
325,Lionel
326,Edmond
327,Kermit
328,Mary
329,Mitchell
330,Woodrow
331,Dominick
332,August
333,Luis
334,Christopher
335,Norris
336,Alfonso
337,Roberto
338,Phil
339,Thurman
340,Elton
341,Abraham
342,Cleveland
343,Garry
344,Moses
345,Murray
346,Ned
347,Brian
348,Millard
349,Odell
350,Erwin
351,Gale
352,Ed
353,Elvin
354,Alonzo
355,Charley
356,Adam
357,Bradley
358,Roscoe
359,Reuben
360,Stewart
361,Marcus
362,Weldon
363,Sanford
364,Austin
365,Andy
366,Clair
367,Coy
368,Lamar
369,Lorenzo
370,Emanuel
371,Jasper
372,Adrian
373,Carmen
374,Elijah
375,Monroe
376,Al
377,Lavern
378,Scott
379,Carol
380,Guadalupe
381,Mervin
382,Ollie
383,Hal
384,Alfredo
385,Simon
386,Harrison
387,Truman
388,Gus
389,Jan
390,Adolph
391,Jean
392,Wilburn
393,Gail
394,Wilmer
395,Elliott
396,Dwayne
397,Dewayne
398,Merrill
399,Nolan
400,Freddy
401,Hollis
402,Barney
403,Levi
404,Chris
405,Delmer
406,Van
407,Arlen
408,Emery
409,Harris
410,Hershel
411,Jake
412,Rocco
413,Sterling
414,Gabriel
415,Mickey
416,Olin
417,Basil
418,Clement
419,Eli
420,Hector
421,Kevin
422,Noah
423,Buford
424,Emory
425,Winston
426,Dudley
427,Denver
428,Terrence
429,Ulysses
430,Craig
431,Denis
432,Carrol
433,Jackson
434,Ken
435,Rodger
436,Armand
437,Cleo
438,Fredric
439,Jess
440,Jonathan
441,Russel
442,Salvador
443,Earle
444,Rene
445,Warner
446,Monte
447,Spencer
448,Ricardo
449,Ernie
450,Miles
451,Seymour
452,Dalton
453,Normand
454,Ward
455,Armando
456,Linwood
457,Riley
458,Bud
459,Wilford
460,Vern
461,Betty
462,Roderick
463,Rolland
464,Gayle
465,Kay
466,Elmo
467,Herschel
468,Milford
469,Sonny
470,Alva
471,Winfred
472,Miguel
473,Rodolfo
474,Silas
475,Vance
476,Vito
477,Frederic
478,Vaughn
479,Blaine
480,Galen
481,Everette
482,Burl
483,Cletus
484,Jeff
485,Jerold
486,Alphonso
487,Carmine
488,Lenard
489,Pablo
490,Bernie
491,Connie
492,Darryl
493,Tomas
494,Arturo
495,Daryl
496,Kennith
497,Domingo
498,Morgan
499,Solomon
500,Tim
501,Alberto
502,Booker
503,Elias
504,Ernesto
505,Cyril
506,Forest
507,Micheal
508,Fernando
509,Denny
510,Orval
511,Claud
512,Lyman
513,Odis
514,Hoyt
515,Kelly
516,Maxie
517,Barbara
518,Patsy
519,Rafael
520,Lanny
521,Royal
522,Elroy
523,Jerrold
524,Kenny
525,Dorothy
526,Luke
527,Shelby
528,Dana
529,Wilton
530,Elden
531,Arden
532,Delano
533,Rogers
534,Harmon
535,Dickie
536,Foster
537,Gerry
538,Graham
539,Raymon
540,Arther
541,Kyle
542,Lynwood
543,Alphonse
544,Emilio
545,Freeman
546,Gilberto
547,Jeremiah
548,Clay
549,Emerson
550,Kerry
551,Gaylord
552,Saul
553,Bryan
554,Dwain
555,Hobert
556,Augustine
557,Olen
558,Alden
559,Enrique
560,Evan
561,Roman
562,Talmadge
563,Buster
564,Merlyn
565,Wilber
566,Anton
567,Davis
568,Dee
569,Fletcher
570,Hiram
571,Jere
572,Ellsworth
573,Hilton
574,Terrance
575,Augustus
576,Carter
577,Ferdinand
578,Jefferson
579,Julio
580,Pasquale
581,Lacy
582,Orlando
583,Felipe
584,Mckinley
585,Beverly
586,Isaiah
587,Shelton
588,Terence
589,Benito
590,Bertram
591,Darold
592,Farrell
593,Franklyn
594,Houston
595,Milo
596,Raleigh
597,Verne
598,Angel
599,Columbus
600,Doris
601,Marlyn
602,Carlo
603,Napoleon
604,Sherwood
605,Abel
606,Bradford
607,Emmitt
608,Frances
609,Ignacio
610,Kurt
611,Lupe
612,Omer
613,Thaddeus
614,Palmer
615,Rayford
616,Robin
617,Winford
618,Felton
619,Joan
620,Joesph
621,Mathew
622,Melvyn
623,Newton
624,Boyce
625,Major
626,Otha
627,Isiah
628,Ronny
629,Andres
630,Bruno
631,Haywood
632,Rollin
633,Joyce
634,Noble
635,Ottis
636,Patricia
637,Santiago
638,Stanford
639,Taylor
640,Anderson
641,Arlin
642,Bryant
643,Emile
644,Lawerence
645,Lemuel
646,Reynaldo
647,Theron
648,Carson
649,Edd
650,Hermon
651,Tracy
652,Alford
653,Art
654,Donal
655,Gearld
656,Jason
657,Ron
658,Alvis
659,Cyrus
660,Kendall
661,Mason
662,Alejandro
663,Ambrose
664,Carey
665,Israel
666,Joshua
667,Reed
668,Waymon
669,Zane
670,Elwin
671,Fritz
672,Garrett
673,Harland
674,Loy
675,Merton
676,Sebastian
677,Sydney
678,Andre
679,Arlie
680,Arvin
681,Burt
682,Ezra
683,Jordan
684,Mose
685,Oren
686,Rosevelt
687,Verlin
688,Bonnie
689,Dewitt
690,Rupert
691,Santos
692,Val
693,Adolfo
694,Eduardo
695,Gregorio
696,Lincoln
697,Bernice
698,Donn
699,Hugo
700,Maxwell
701,Walker
702,Arlo
703,Curtiss
704,Dexter
705,Glynn
706,Jewel
707,Jules
708,Vicente
709,Walton
710,Coleman
711,Cruz
712,Dillard
713,Dorsey
714,Hans
715,Ivory
716,Buck
717,Claudie
718,Eldridge
719,Garnett
720,Guillermo
721,Lucius
722,Margaret
723,Quentin
724,Santo
725,Christian
726,Fay
727,Garth
728,Justin
729,Theo
730,Wardell
731,Barton
732,Dock
733,Domenic
734,Granville
735,Hayward
736,Marcel
737,Romeo
738,Waldo
739,Dwaine
740,Lane
741,Bryce
742,Chuck
743,Duwayne
744,Edsel
745,Kirby
746,Mac
747,Melton
748,Sandy
749,Wally
750,Brooks
751,Clarance
752,Darwyn
753,Duncan
754,Helen
755,King
756,Ramiro
757,Bennett
758,Carleton
759,Donovan
760,Evert
761,Ora
762,Pierre
763,Regis
764,Sherwin
765,Werner
766,Asa
767,Bertrand
768,Dennie
769,Elzie
770,Judson
771,Dannie
772,Enoch
773,Leeroy
774,Meredith
775,Terrell
776,Williams
777,Agustin
778,Avery
779,Blair
780,Clovis
781,Elliot
782,Hardy
783,Marc
784,Oneal
785,Eddy
786,Leander
787,Mahlon
788,Obie
789,Rubin
790,Artis
791,Carlyle
792,Cary
793,Glendon
794,Kirk
795,Stanton
796,Wylie
797,Delton
798,Fidel
799,Lauren
800,Murphy
801,Omar
802,Rayburn
803,Abe
804,Benton
805,Cliff
806,Giles
807,Jewell
808,Leonardo
809,Lindsey
810,Matt
811,Prince
812,Sherrill
813,Stan
814,Arlan
815,Arvil
816,Benedict
817,Cloyd
818,Dayton
819,Harlen
820,Haskell
821,Valentine
822,Aurelio
823,Elwyn
824,Hazel
825,Isadore
826,Lois
827,Myles
828,Nickolas
829,Nicolas
830,Rollie
831,Ruby
832,Theadore
833,Toby
834,Alvie
835,Dolores
836,Durwood
837,Eldred
838,Gorden
839,Jacky
840,Lon
841,Lonzo
842,Seth
843,Winfield
844,Denzil
845,Derald
846,Howell
847,Jamie
848,Orvil
849,Reynold
850,Adolphus
851,Ardell
852,Colin
853,Garfield
854,Jennings
855,Lucien
856,Mervyn
857,Rowland
858,Aron
859,Domenick
860,Dorman
861,Elisha
862,Eloy
863,Junius
864,Monty
865,Oran
866,Parker
867,Raphael
868,Von
869,Willian
870,Arvid
871,Chauncey
872,Edison
873,Gaylon
874,Gerold
875,Hayden
876,Ismael
877,Lawson
878,Norton
879,Pearl
880,Ruth
881,Arland
882,Audrey
883,Berry
884,Brent
885,Dwane
886,Garold
887,General
888,Jonas
889,Lucious
890,Merritt
891,Porter
892,Reid
893,Vester
894,Annie
895,Cleve
896,Damon
897,Elmore
898,Hobart
899,Issac
900,Murry
901,Norwood
902,Orin
903,Aloysius
904,Antone
905,Burnell
906,Clem
907,Elvis
908,Gustave
909,Lafayette
910,Lorin
911,Margarito
912,Sal
913,Virginia
914,Webster
915,Clint
916,Darvin
917,Ferrell
918,Gonzalo
919,Johny
920,Malvin
921,Randy
922,Wayland
923,Cornell
924,Dell
925,Denton
926,Derrell
927,Gino
928,Norval
929,Robbie
930,Auther
931,Casimir
932,Evans
933,Gaston
934,Landon
935,Leamon
936,Madison
937,Otho
938,Verl
939,Wyman
940,Abram
941,Allison
942,Allyn
943,Artie
944,Deane
945,Ian
946,Jonnie
947,Jorge
948,Leigh
949,Loyal
950,Nancy
951,Newell
952,Smith
953,Stacy
954,Thad
955,Willam
956,Carmelo
957,Eliseo
958,Hunter
959,Ike
960,June
961,Lavon
962,Louise
963,Quincy
964,Rexford
965,Rosendo
966,Sylvan
967,Verle
968,Verlyn
969,Courtney
970,Delwin
971,Early
972,Gustavo
973,Herb
974,Ivy
975,Jeffrey
976,Jerrell
977,Logan
978,Miller
979,Sol
980,Beryl
981,Brady
982,Constantine
983,Delma
984,Hurley
985,Joy
986,Maria
987,Rogelio
988,Rosario
989,Stafford
990,Verlon
991,Vernell
992,Adan
993,Buddie
994,Cedric
995,Christ
996,Clive
997,Crawford
998,Elizabeth
999,Elza
1000,Hershell
