Rank,Name
1,Mary
2,Shirley
3,Barbara
4,Betty
5,Patricia
6,Dorothy
7,Joan
8,Margaret
9,Nancy
10,Helen
11,Carol
12,Joyce
13,Doris
14,Marilyn
15,Ruth
16,Virginia
17,Elizabeth
18,Jean
19,Frances
20,Beverly
21,Lois
22,Janet
23,Donna
24,Martha
25,Alice
26,Dolores
27,Phyllis
28,Carolyn
29,Norma
30,Ann
31,Evelyn
32,Gloria
33,Marie
34,Anna
35,Mildred
36,Peggy
37,Rose
38,Annie
39,Marlene
40,Geraldine
41,Ruby
42,Catherine
43,Jane
44,Joanne
45,Louise
46,Marjorie
47,Janice
48,Eleanor
49,Wanda
50,Sandra
51,Elaine
52,Irene
53,Joann
54,Judith
55,June
56,Patsy
57,Delores
58,Sally
59,Arlene
60,Sylvia
61,Sarah
62,Bonnie
63,Rita
64,Audrey
65,Charlotte
66,Lillian
67,Edna
68,Lorraine
69,Loretta
70,Wilma
71,Kathleen
72,Juanita
73,Jo
74,Florence
75,Josephine
76,Thelma
77,Roberta
78,Gladys
79,Jacqueline
80,Pauline
81,Clara
82,Ethel
83,Grace
84,Anne
85,Lucille
86,Theresa
87,Edith
88,Marion
89,Emma
90,Bernice
91,Darlene
92,Hazel
93,Carole
94,Esther
95,Ellen
96,Sharon
97,Rosemary
98,Yvonne
99,Willie
100,Margie
101,Laura
102,Julia
103,Katherine
104,Jeanette
105,Marian
106,Billie
107,Beatrice
108,Eileen
109,Diane
110,Eva
111,Kathryn
112,Vivian
113,Elsie
114,Bertha
115,Sue
116,Bobbie
117,Maria
118,Lillie
119,Anita
120,Maxine
121,Ida
122,Ella
123,Georgia
124,Vera
125,Constance
126,Gail
127,Susan
128,Sara
129,Bessie
130,Christine
131,Nellie
132,Alma
133,Jeanne
134,Kay
135,Jessie
136,Mattie
137,Rosa
138,Agnes
139,Minnie
140,Connie
141,Lucy
142,Annette
143,Judy
144,Naomi
145,Gertrude
146,Charlene
147,Velma
148,Joy
149,Marcia
150,Pat
151,Sheila
152,Viola
153,Myrtle
154,Suzanne
155,Leona
156,Geneva
157,Harriet
158,Carrie
159,Violet
160,Mae
161,Faye
162,Maureen
163,Rebecca
164,Rachel
165,Linda
166,Rosie
167,Pearl
168,Dora
169,Glenda
170,Eunice
171,Claire
172,Karen
173,Emily
174,Lula
175,Cora
176,Myrna
177,Alberta
178,Caroline
179,Cynthia
180,Gwendolyn
181,Verna
182,Hattie
183,Lena
184,Nina
185,Lola
186,Jeannette
187,Stella
188,Dixie
189,Erma
190,Patty
191,Rosemarie
192,Nora
193,Johnnie
194,Daisy
195,Genevieve
196,Ernestine
197,Ramona
198,Fannie
199,Hilda
200,Deloris
201,Jennie
202,Beulah
203,Flora
204,Irma
205,Bettie
206,Carmen
207,Marguerite
208,Mabel
209,Iris
210,Maryann
211,Jackie
212,Diana
213,Inez
214,Ada
215,Muriel
216,Miriam
217,Laverne
218,Rosalie
219,Opal
220,Della
221,Paula
222,Priscilla
223,Mamie
224,Susie
225,Melba
226,Lila
227,Janie
228,Marcella
229,Katie
230,Eloise
231,Blanche
232,Mable
233,Claudia
234,Teresa
235,Madeline
236,Eula
237,Gayle
238,Claudette
239,Bettye
240,Maggie
241,Jacquelyn
242,Colleen
243,Mona
244,Lydia
245,Bette
246,Nadine
247,Regina
248,Marianne
249,Antoinette
250,Sadie
251,Freda
252,Angela
253,Imogene
254,Reba
255,Amelia
256,Victoria
257,Myra
258,Sallie
259,Nettie
260,Henrietta
261,Jimmie
262,Lorene
263,Fay
264,Frankie
265,Dorthy
266,Estelle
267,Ina
268,Ollie
269,Lou
270,Rosetta
271,Ora
272,Essie
273,Winifred
274,Cecilia
275,Lavonne
276,Valerie
277,Arline
278,Glenna
279,Jewel
280,Lee
281,Nelda
282,Lenora
283,Iva
284,Etta
285,Veronica
286,Natalie
287,Janis
288,Sherry
289,Fern
290,Lela
291,Cleo
292,Isabel
293,Joanna
294,Leola
295,Celia
296,Gracie
297,Jerry
298,Willa
299,Dianne
300,Earline
301,Cecelia
302,Sondra
303,Ola
304,Bernadine
305,Mavis
306,Rhoda
307,Dorothea
308,Helene
309,Lizzie
310,Clarice
311,Dawn
312,Jeannine
313,Addie
314,Ruthie
315,Bernadette
316,Lottie
317,Adrienne
318,Jewell
319,Nell
320,Effie
321,Olga
322,Betsy
323,Francis
324,Polly
325,Alta
326,Josie
327,Elnora
328,Angelina
329,Elva
330,Estella
331,Adele
332,Olivia
333,Luella
334,Leah
335,Julie
336,Elinor
337,Lenore
338,May
339,Rena
340,Tommie
341,Beverley
342,Marlys
343,Goldie
344,Winnie
345,Beth
346,Earnestine
347,Shirlee
348,Lynn
349,Dolly
350,Lupe
351,Earlene
352,Monica
353,Lorna
354,Alyce
355,Amy
356,Angeline
357,Robbie
358,Virgie
359,Renee
360,Ila
361,Pearlie
362,Gwen
363,Faith
364,Gretchen
365,Molly
366,Neva
367,Marylou
368,Eddie
369,Therese
370,Elvira
371,Olive
372,Corinne
373,Dona
374,Sybil
375,Nola
376,Adeline
377,Mollie
378,Deborah
379,Dollie
380,Johanna
381,Doreen
382,Melva
383,Christina
384,Lora
385,Millie
386,Harriett
387,Eugenia
388,Greta
389,Cecile
390,Merle
391,Nannie
392,Rosella
393,Elma
394,Gay
395,Lucile
396,Marilynn
397,Delia
398,Cornelia
399,Janette
400,Margarita
401,Bonita
402,Corrine
403,Wilda
404,Guadalupe
405,Margery
406,Carmela
407,Florine
408,Isabelle
409,Sophie
410,Yolanda
411,Avis
412,Nona
413,Flossie
414,Rae
415,Annabelle
416,Bobby
417,Bennie
418,Leila
419,Eleanore
420,Francine
421,Freddie
422,James
423,Zelma
424,Carlene
425,Rochelle
426,Robert
427,Reva
428,Sonia
429,Joe
430,Odessa
431,Alicia
432,Edwina
433,Letha
434,Marietta
435,Queen
436,Carmella
437,Corine
438,Ilene
439,Noreen
440,Louella
441,Carla
442,Amanda
443,Antonia
444,Selma
445,Loraine
446,Allie
447,Lily
448,Hannah
449,John
450,Elouise
451,Jannie
452,Callie
453,Evangeline
454,Angie
455,Aurora
456,Terry
457,Matilda
458,Pamela
459,Retha
460,Claudine
461,Frieda
462,Helena
463,Sonya
464,Concetta
465,Jan
466,Marva
467,Jenny
468,Ophelia
469,Georgie
470,Marlyn
471,Consuelo
472,Lorena
473,Sharlene
474,Pansy
475,Bertie
476,Reta
477,Mercedes
478,Aileen
479,Vernell
480,Winona
481,Maude
482,Ima
483,Lynne
484,Katharine
485,Lelia
486,Camille
487,Ardith
488,Clare
489,Lessie
490,Nita
491,Gearldine
492,Patti
493,Lorine
494,Twila
495,Freida
496,Hope
497,William
498,Iona
499,Peggie
500,Roxie
501,Susanne
502,Leslie
503,Zelda
504,Aline
505,Delois
506,Delphine
507,Eliza
508,Ester
509,Pearline
510,Allene
511,Denise
512,Lilly
513,Rosalind
514,Stephanie
515,Doretha
516,Ardis
517,George
518,Lucia
519,Dale
520,Iola
521,Ione
522,Rosalyn
523,Jill
524,Nan
525,Alene
526,Caryl
527,Leta
528,Charles
529,Rosalee
530,Verla
531,Maudie
532,Jeanie
533,Delma
534,Dorris
535,Belva
536,Jeanine
537,Marsha
538,Toni
539,Velda
540,Althea
541,Germaine
542,Lucinda
543,Gerry
544,Ladonna
545,Birdie
546,Dortha
547,Elise
548,Berniece
549,Cleta
550,Leota
551,Roma
552,Hester
553,Treva
554,Andrea
555,Roslyn
556,Brenda
557,Madge
558,Vada
559,Lona
560,Zella
561,Elena
562,Kitty
563,Meredith
564,Roseann
565,Charlie
566,Dana
567,Nila
568,Richard
569,Syble
570,Verda
571,Marjory
572,Pattie
573,Phoebe
574,Donnie
575,Jayne
576,Josefina
577,Sammie
578,Benita
579,Dessie
580,Esperanza
581,Madelyn
582,Dottie
583,Harriette
584,Jaunita
585,Maurine
586,Valeria
587,Gale
588,Lauretta
589,Maryjane
590,Rowena
591,Margret
592,Angelita
593,Annetta
594,Georgianna
595,Ginger
596,Leora
597,Carroll
598,Kaye
599,Celestine
600,Gussie
601,Madonna
602,Saundra
603,Beryl
604,Alva
605,Edythe
606,Georgette
607,Gertie
608,Jeannie
609,Ursula
610,Lue
611,Elsa
612,Emogene
613,Margot
614,Donald
615,Gilda
616,Lavern
617,Wilhelmina
618,Elida
619,Lynda
620,Vernice
621,Ava
622,Berta
623,Charline
624,Elisabeth
625,Maryellen
626,Millicent
627,Oma
628,Emilie
629,Camilla
630,Myrtis
631,Enid
632,Lettie
633,Petra
634,Tillie
635,Georgiana
636,Kate
637,Linnie
638,Alfreda
639,Shirlene
640,Socorro
641,Tina
642,Billy
643,Charleen
644,Lura
645,Magdalene
646,Adelaide
647,Agatha
648,Elisa
649,Floy
650,Laurel
651,Louisa
652,Madeleine
653,Norene
654,Hellen
655,Isabell
656,Lavon
657,Minerva
658,Sophia
659,Veda
660,Manuela
661,Ofelia
662,Rhea
663,Vesta
664,Adell
665,Augusta
666,Becky
667,Celeste
668,Cheryl
669,Darleen
670,Darline
671,Kathy
672,Darla
673,Francisca
674,Maryanne
675,Carolina
676,Garnet
677,Marianna
678,Vida
679,Alvina
680,Aurelia
681,Erna
682,Johnie
683,Libby
684,Bobbye
685,Elda
686,Sherrill
687,Una
688,Dovie
689,Nedra
690,Sydney
691,Toby
692,Vonda
693,Arleen
694,Florene
695,Isabella
696,Jolene
697,Juana
698,Justine
699,Leatrice
700,Sidney
701,Cherry
702,Larue
703,Oleta
704,Sonja
705,Alpha
706,Clementine
707,Janelle
708,Joycelyn
709,Margarett
710,Marina
711,Marvel
712,Maxie
713,Norita
714,Zoe
715,Albertha
716,Cherie
717,Crystal
718,Dorene
719,Fanny
720,Wynona
721,Carrol
722,Ouida
723,Adela
724,Jeraldine
725,Lulu
726,Mazie
727,Sharron
728,Theodora
729,Billye
730,Cathryn
731,Charmaine
732,Colette
733,Dominga
734,Leone
735,Lynette
736,Norine
737,Christene
738,Corene
739,Mickey
740,Roselyn
741,Hallie
742,Ona
743,Yvette
744,Gaye
745,Georgene
746,Katheryn
747,Lavada
748,Magdalena
749,Mina
750,Theda
751,Catharine
752,Dorcas
753,Gaynell
754,Jonnie
755,Lucretia
756,Magnolia
757,Willene
758,Carleen
759,Carolee
760,Marylin
761,Marylyn
762,Rosanne
763,Merlene
764,Philomena
765,Rubye
766,Ana
767,Barbra
768,Kathrine
769,Cordelia
770,Loyce
771,Margo
772,Trudy
773,Venita
774,Willia
775,Carmelita
776,Joseph
777,Mozelle
778,Nanette
779,Artie
780,Carma
781,Elois
782,Lawanda
783,Marilee
784,Rosita
785,Bernita
786,Hortense
787,Idella
788,Kattie
789,Mitzi
790,Penny
791,Ray
792,Alda
793,Blanch
794,Neoma
795,Oralia
796,Raquel
797,Thomas
798,Cassie
799,Dorotha
800,Jacquelin
801,Jeri
802,Margarette
803,Martina
804,Nova
805,Chloe
806,Daphne
807,Ernestina
808,Ivy
809,Lavina
810,Odell
811,Velva
812,Zona
813,Ardella
814,Elna
815,Elvera
816,Ira
817,Janell
818,Juliette
819,Lina
820,Merilyn
821,Tessie
822,Vicki
823,Edward
824,Evangelina
825,Gene
826,Jeane
827,Jeanetta
828,Penelope
829,Tressie
830,Vergie
831,Vonnie
832,Coleen
833,Herminia
834,Laurie
835,Leatha
836,Lonnie
837,Louvenia
838,Melvina
839,Novella
840,Ardell
841,Easter
842,Erlinda
843,Hettie
844,Julianne
845,Marita
846,Romaine
847,Rutha
848,Shelby
849,Cecil
850,Dee
851,Earlean
852,Eleanora
853,Jerrie
854,Sandy
855,Aletha
856,Bridget
857,Joye
858,Marge
859,Merry
860,Robin
861,Emilia
862,Laverna
863,Loris
864,Orpha
865,Palma
866,Carmel
867,Delilah
868,Georgina
869,Golda
870,Heather
871,Hortencia
872,Melissa
873,Mozell
874,Bethel
875,Beverlee
876,Felicia
877,Henry
878,Lea
879,Luann
880,Luanne
881,Lyla
882,Mittie
883,Zora
884,Annamae
885,Cathleen
886,Elissa
887,Lidia
888,Mariann
889,Marilou
890,Myrtice
891,Rheta
892,Abbie
893,Cathy
894,David
895,Shirlie
896,Claudie
897,Dena
898,Eldora
899,Mardell
900,Nella
901,Paul
902,Shirleyann
903,Twyla
904,Cathrine
905,Eloisa
906,Freeda
907,Leonora
908,Ocie
909,Patrica
910,Pearlene
911,Verdell
912,Annabell
913,Armida
914,Doloris
915,Inell
916,Jettie
917,Katy
918,Leonor
919,Letitia
920,Lolita
921,Lovie
922,Merna
923,Rubie
924,Walter
925,Adelina
926,Arla
927,Bernardine
928,Dimple
929,Ethelyn
930,Evie
931,Idell
932,Louann
933,Prudence
934,Rosia
935,Rosina
936,Vina
937,Almeda
938,Carolynn
939,Catalina
940,Dorine
941,Era
942,Frank
943,Marla
944,Paulette
945,Vita
946,Audra
947,Concepcion
948,Delphia
949,Elmira
950,Evonne
951,Ingrid
952,Jacklyn
953,Zola
954,Aida
955,Eve
956,Georgine
957,Juliet
958,Neta
959,Rozella
960,Debra
961,Nada
962,Pinkie
963,Rosanna
964,Susanna
965,Beatriz
966,Delora
967,Ivory
968,Jocelyn
969,Joetta
970,Marta
971,Mayme
972,Ronald
973,Zula
974,Arvilla
975,Darlyne
976,Elease
977,Estela
978,Jovita
979,Juliana
980,Margene
981,Rachael
982,Vernetta
983,Vilma
984,Elayne
985,Elizebeth
986,Emmie
987,Jamie
988,Karol
989,Ozella
990,Rhonda
991,Sofia
992,Verlene
993,Vernie
994,Waneta
995,Adella
996,Bulah
997,Eartha
998,Elenora
999,Gerald
1000,Lavona
