Rank,Name
1,Michael
2,John
3,David
4,James
5,Robert
6,Mark
7,William
8,Richard
9,Thomas
10,Jeffrey
11,Kevin
12,Scott
13,Joseph
14,Steven
15,Timothy
16,Charles
17,Paul
18,Kenneth
19,Daniel
20,Brian
21,Gregory
22,Anthony
23,Ronald
24,Gary
25,Donald
26,Christopher
27,Edward
28,Douglas
29,Stephen
30,Todd
31,Eric
32,Terry
33,Keith
34,George
35,Patrick
36,Larry
37,Randy
38,Jerry
39,Dennis
40,Peter
41,Frank
42,Andrew
43,Bruce
44,Mike
45,Raymond
46,Jeffery
47,Ricky
48,Jeff
49,Steve
50,Matthew
51,Craig
52,Tony
53,Roger
54,Carl
55,Danny
56,Alan
57,Russell
58,Joe
59,Chris
60,Gerald
61,Vincent
62,Martin
63,Wayne
64,Randall
65,Troy
66,Glenn
67,Barry
68,Lawrence
69,Dale
70,Phillip
71,Johnny
72,Curtis
73,Bryan
74,Billy
75,Bobby
76,Rodney
77,Walter
78,Jimmy
79,Darryl
80,Tim
81,Greg
82,Bradley
83,Philip
84,Jon
85,Jay
86,Dean
87,Samuel
88,Jonathan
89,Roy
90,Allen
91,Arthur
92,Jim
93,Willie
94,Henry
95,Harold
96,Darrell
97,Victor
98,Jose
99,Ralph
100,Albert
101,Ronnie
102,Jack
103,Tom
104,Louis
105,Stanley
106,Micheal
107,Tommy
108,Shawn
109,Eddie
110,Joel
111,Eugene
112,Rick
113,Bill
114,Howard
115,Dwayne
116,Kurt
117,Frederick
118,Leonard
119,Lee
120,Marvin
121,Tracy
122,Ernest
123,Marc
124,Dan
125,Brent
126,Kelly
127,Mitchell
128,Jerome
129,Brett
130,Duane
131,Ray
132,Reginald
133,Melvin
134,Fred
135,Don
136,Karl
137,Harry
138,Kirk
139,Norman
140,Calvin
141,Kent
142,Theodore
143,Glen
144,Adam
145,Benjamin
146,Brad
147,Juan
148,Edwin
149,Jesse
150,Clifford
151,Sean
152,Warren
153,Francis
154,Earl
155,Nicholas
156,Carlos
157,Wesley
158,Gordon
159,Aaron
160,Darren
161,Dave
162,Alfred
163,Clarence
164,Derrick
165,Bernard
166,Lance
167,Bob
168,Gregg
169,Guy
170,Kerry
171,Perry
172,Antonio
173,Andre
174,Doug
175,Rickey
176,Leroy
177,Derek
178,Ken
179,Gilbert
180,Kyle
181,Dana
182,Manuel
183,Daryl
184,Tyrone
185,Ron
186,Marty
187,Stuart
188,Ted
189,Vernon
190,Lonnie
191,Gene
192,Leslie
193,Lloyd
194,Nathan
195,Franklin
196,Herbert
197,Jason
198,Alvin
199,Maurice
200,Andy
201,Leon
202,Luis
203,Kenny
204,Dwight
205,Neil
206,Wade
207,Joey
208,Timmy
209,Robin
210,Kelvin
211,Ricardo
212,Marcus
213,Mario
214,Alexander
215,Alex
216,Floyd
217,Lewis
218,Ruben
219,Byron
220,Allan
221,Charlie
222,Donnie
223,Arnold
224,Ross
225,Jimmie
226,Lester
227,Neal
228,Gerard
229,Wendell
230,Roland
231,Jackie
232,Roberto
233,Nathaniel
234,Clayton
235,Oscar
236,Sam
237,Leo
238,Johnnie
239,Terrence
240,Clyde
241,Jesus
242,Milton
243,Roderick
244,Clinton
245,Rex
246,Nelson
247,Chuck
248,Hector
249,Ben
250,Freddie
251,Randolph
252,Randal
253,Jessie
254,Matt
255,Jamie
256,Garry
257,Harvey
258,Travis
259,Robbie
260,Miguel
261,Nick
262,Shane
263,Raul
264,Kim
265,Herman
266,Cecil
267,Geoffrey
268,Fredrick
269,Terrance
270,Terence
271,Ramon
272,Hugh
273,Clifton
274,Bret
275,Angelo
276,Grant
277,Marshall
278,Francisco
279,Cary
280,Carlton
281,Damon
282,Claude
283,Pat
284,Jody
285,Frankie
286,Chester
287,Clark
288,Lynn
289,Rene
290,Darin
291,Sammy
292,Rudy
293,Everett
294,Cedric
295,Loren
296,Jorge
297,Orlando
298,Erik
299,Christian
300,Sidney
301,Bart
302,Wallace
303,Clay
304,Ivan
305,Adrian
306,Edgar
307,Chad
308,Dewayne
309,Angel
310,Ryan
311,Jaime
312,Myron
313,Pedro
314,Benny
315,Armando
316,Curt
317,Lorenzo
318,Shannon
319,Felix
320,Bradford
321,Pete
322,Fernando
323,Vince
324,Monte
325,Morris
326,Darrel
327,Javier
328,Gabriel
329,Lyle
330,Blake
331,Salvatore
332,Virgil
333,Tod
334,Rob
335,Max
336,Teddy
337,Rafael
338,Stewart
339,Rocky
340,Bennie
341,Otis
342,Scot
343,Ed
344,Kris
345,Laurence
346,Bryant
347,Dominic
348,Justin
349,Rusty
350,Mickey
351,Willard
352,Jacob
353,Trent
354,Malcolm
355,Shaun
356,Preston
357,Phil
358,Edmund
359,Isaac
360,Julian
361,Stacy
362,Julius
363,Arturo
364,Earnest
365,Kendall
366,Alfredo
367,Alberto
368,Alonzo
369,Monty
370,Alton
371,Marion
372,Vance
373,Evan
374,Sylvester
375,Jeffry
376,Sherman
377,Van
378,Eduardo
379,Luther
380,Roosevelt
381,Delbert
382,Stephan
383,Stacey
384,Corey
385,Dexter
386,Luke
387,Jerald
388,Stevie
389,Drew
390,Ira
391,Enrique
392,Rickie
393,Rodger
394,Mathew
395,Rudolph
396,Archie
397,Elmer
398,Spencer
399,Clint
400,Julio
401,Rod
402,Forrest
403,Sheldon
404,Alfonso
405,Cory
406,Colin
407,Blaine
408,Toby
409,Robby
410,Rory
411,Noel
412,Lionel
413,Ernie
414,Tommie
415,Scotty
416,Ty
417,Cameron
418,Joshua
419,Casey
420,Ernesto
421,Doyle
422,Ian
423,Dallas
424,Darnell
425,Oliver
426,Lowell
427,Leland
428,Marlon
429,Darwin
430,Wilbert
431,Hubert
432,Willis
433,Boyd
434,Dirk
435,Dominick
436,Marco
437,Carey
438,Miles
439,Blair
440,Zachary
441,Bryon
442,Bert
443,Freddy
444,Horace
445,Garrett
446,Salvador
447,Dane
448,Tracey
449,Dion
450,Darrin
451,Ervin
452,Mack
453,Buddy
454,Denis
455,Mitch
456,Rufus
457,Sergio
458,Lamont
459,Al
460,Russ
461,Dewey
462,Gerry
463,Seth
464,Jess
465,Sterling
466,Gerardo
467,Grady
468,Reynaldo
469,Wilson
470,Rodolfo
471,Stan
472,Tyler
473,Ward
474,Gilberto
475,Cornelius
476,Kurtis
477,Owen
478,Hal
479,Royce
480,Conrad
481,Denny
482,Abraham
483,Abel
484,Elbert
485,Joesph
486,Donny
487,Randell
488,Louie
489,Wilbur
490,Ellis
491,Vaughn
492,Carroll
493,Duncan
494,Alejandro
495,Cliff
496,Dino
497,Kip
498,Alphonso
499,Brandon
500,Stoney
501,Ronny
502,Edmond
503,Elliott
504,Homer
505,Kirby
506,Terrell
507,Daren
508,Rolando
509,Pablo
510,Aubrey
511,Irvin
512,Reuben
513,Brendan
514,Sammie
515,Will
516,Garland
517,Jonathon
518,Pierre
519,Ramiro
520,Hans
521,Percy
522,Emanuel
523,Wilfred
524,Eddy
525,Michel
526,Rich
527,Jan
528,Sandy
529,Andres
530,Bennett
531,Lamar
532,Quentin
533,Austin
534,Israel
535,Guadalupe
536,Morgan
537,Barton
538,Reggie
539,Moses
540,Donnell
541,Felipe
542,Thaddeus
543,Gustavo
544,Ismael
545,Johnathan
546,Marlin
547,Quintin
548,Simon
549,Lane
550,Amos
551,Garth
552,Winston
553,Murray
554,Erich
555,Harlan
556,Cleveland
557,Bryce
558,Galen
559,Jeremy
560,Tomas
561,Emmett
562,Mitchel
563,Burton
564,Devin
565,Erick
566,Russel
567,Guillermo
568,Lincoln
569,Nicky
570,Danial
571,Lonny
572,Woodrow
573,Billie
574,Demetrius
575,Wilfredo
576,Norris
577,Richie
578,Rocco
579,Elias
580,Kennith
581,Marcos
582,Merle
583,Ned
584,Stefan
585,Xavier
586,Roman
587,Kraig
588,Avery
589,Dwain
590,Hank
591,Jefferson
592,Elton
593,Lon
594,Lyndon
595,Cody
596,Brady
597,Kenton
598,Lenny
599,Cesar
600,Chip
601,Quinton
602,Damian
603,Tad
604,Carmen
605,Greggory
606,Scottie
607,Barney
608,Domingo
609,Reed
610,Cornell
611,Kermit
612,Chet
613,Rogelio
614,Elvin
615,Gavin
616,Bernie
617,Emilio
618,Kennedy
619,Lorne
620,Anton
621,Carter
622,Harrison
623,Irving
624,Junior
625,Loyd
626,Toney
627,Bobbie
628,Erwin
629,Wes
630,Gino
631,Jake
632,Jordan
633,Levi
634,Nolan
635,Vito
636,Gus
637,Reid
638,Jean
639,Shelton
640,Art
641,Charley
642,Elijah
643,Keven
644,Linwood
645,Pernell
646,Santos
647,Courtney
648,Efrain
649,Santiago
650,Dannie
651,Antoine
652,Eldon
653,Norbert
654,Saul
655,Zane
656,Jasper
657,Trevor
658,Emory
659,Sanford
660,Wally
661,Benito
662,Eli
663,Jacques
664,Kirt
665,Elliot
666,Jeremiah
667,Elvis
668,Grover
669,Leonardo
670,Mary
671,Ethan
672,Shelby
673,Timmie
674,Carmine
675,Dudley
676,Harley
677,Orville
678,August
679,Fabian
680,Derick
681,Emmanuel
682,Errol
683,Dick
684,Sonny
685,Ashley
686,Darius
687,Hiram
688,Jerold
689,Frederic
690,Ulysses
691,Otto
692,Emil
693,Ignacio
694,Theron
695,Wiley
696,Lindsey
697,Noah
698,Weldon
699,Davis
700,Marcel
701,Roscoe
702,Thad
703,Del
704,Brooks
705,Edwardo
706,Emery
707,Les
708,Ritchie
709,Rodrick
710,Solomon
711,Thurman
712,Adolfo
713,Carlo
714,Keenan
715,Lisa
716,Myles
717,Nicolas
718,Noe
719,Brock
720,Heriberto
721,Vern
722,Everette
723,Humberto
724,Lanny
725,Desmond
726,Jefferey
727,Jerrold
728,Kelley
729,Omar
730,Graham
731,Josh
732,Kristopher
733,Ivory
734,Mikel
735,Vicente
736,Coy
737,Curtiss
738,Britt
739,Jackson
740,Mervin
741,Brant
742,Gil
743,Merlin
744,Sebastian
745,Stephon
746,Antony
747,Berry
748,Derwin
749,Hugo
750,Joaquin
751,Darrick
752,Winfred
753,Lenard
754,Bruno
755,Delmar
756,Devon
757,Garret
758,Burt
759,Layne
760,Lemuel
761,Donovan
762,Dwane
763,Basil
764,Brien
765,Duke
766,Quinn
767,Andrea
768,Harris
769,Raphael
770,Riley
771,Raynard
772,Rhett
773,Denver
774,Donn
775,Lupe
776,Sal
777,Silas
778,Val
779,Armand
780,Bradly
781,Butch
782,Jed
783,Mason
784,Merrill
785,Micah
786,Von
787,Blane
788,Jarvis
789,Timmothy
790,Elwood
791,Dee
792,Lindsay
793,Millard
794,Stanford
795,Dante
796,Fredric
797,Gale
798,Johnie
799,Taylor
800,Jacky
801,Darron
802,Emerson
803,Jared
804,Kimberly
805,Len
806,Odell
807,Carmelo
808,Lesley
809,Moises
810,Monroe
811,Reinaldo
812,Robb
813,Stanton
814,Carson
815,Leif
816,Maury
817,Tal
818,Augustine
819,Clement
820,Eloy
821,Douglass
822,Esteban
823,Jaimie
824,Linda
825,Shayne
826,Alden
827,Cris
828,Forest
829,Chauncey
830,Collin
831,Dalton
832,Karen
833,Ollie
834,Randel
835,Rolf
836,Adolph
837,Benedict
838,Dwaine
839,Gregorio
840,Hollis
841,Kieth
842,Agustin
843,Barrett
844,Brook
845,Jude
846,Kory
847,Susan
848,Whitney
849,Adan
850,Barron
851,Domenic
852,Felton
853,Lars
854,Nickolas
855,Bernardo
856,Cyrus
857,Derrell
858,Elroy
859,Freeman
860,Fritz
861,Glynn
862,Major
863,Alec
864,Baron
865,Brice
866,Leigh
867,Pasquale
868,Andra
869,Aron
870,Darell
871,Fidel
872,Fletcher
873,Hilton
874,Lucas
875,Deon
876,Maynard
877,Raymundo
878,Titus
879,Trenton
880,Woody
881,Cruz
882,Daron
883,Darvin
884,Faron
885,Haywood
886,Patricia
887,Farrell
888,Quincy
889,Rubin
890,Unknown
891,Andreas
892,Audie
893,Bud
894,Darcy
895,Houston
896,Huey
897,Kennth
898,Warner
899,Benton
900,Clair
901,Jere
902,Judson
903,Kerwin
904,Napoleon
905,Royal
906,Darryle
907,Donell
908,Donna
909,Hunter
910,Markus
911,Cal
912,Dorian
913,Ezra
914,Hershel
915,Issac
916,Jame
917,Jonas
918,Wyatt
919,Eliot
920,Enrico
921,Federico
922,Gearld
923,Giovanni
924,Irwin
925,Landon
926,Laura
927,Laverne
928,Rodrigo
929,Tyron
930,Aldo
931,Alexis
932,Augustus
933,Dusty
934,Isiah
935,Lorin
936,Alvaro
937,Barbara
938,Cyril
939,Emmitt
940,Herschel
941,Jamey
942,Marcelino
943,Maxwell
944,Mel
945,Prince
946,Wilford
947,Cole
948,Connie
949,Dell
950,Gaylon
951,Gonzalo
952,Isaiah
953,Pamela
954,Parrish
955,Wilmer
956,Booker
957,Boris
958,Cletus
959,Mariano
960,Vinson
961,Alfonzo
962,Darold
963,Davey
964,Duwayne
965,Kenney
966,Lauren
967,Lennie
968,Paris
969,Rayford
970,Arlen
971,Cordell
972,Darry
973,Hosea
974,Kevan
975,Lacy
976,Luciano
977,Montgomery
978,Raymon
979,Regan
980,Sandra
981,Vic
982,Alphonse
983,Aurelio
984,Bertram
985,Carnell
986,Dennie
987,Diego
988,Franz
989,Romeo
990,Wilton
991,Anderson
992,Christophe
993,Erin
994,Isidro
995,Leander
996,Lyman
997,Mac
998,Mauricio
999,Mckinley
1000,Osvaldo
