Rank,Name
1,James
2,Robert
3,John
4,William
5,Richard
6,David
7,Charles
8,Thomas
9,Michael
10,Ronald
11,Donald
12,Larry
13,Joseph
14,George
15,Gary
16,Kenneth
17,Paul
18,Edward
19,Jerry
20,Dennis
21,Frank
22,Raymond
23,Roger
24,Gerald
25,Daniel
26,Walter
27,Harold
28,Stephen
29,Jack
30,Arthur
31,Willie
32,Lawrence
33,Joe
34,Douglas
35,Henry
36,Carl
37,Wayne
38,Billy
39,Roy
40,Peter
41,Jimmy
42,Ralph
43,Terry
44,Albert
45,Johnny
46,Anthony
47,Fred
48,Eugene
49,Harry
50,Bobby
51,Bruce
52,Steven
53,Howard
54,Louis
55,Alan
56,Leonard
57,Stanley
58,Norman
59,Ernest
60,Philip
61,Dale
62,Samuel
63,Russell
64,Patrick
65,Earl
66,Bill
67,Melvin
68,Jim
69,Ronnie
70,Tommy
71,Francis
72,Don
73,Frederick
74,Clarence
75,Marvin
76,Danny
77,Allen
78,Leroy
79,Eddie
80,Mike
81,Andrew
82,Alfred
83,Phillip
84,Barry
85,Lee
86,Ray
87,Tom
88,Glenn
89,Steve
90,Herbert
91,Martin
92,Timothy
93,Mark
94,Bernard
95,Gene
96,Theodore
97,Curtis
98,Jimmie
99,Clifford
100,Warren
101,Jeffrey
102,Jesse
103,Lloyd
104,Keith
105,Gordon
106,Edwin
107,Victor
108,Leon
109,Bob
110,Floyd
111,Clyde
112,Lewis
113,Vincent
114,Leslie
115,Alvin
116,Brian
117,Jerome
118,Harvey
119,Vernon
120,Charlie
121,Franklin
122,Jon
123,Rodney
124,Calvin
125,Joel
126,Gilbert
127,Lester
128,Jackie
129,Herman
130,Benjamin
131,Johnnie
132,Leo
133,Darrell
134,Dean
135,Duane
136,Jay
137,Chester
138,Freddie
139,Jose
140,Dwight
141,Allan
142,Cecil
143,Tony
144,Dan
145,Arnold
146,Milton
147,Glen
148,Lonnie
149,Manuel
150,Nicholas
151,Craig
152,Gregory
153,Lynn
154,Claude
155,Roland
156,Randall
157,Sam
158,Eric
159,Wesley
160,Ted
161,Neil
162,Wallace
163,Dave
164,Elmer
165,Hugh
166,Willard
167,Jessie
168,Maurice
169,Marshall
170,Christopher
171,Donnie
172,Edgar
173,Sammy
174,Everett
175,Marion
176,Garry
177,Virgil
178,Oscar
179,Juan
180,Sidney
181,Benny
182,Earnest
183,Alexander
184,Nathaniel
185,Luther
186,Karl
187,Morris
188,Bennie
189,Lyle
190,Dick
191,Randy
192,Stuart
193,Guy
194,Max
195,Clifton
196,Matthew
197,Otis
198,Hubert
199,Ben
200,Delbert
201,Homer
202,Kent
203,Fredrick
204,Micheal
205,Gerard
206,Lowell
207,Nelson
208,Carroll
209,Wendell
210,Clinton
211,Carlos
212,Clayton
213,Dewey
214,Horace
215,Pete
216,Alton
217,Jonathan
218,Troy
219,Willis
220,Alex
221,Archie
222,Mack
223,Terrence
224,Loren
225,Ira
226,Scott
227,Randolph
228,Perry
229,Tim
230,Leland
231,Kevin
232,Wilbur
233,Laurence
234,Rex
235,Rudolph
236,Neal
237,Reginald
238,Roosevelt
239,Oliver
240,Ross
241,Tommie
242,Jesus
243,Edmund
244,Rudy
245,Malcolm
246,Jerald
247,Jan
248,Myron
249,Julius
250,Salvatore
251,Sylvester
252,Doyle
253,Chris
254,Byron
255,Ron
256,Wilbert
257,Woodrow
258,Frankie
259,Mitchell
260,Sherman
261,Rodger
262,Nathan
263,Ruben
264,Aaron
265,Teddy
266,Nick
267,Antonio
268,Pat
269,Isaac
270,Carlton
271,Rufus
272,Terrance
273,Jeff
274,Darrel
275,Kenny
276,Forrest
277,Ramon
278,Julian
279,Grady
280,Wilson
281,Ivan
282,Ellis
283,Clark
284,Jacob
285,Sammie
286,Rick
287,Ken
288,Felix
289,Darryl
290,Ervin
291,Dallas
292,Elbert
293,Roberto
294,Wade
295,Preston
296,Phil
297,Billie
298,Lance
299,Buddy
300,Pedro
301,Raul
302,Ricky
303,Junior
304,Owen
305,Merle
306,Grant
307,Mickey
308,Eldon
309,Bert
310,Irvin
311,Sheldon
312,Garland
313,Daryl
314,Winston
315,Francisco
316,Conrad
317,Noel
318,Emmett
319,Orville
320,Wilfred
321,Luis
322,Percy
323,Stewart
324,Royce
325,Boyd
326,Grover
327,Bryan
328,Mario
329,Louie
330,Jeffery
331,Angelo
332,Travis
333,Guadalupe
334,Andy
335,Aubrey
336,Brent
337,Denis
338,Tyrone
339,Freddy
340,Harley
341,Ed
342,Bradley
343,Darwin
344,Lionel
345,Kerry
346,Cleveland
347,Denny
348,Kurt
349,Burton
350,Van
351,Marc
352,Loyd
353,Gerry
354,Amos
355,Gale
356,Spencer
357,Harlan
358,Geoffrey
359,Ernie
360,Lorenzo
361,Ronny
362,Marcus
363,Kelly
364,Alfonso
365,Bobbie
366,Edmond
367,Moses
368,Robin
369,Irving
370,Dwayne
371,Ned
372,Dana
373,Dominick
374,Elton
375,Thurman
376,Elwood
377,Mary
378,Ricardo
379,Kermit
380,Roscoe
381,Armando
382,Cary
383,Lanny
384,Alfredo
385,Norbert
386,Arturo
387,Adrian
388,Hector
389,Salvador
390,Austin
391,Wiley
392,August
393,Cornelius
394,Colin
395,Dominic
396,Alonzo
397,Will
398,Roderick
399,Elijah
400,Sanford
401,Lamar
402,Emil
403,Johnie
404,Adam
405,Barney
406,Kirk
407,Marlin
408,Murray
409,Miguel
410,Elliott
411,Linwood
412,Galen
413,Hal
414,Millard
415,Terence
416,Sterling
417,Al
418,Coy
419,Frederic
420,Merlin
421,Norris
422,Chuck
423,Rickey
424,Nolan
425,Rene
426,Reuben
427,Weldon
428,Dannie
429,Doug
430,Elvin
431,Carmen
432,Charley
433,Odell
434,Mac
435,Truman
436,Dewayne
437,Ollie
438,Gail
439,Abraham
440,Gabriel
441,Laverne
442,Bradford
443,Maynard
444,Vance
445,Greg
446,Simon
447,Monroe
448,Jasper
449,Levi
450,Fernando
451,Jerold
452,Jess
453,Emory
454,Harrison
455,Vaughn
456,Carol
457,Jackson
458,Rafael
459,Todd
460,Domingo
461,Emanuel
462,Merrill
463,Otto
464,Jake
465,Jean
466,Riley
467,Buford
468,Delmar
469,Irwin
470,Stan
471,Ward
472,Russel
473,Vern
474,Hollis
475,Rodolfo
476,Shelby
477,Ernesto
478,Mervin
479,Clair
480,Dudley
481,Erwin
482,Everette
483,Harris
484,Monte
485,Noah
486,Rolland
487,Armand
488,Clement
489,Miles
490,Ulysses
491,Enrique
492,Booker
493,Gregg
494,Toby
495,Eddy
496,Gus
497,Hershel
498,Kennith
499,Errol
500,Monty
501,Wilmer
502,Tomas
503,Pablo
504,Connie
505,Reynaldo
506,Wilburn
507,Wilford
508,Dexter
509,Fredric
510,Herschel
511,Jerrold
512,Dickie
513,Forest
514,Bernie
515,Carey
516,Earle
517,Lupe
518,Tracy
519,Andre
520,Joey
521,Stephan
522,Evan
523,Sonny
524,Christian
525,Gayle
526,Kim
527,Royal
528,Mcarthur
529,Felipe
530,Terrell
531,Alberto
532,Donny
533,Freeman
534,Lavern
535,Ramiro
536,Major
537,Morgan
538,Rocco
539,Santos
540,Shirley
541,Elliot
542,Normand
543,Solomon
544,Denver
545,Eli
546,Rogers
547,Thaddeus
548,Carter
549,Barbara
550,Winfred
551,Emilio
552,Gaylord
553,Joesph
554,Alphonso
555,Anton
556,Jefferson
557,Quentin
558,Sandy
559,Abel
560,Elias
561,Isiah
562,Silas
563,Basil
564,Blaine
565,Cleo
566,Ignacio
567,Lenard
568,Luke
569,Barton
570,Elmo
571,Jason
572,Wilton
573,Patricia
574,Angel
575,Dalton
576,Linda
577,Delmer
578,Hiram
579,Alva
580,Carmine
581,Emery
582,Houston
583,Milford
584,Rayford
585,Clay
586,Garrett
587,Kirby
588,Lyman
589,Carrol
590,Reed
591,Santiago
592,Ivory
593,Bryant
594,Foster
595,Elroy
596,Justin
597,Shelton
598,Alden
599,Fletcher
600,Joshua
601,Woody
602,Andres
603,Odis
604,Arlie
605,Claud
606,Emerson
607,Kendall
608,Lamont
609,Randal
610,Theron
611,Duncan
612,Gilberto
613,Sherwood
614,Jere
615,Jeremiah
616,Lemuel
617,Raleigh
618,Bennett
619,Graham
620,Art
621,Hoyt
622,Rogelio
623,Bud
624,Mckinley
625,Sharon
626,Jorge
627,Kyle
628,Adolph
629,Augustus
630,Columbus
631,Olen
632,Stanford
633,Alejandro
634,Cyril
635,Davis
636,Julio
637,Morton
638,Vito
639,Augustine
640,Isaiah
641,Nicky
642,Otha
643,Anderson
644,Benito
645,Dee
646,Donn
647,Felton
648,Hobert
649,Marty
650,Reggie
651,Arden
652,Eduardo
653,Gearld
654,Lon
655,Mason
656,Huey
657,Roman
658,Alphonse
659,Jacky
660,Lacy
661,Melvyn
662,Judson
663,Mose
664,Dewitt
665,Lawerence
666,Val
667,Cliff
668,Emmitt
669,Jeffry
670,Olin
671,Pierre
672,Walton
673,Boyce
674,Burl
675,Coleman
676,Fidel
677,Wally
678,Maxie
679,Arlen
680,Cyrus
681,Dwain
682,Garth
683,Lane
684,Lonny
685,Orlando
686,Randell
687,Emile
688,Hayward
689,Haywood
690,Israel
691,King
692,Newton
693,Orval
694,Pasquale
695,Humberto
696,Warner
697,Walker
698,Ismael
699,Regis
700,Saul
701,Sydney
702,Verne
703,Enoch
704,Lynwood
705,Melton
706,Noble
707,Alvis
708,Guillermo
709,Jordan
710,Jules
711,Sandra
712,Damon
713,Lincoln
714,Lucien
715,Mathew
716,Milo
717,Waymon
718,Buster
719,Glynn
720,Arther
721,Benedict
722,Betty
723,Carlo
724,Cletus
725,Granville
726,Myles
727,Raymon
728,Rod
729,Bart
730,Curtiss
731,Dorsey
732,Drew
733,Hardy
734,Hilton
735,Blair
736,Carleton
737,Curt
738,Douglass
739,Ellsworth
740,Lyndon
741,Benton
742,Burt
743,Lesley
744,Michel
745,Carolyn
746,Carson
747,Darold
748,Dennie
749,Durwood
750,Kay
751,Maxwell
752,Murphy
753,Vicente
754,Winford
755,Alford
756,Beverly
757,Courtney
758,Curley
759,Ian
760,Reynold
761,Brad
762,Bruno
763,Dillard
764,Eldridge
765,Farrell
766,Kenton
767,Oren
768,Reid
769,Ambrose
770,Cordell
771,Garfield
772,Garold
773,Palmer
774,Avery
775,Bertram
776,Erik
777,Judith
778,Lauren
779,Timmy
780,Verlin
781,Adolfo
782,Cornell
783,Ezra
784,Jamie
785,Joyce
786,Meredith
787,Napoleon
788,Nickolas
789,Rollin
790,Donovan
791,Frances
792,Leigh
793,Lucian
794,Nancy
795,Seth
796,Winfield
797,Duwayne
798,Edd
799,Gregorio
800,Jonas
801,Berry
802,Bonnie
803,Cruz
804,Elden
805,Gaylon
806,Matt
807,Nicolas
808,Stanton
809,Wardell
810,Early
811,Gerold
812,Lucius
813,Taylor
814,Arlan
815,Butch
816,Delmas
817,Delton
818,Ferdinand
819,Issac
820,Jewell
821,Leeroy
822,Mel
823,Rickie
824,Abe
825,Glendon
826,Lindsey
827,Oneal
828,Ottis
829,Rubin
830,Willam
831,Willian
832,Allyn
833,Brooks
834,Bryce
835,Claudie
836,Judy
837,Leonardo
838,Merlyn
839,Merritt
840,Talmadge
841,Antone
842,Artis
843,Clint
844,Elmore
845,Elvis
846,Hermon
847,Jerrell
848,Kit
849,Mitchel
850,Scotty
851,Tex
852,Ashley
853,Brady
854,Dwaine
855,Elwin
856,Johnson
857,Noe
858,Stacy
859,Susan
860,Webster
861,Clarance
862,Eloy
863,Giles
864,Les
865,Prince
866,Rocky
867,Sherrill
868,Theadore
869,Williams
870,Clem
871,Conley
872,Joan
873,Lawson
874,Loran
875,Omer
876,Wyatt
877,Adan
878,Bertrand
879,Darnell
880,Evans
881,Garnett
882,Harmon
883,Jeremy
884,Joaquin
885,Lonzo
886,Mahlon
887,Margarito
888,Asa
889,Donna
890,Herb
891,Jaime
892,Javier
893,Lindell
894,Orin
895,Robbie
896,Valentine
897,Wilber
898,Derrell
899,Donnell
900,Hans
901,Loyal
902,Lucious
903,Oran
904,Seymour
905,Alvie
906,Cameron
907,Cleve
908,Crawford
909,Dayton
910,Hilario
911,Karen
912,Len
913,Lorenza
914,Lorin
915,Newell
916,Russ
917,Wylie
918,Cedric
919,Domenic
920,Elzie
921,Esteban
922,Ezell
923,Ford
924,Howell
925,Jennings
926,Logan
927,Loy
928,Marcel
929,Marco
930,Patsy
931,Raphael
932,Rupert
933,Shannon
934,Thad
935,Beryl
936,Casey
937,Danial
938,Dorothy
939,Hayden
940,Leighton
941,Lenny
942,Llewellyn
943,Obie
944,Rosevelt
945,Sean
946,Sebastian
947,Toney
948,Zane
949,Adolphus
950,Agustin
951,Aurelio
952,Dell
953,Derek
954,Earlie
955,Furman
956,Harland
957,Hugo
958,Jewel
959,Jonnie
960,Junius
961,Rayburn
962,Windell
963,Wyman
964,Arlin
965,Donal
966,Elisha
967,Ezekiel
968,General
969,Isidro
970,Omar
971,Quinton
972,Rollie
973,Carlyle
974,Federico
975,Franklyn
976,Fritz
977,Haskell
978,Henderson
979,Lucio
980,Madison
981,Niles
982,Orrin
983,Raymundo
984,Refugio
985,Rowland
986,Sal
987,Terrill
988,Theo
989,Tillman
990,Walt
991,Arlo
992,Arne
993,Deane
994,Denton
995,Denzil
996,Dock
997,Linden
998,Ora
999,Parker
1000,Randle
