Rank,Name
1,John
2,William
3,James
4,George
5,Robert
6,Charles
7,Joseph
8,Frank
9,Edward
10,Henry
11,Thomas
12,Walter
13,Willie
14,Harry
15,Albert
16,Arthur
17,Harold
18,Clarence
19,Fred
20,Paul
21,Raymond
22,Richard
23,Joe
24,Roy
25,Louis
26,Jack
27,Carl
28,Earl
29,Ralph
30,Ernest
31,David
32,Samuel
33,Howard
34,Lawrence
35,Charlie
36,Alfred
37,Francis
38,Theodore
39,Herbert
40,Andrew
41,Eugene
42,Leo
43,Sam
44,Donald
45,Elmer
46,Anthony
47,Kenneth
48,Michael
49,Herman
50,Leroy
51,Leonard
52,Daniel
53,Floyd
54,Lee
55,Stanley
56,Clyde
57,Russell
58,Lester
59,Oscar
60,Ray
61,Peter
62,Edwin
63,Jesse
64,Benjamin
65,Clifford
66,Lewis
67,Chester
68,Frederick
69,Cecil
70,Eddie
71,Jessie
72,Lloyd
73,Bernard
74,Claude
75,Norman
76,Philip
77,Harvey
78,Melvin
79,Martin
80,Leon
81,Edgar
82,Ben
83,Tom
84,Homer
85,Allen
86,Johnnie
87,Marvin
88,Everett
89,Milton
90,Jim
91,Luther
92,Alexander
93,Virgil
94,Leslie
95,Stephen
96,Morris
97,Will
98,Archie
99,Alvin
100,Victor
101,Jacob
102,Gerald
103,Vincent
104,Glenn
105,Julius
106,Marion
107,Earnest
108,Horace
109,Vernon
110,Roosevelt
111,Patrick
112,Gilbert
113,Hugh
114,Wilbur
115,Curtis
116,Maurice
117,Oliver
118,Willard
119,Sidney
120,Gordon
121,Otis
122,Max
123,Ira
124,Irving
125,Wesley
126,Guy
127,Alex
128,Wallace
129,Hubert
130,Manuel
131,Lonnie
132,Warren
133,Ed
134,Isaac
135,Arnold
136,Nathan
137,Rufus
138,Bill
139,Jose
140,Otto
141,Jerry
142,Charley
143,Nicholas
144,Dan
145,Jimmie
146,Percy
147,Mike
148,Steve
149,Sylvester
150,Emil
151,Glen
152,Abraham
153,Emmett
154,Orville
155,Wayne
156,Willis
157,Bennie
158,Mack
159,Clinton
160,Tony
161,Calvin
162,Rudolph
163,August
164,Johnie
165,Roland
166,Aaron
167,Edmund
168,Nelson
169,Adam
170,Roger
171,Antonio
172,Clifton
173,Amos
174,Matthew
175,Nathaniel
176,Phillip
177,Franklin
178,Pete
179,Juan
180,Alton
181,Elbert
182,Ellis
183,Irvin
184,Marshall
185,Jake
186,Ervin
187,Forrest
188,Felix
189,Ted
190,Bert
191,Dennis
192,Clayton
193,Dave
194,Cornelius
195,Owen
196,Booker
197,Douglas
198,Jerome
199,Johnny
200,Mark
201,Gus
202,Ivan
203,Ollie
204,Tommie
205,Roscoe
206,Grady
207,Dewey
208,Wilfred
209,Julian
210,Jay
211,Moses
212,Adolph
213,Bruce
214,Karl
215,Delbert
216,Jess
217,Reuben
218,Ronald
219,Jasper
220,Leland
221,Perry
222,Wilbert
223,Wilson
224,Alonzo
225,Claud
226,Merle
227,Don
228,Timothy
229,Simon
230,Laurence
231,Bob
232,Nick
233,Aubrey
234,Elijah
235,Lyle
236,Ross
237,Grant
238,Harley
239,Carlos
240,Freddie
241,Sherman
242,Dale
243,Jeff
244,Carroll
245,Louie
246,Monroe
247,Troy
248,Byron
249,Grover
250,Murray
251,Preston
252,Mary
253,Wade
254,Edmond
255,Loyd
256,Cleveland
257,Millard
258,Pedro
259,Salvatore
260,Abe
261,Gene
262,Solomon
263,Barney
264,Buster
265,Larry
266,Dominick
267,Francisco
268,Ruben
269,Forest
270,Levi
271,Noah
272,Alva
273,Angelo
274,Dwight
275,Elmo
276,Wiley
277,Fredrick
278,Austin
279,Clement
280,Cleo
281,Emanuel
282,Garland
283,Mose
284,Andy
285,Harrison
286,Boyd
287,Jesus
288,Joel
289,Malcolm
290,Mathew
291,Ned
292,Allan
293,Lowell
294,Anton
295,Christopher
296,Dock
297,Elwood
298,Emory
299,Jackson
300,Orval
301,Clair
302,Earle
303,Eli
304,Carlton
305,Dallas
306,Isadore
307,Lynn
308,Neal
309,Rex
310,Erwin
311,Ike
312,Reginald
313,Cyril
314,Dudley
315,Hyman
316,Marcus
317,Myron
318,Keith
319,Loren
320,Luke
321,Silas
322,Fletcher
323,Tommy
324,Burton
325,Clark
326,Emery
327,Mitchell
328,Alfonso
329,Neil
330,Wendell
331,Augustus
332,Benny
333,Dean
334,Edd
335,Emerson
336,Freeman
337,Maynard
338,Miles
339,Spencer
340,Vern
341,Al
342,Elvin
343,Herschel
344,Jean
345,Lucius
346,Ramon
347,Randolph
348,Riley
349,Scott
350,Wilmer
351,Asa
352,Basil
353,Columbus
354,Delmar
355,Isiah
356,Mckinley
357,Sammie
358,Sterling
359,Alan
360,Dick
361,Doyle
362,Eldon
363,Odell
364,Russel
365,Ulysses
366,Ellsworth
367,Elton
368,Garfield
369,Hiram
370,Hollis
371,King
372,Pearl
373,Sol
374,Thurman
375,Lorenzo
376,Milo
377,Morton
378,Saul
379,Steven
380,Stuart
381,Ferdinand
382,Harlan
383,Omer
384,Rubin
385,Dee
386,Kermit
387,Newton
388,Buck
389,Conrad
390,Dominic
391,Frances
392,Margaret
393,Merrill
394,Pat
395,Stewart
396,Christian
397,Elias
398,Gerard
399,Houston
400,Jefferson
401,Lyman
402,Noel
403,Rosevelt
404,Ward
405,Adrian
406,Alphonse
407,Bud
408,Clay
409,Ezra
410,Jewel
411,Junius
412,Lamar
413,Luis
414,Meyer
415,Roman
416,Wilford
417,Anderson
418,Armand
419,Early
420,Hal
421,Irwin
422,Lacy
423,Lemuel
424,Lenard
425,Lionel
426,Major
427,Ora
428,Truman
429,Chris
430,Foster
431,Jimmy
432,Jonas
433,Kelly
434,Porter
435,Sanford
436,Theo
437,Tomas
438,Van
439,Aloysius
440,Chas
441,Milford
442,Norbert
443,Norris
444,Olin
445,Royal
446,Verne
447,Wm
448,Ambrose
449,Gustave
450,Haywood
451,Isaiah
452,Jewell
453,Otha
454,Sandy
455,Waldo
456,Wilburn
457,Arlie
458,Elmore
459,Harris
460,Joshua
461,Odis
462,Pasquale
463,Warner
464,Berry
465,Bertram
466,Buford
467,Clem
468,Laverne
469,Raleigh
470,Rocco
471,Taylor
472,Alden
473,Cletus
474,Cleve
475,Coleman
476,Coy
477,Delmer
478,General
479,Haskell
480,Hershel
481,Hoyt
482,Napoleon
483,Obie
484,Rose
485,Wilber
486,Bennett
487,Carmen
488,Darrell
489,Emile
490,Hugo
491,Nolan
492,Phil
493,Ruby
494,Webster
495,Bernice
496,Bryan
497,Elliott
498,Eric
499,Jeremiah
500,Linwood
501,Lucious
502,Mason
503,Matt
504,Maxwell
505,Noble
506,Olen
507,Palmer
508,Randall
509,Walker
510,Winfield
511,Aron
512,Bernie
513,Burl
514,Casper
515,Clint
516,Dewitt
517,Dorothy
518,Dorsey
519,Elisha
520,Enoch
521,Gabriel
522,Garrett
523,Gregory
524,Hampton
525,Hermon
526,Lafayette
527,Mac
528,Merlin
529,Merton
530,Mervin
531,Micheal
532,Morgan
533,Murphy
534,Olaf
535,Rupert
536,Salvador
537,Travis
538,Wilton
539,Winston
540,Alphonso
541,Anna
542,Arther
543,Billy
544,Bruno
545,Carmine
546,Cyrus
547,Evan
548,Helen
549,Levy
550,Lucian
551,Mario
552,Oren
553,Seth
554,Sydney
555,Teddy
556,Terry
557,Vivian
558,Weldon
559,Arch
560,Benedict
561,Claire
562,Clarance
563,Connie
564,Davis
565,Delmas
566,Denver
567,Fritz
568,Gail
569,Hardy
570,Hazel
571,Hobart
572,Israel
573,Ivory
574,Josh
575,Judson
576,Lawson
577,Leander
578,Lonzo
579,Madison
580,Miguel
581,Oswald
582,Raphael
583,Rene
584,Sim
585,Smith
586,Tim
587,Turner
588,Valentine
589,Vance
590,Winfred
591,Alberto
592,Allie
593,Billie
594,Buddy
595,Carter
596,Cliff
597,Dillard
598,Elzie
599,Emmet
600,Emmitt
601,Felton
602,Garnett
603,Golden
604,Harmon
605,Hezekiah
606,Hilton
607,Hobert
608,Jodie
609,Merl
610,Orlando
611,Rafael
612,Raymon
613,Reed
614,Tillman
615,Washington
616,Abram
617,Alfredo
618,Alvie
619,Avery
620,Bishop
621,Earlie
622,Emilio
623,Graham
624,Granville
625,Judge
626,Miller
627,Mortimer
628,Otho
629,Pierce
630,Prince
631,Quincy
632,Rodney
633,Shirley
634,Abner
635,Alford
636,Archibald
637,Artis
638,Brooks
639,Burt
640,Dexter
641,Duane
642,Eino
643,Enos
644,Ezekiel
645,Gary
646,Hector
647,Irene
648,Isidore
649,Johnson
650,Jules
651,Junior
652,Loy
653,Marie
654,Mitchel
655,Nels
656,Pablo
657,Patsy
658,Richmond
659,Rollie
660,Romeo
661,Stanford
662,Taft
663,Theadore
664,Alois
665,Annie
666,Artie
667,Audrey
668,Augustine
669,Bertha
670,Blaine
671,Boyce
672,Brown
673,Bryant
674,Carson
675,Dana
676,Elden
677,Fay
678,Frederic
679,Gale
680,Gaylord
681,Henery
682,Hoke
683,Ignacio
684,Isom
685,Jennings
686,Justin
687,Lillian
688,Lindsey
689,Minor
690,Newell
691,Omar
692,Orin
693,Rolland
694,Ruth
695,Sheldon
696,Talmadge
697,Theron
698,Vernie
699,Adolphus
700,Alice
701,Antone
702,Bailey
703,Beverly
704,Bradley
705,Carlyle
706,Cary
707,Chauncey
708,Clare
709,Collins
710,Curley
711,Domingo
712,Edna
713,Emmit
714,Ennis
715,Everette
716,Florence
717,Gladys
718,Guadalupe
719,Hamp
720,Hans
721,Henderson
722,Huston
723,Jonnie
724,Len
725,Lucien
726,Mildred
727,Odie
728,Ottis
729,Rogers
730,Rosario
731,Shelby
732,Thaddeus
733,Vaughn
734,Wyatt
735,Agnes
736,Albin
737,Allison
738,Alvis
739,Antoine
740,Bee
741,Benito
742,Benjiman
743,Carrol
744,Christ
745,Cloyd
746,Dalton
747,Damon
748,Darrel
749,Delphin
750,Edison
751,Elizabeth
752,Ellwood
753,Elroy
754,Elza
755,Gaston
756,Gustav
757,Hayward
758,Hunter
759,Ivy
760,Jordan
761,Leamon
762,Lige
763,Lincoln
764,Lois
765,Loran
766,Merritt
767,Oral
768,Price
769,Santos
770,Sylvan
771,Thelma
772,Tracy
773,Verner
774,Virgle
775,Vito
776,Wilfrid
777,Zack
778,Alonza
779,Casimir
780,Clara
781,Crawford
782,Duncan
783,Einar
784,Ernie
785,Essie
786,Ethel
787,Evelyn
788,Ezell
789,Felipe
790,Fleming
791,Grace
792,Gregorio
793,Hosea
794,Jones
795,June
796,Kirby
797,Lenord
798,Lou
799,Mahlon
800,Maxie
801,Nat
802,Ocie
803,Orrin
804,Quentin
805,Rodger
806,Sebastian
807,Sigmund
808,Thedore
809,Unknown
810,Vester
811,Walton
812,Wellington
813,West
814,Wright
815,Addison
816,Adelbert
817,Alec
818,Alf
819,Angus
820,Art
821,Axel
822,Bessie
823,Bonnie
824,Brady
825,Carey
826,Carol
827,Carrie
828,Darwin
829,Durward
830,Eldridge
831,Ellison
832,Emma
833,Enrique
834,Estel
835,Finis
836,Gust
837,Hallie
838,Hamilton
839,Hardie
840,Hayes
841,Hilliard
842,Howell
843,Jonathan
844,Loyal
845,Mabel
846,Newman
847,Norwood
848,Okey
849,Opal
850,Oran
851,Park
852,Pink
853,Pleas
854,Roberto
855,Rolla
856,Rollin
857,Rowland
858,Stanton
859,Tomie
860,Toney
861,Wash
862,Williams
863,Woodrow
864,Wylie
865,Zollie
866,Abel
867,Addie
868,Adolfo
869,Algie
870,Alma
871,Alpha
872,Andre
873,Ashby
874,Authur
875,Benton
876,Bertie
877,Bobbie
878,Burnice
879,Caleb
880,Casimer
881,Claudie
882,Cruz
883,Dayton
884,Dempsey
885,Doc
886,Doris
887,Elgin
888,Elsie
889,Elvis
890,Elwin
891,Esther
892,Eugenio
893,Farris
894,Fenton
895,Franklyn
896,Frazier
897,Gertrude
898,Giovanni
899,Green
900,Harland
901,Ignatius
902,Ivey
903,Joesph
904,Johny
905,Jonah
906,Josiah
907,Layton
908,Leeroy
909,Leopold
910,Lon
911,Marian
912,Meredith
913,Milburn
914,Minnie
915,Norton
916,Ola
917,Ole
918,Orie
919,Pierre
920,Ricardo
921,Rube
922,Rueben
923,Sammy
924,Sampson
925,Seymour
926,Sonny
927,Stacy
928,Val
929,Vincenzo
930,Almon
931,Alvah
932,Americo
933,Angel
934,Ardell
935,Arvin
936,Baxter
937,Bradford
938,Burley
939,Chesley
940,Delmus
941,Donovan
942,Douglass
943,Edith
944,Eduardo
945,Egbert
946,Ellie
947,Elva
948,Ephriam
949,Evert
950,Evertt
951,Ferris
952,Ford
953,Frankie
954,Galen
955,Garnet
956,Geo
957,Gilmer
958,Halbert
959,Harvy
960,Hayden
961,Hillard
962,Huey
963,Jason
964,Kelley
965,Lambert
966,Lavern
967,Lem
968,Lindsay
969,Lonie
970,Louise
971,Lucio
972,Marcel
973,Margarito
974,Mariano
975,Marlin
976,Martha
977,Melville
978,Myer
979,Nestor
980,Newt
981,Ogden
982,Oland
983,Ovid
984,Paris
985,Prentiss
986,Reid
987,Robt
988,Roderick
989,Rudy
990,Samie
991,Sanders
992,Santiago
993,Simeon
994,Stonewall
995,Thad
996,Watson
997,Wayman
998,Williard
999,Acie
1000,Aime
