Rank,Name
1,Mary
2,Anna
3,Emma
4,Elizabeth
5,Margaret
6,Minnie
7,Clara
8,Bertha
9,Ida
10,Annie
11,Alice
12,Florence
13,Bessie
14,Grace
15,Ethel
16,Nellie
17,Martha
18,Sarah
19,Ella
20,Mabel
21,Laura
22,Carrie
23,Cora
24,Maude
25,Rose
26,Pearl
27,Lillian
28,Helen
29,Gertrude
30,Edna
31,Edith
32,Julia
33,Jennie
34,Myrtle
35,Mattie
36,Hattie
37,Lillie
38,Eva
39,Louise
40,Jessie
41,Lula
42,Marie
43,Ada
44,Lena
45,Catherine
46,Frances
47,Fannie
48,Josephine
49,Dora
50,Katherine
51,Maggie
52,Lucy
53,Blanche
54,Agnes
55,Elsie
56,Nora
57,Stella
58,Rosa
59,Effie
60,Daisy
61,May
62,Mamie
63,Mae
64,Ellen
65,Lizzie
66,Nettie
67,Nancy
68,Alma
69,Sadie
70,Ruth
71,Della
72,Susie
73,Sallie
74,Flora
75,Maud
76,Addie
77,Lydia
78,Caroline
79,Mollie
80,Lottie
81,Katie
82,Irene
83,Etta
84,Georgia
85,Lulu
86,Olive
87,Emily
88,Viola
89,Harriet
90,Amanda
91,Jane
92,Esther
93,Kathryn
94,Charlotte
95,Willie
96,Beulah
97,Kate
98,Ollie
99,Rebecca
100,Susan
101,Eliza
102,Amelia
103,Virginia
104,Nannie
105,Hazel
106,Ruby
107,Matilda
108,Belle
109,Pauline
110,Estella
111,Mildred
112,Amy
113,Hannah
114,Theresa
115,Leona
116,Iva
117,Henrietta
118,Augusta
119,Eleanor
120,Ora
121,Sara
122,Rachel
123,Josie
124,Ann
125,Anne
126,Marion
127,Mayme
128,Dorothy
129,Barbara
130,Nina
131,Evelyn
132,Lola
133,Beatrice
134,Sophia
135,Estelle
136,Mable
137,Allie
138,Maria
139,Lela
140,Goldie
141,Victoria
142,Eula
143,Callie
144,Alta
145,Betty
146,Delia
147,Janie
148,Celia
149,Essie
150,Millie
151,Nell
152,Inez
153,Rena
154,Rosie
155,Ola
156,Louisa
157,Eunice
158,Lou
159,Christine
160,Birdie
161,Luella
162,Bettie
163,Bertie
164,Ina
165,Sophie
166,Vera
167,Leila
168,Hilda
169,Olga
170,Winifred
171,Hulda
172,Lora
173,Sylvia
174,Dollie
175,Nelle
176,Elva
177,Verna
178,Christina
179,Sally
180,Hettie
181,Rhoda
182,Isabelle
183,Lois
184,Lelia
185,Isabel
186,Mathilda
187,Tillie
188,Lucille
189,Jean
190,Cornelia
191,Alberta
192,Bess
193,Bernice
194,Adelaide
195,Sue
196,Violet
197,Gladys
198,Loretta
199,Frieda
200,Abbie
201,Lily
202,Lura
203,Roxie
204,Genevieve
205,Gertie
206,Gussie
207,Johanna
208,Adeline
209,Carolyn
210,Helena
211,Marguerite
212,Fanny
213,Hester
214,Leah
215,Cecelia
216,Lucinda
217,Myra
218,Mina
219,Jeannette
220,Lilly
221,Winnie
222,Harriett
223,Katharine
224,Lucile
225,Minerva
226,Virgie
227,Elma
228,Jeanette
229,Wilhelmina
230,Hallie
231,Flossie
232,Lenora
233,Dessie
234,Meta
235,Phoebe
236,Adele
237,Cecilia
238,Regina
239,Lettie
240,Mabelle
241,Irma
242,Eugenia
243,Lida
244,Naomi
245,Selma
246,Blanch
247,Claudia
248,Freda
249,Elsa
250,Francis
251,Teresa
252,Marian
253,Mittie
254,Lila
255,Cassie
256,Emilie
257,Linda
258,Myrtie
259,Cynthia
260,Marjorie
261,Olivia
262,Cordelia
263,Orpha
264,Catharine
265,Zella
266,Elnora
267,Erma
268,Linnie
269,Madge
270,Mandy
271,Maudie
272,Bonnie
273,Elvira
274,Leola
275,Alvina
276,Juanita
277,Norma
278,Ophelia
279,Vivian
280,Artie
281,Geneva
282,Ivy
283,Annette
284,Claire
285,Kittie
286,Lorena
287,Lyda
288,Margie
289,Rosalie
290,Fay
291,Isabella
292,Louella
293,Zora
294,Janet
295,Lee
296,Bell
297,John
298,Malinda
299,Melissa
300,Pearle
301,Pearlie
302,Roberta
303,Dolly
304,Fern
305,Melvina
306,Dona
307,Floy
308,Letha
309,Lilla
310,Lina
311,Polly
312,Vina
313,Eda
314,Ila
315,Leota
316,Miriam
317,Antoinette
318,Dovie
319,Madeline
320,Rosetta
321,Gracie
322,Joanna
323,Neva
324,Edythe
325,Isabell
326,Margret
327,Mertie
328,Nola
329,Bridget
330,Evie
331,Georgie
332,Golda
333,Kathleen
334,Lessie
335,Nona
336,Zula
337,Alpha
338,Berta
339,Corinne
340,Frankie
341,Anita
342,Chloe
343,Dorothea
344,Hilma
345,June
346,Lucretia
347,Veronica
348,Antonia
349,Lavina
350,Ona
351,Pansy
352,Sudie
353,William
354,Adah
355,Cecile
356,Cleo
357,Elisabeth
358,Leta
359,Lona
360,Magdalena
361,Phebe
362,Priscilla
363,Tina
364,Velma
365,Cecil
366,Constance
367,Ettie
368,Johnnie
369,Maybelle
370,Nan
371,Opal
372,Rita
373,Belva
374,Doris
375,Eloise
376,Faye
377,Lue
378,Molly
379,Rilla
380,Angie
381,Audrey
382,Clementine
383,Emelia
384,George
385,Rosella
386,Helene
387,Inga
388,Jimmie
389,Lennie
390,Mazie
391,Retta
392,Una
393,Vinnie
394,Angeline
395,Annabelle
396,Clare
397,Dena
398,Leonora
399,Marcella
400,Oma
401,Susanna
402,Tennie
403,Vesta
404,Zoe
405,Adella
406,Donna
407,Ernestine
408,James
409,Mariah
410,Muriel
411,Savannah
412,Tena
413,Aline
414,Bella
415,Clyde
416,Eddie
417,Elise
418,Ellie
419,Harriette
420,Kathrine
421,Lenna
422,Lovie
423,Malissa
424,Meda
425,Ray
426,Vida
427,Willa
428,Albina
429,Avis
430,Carmen
431,Charles
432,Dixie
433,Georgiana
434,Georgianna
435,Jannie
436,Missouri
437,Octavia
438,Adelia
439,Besse
440,Christena
441,Emmer
442,Iona
443,Lucia
444,Marcia
445,Wilma
446,Adda
447,Connie
448,Corrie
449,Donie
450,Elizebeth
451,Glenna
452,Lavinia
453,Lenore
454,Lilian
455,Reba
456,Tommie
457,Vernie
458,Winnifred
459,Charity
460,Donnie
461,Era
462,Leora
463,Mallie
464,Manda
465,Mellie
466,Patsy
467,Rosanna
468,Vada
469,Vallie
470,Annetta
471,Cordie
472,Florida
473,Hope
474,Hortense
475,Iola
476,Ione
477,Lotta
478,Ludie
479,Luvenia
480,Magdalene
481,Minna
482,Pattie
483,Rowena
484,Adaline
485,Agatha
486,Amalia
487,Clarice
488,Easter
489,Eleanora
490,Eugenie
491,Geraldine
492,Henry
493,Julie
494,Liza
495,Louie
496,Myrta
497,Pinkie
498,Tessie
499,Ursula
500,America
501,Angela
502,Angelina
503,Ava
504,Carolina
505,Cathrine
506,Clora
507,Corine
508,Elinor
509,Frank
510,Idella
511,Kitty
512,Lelah
513,Letitia
514,Libbie
515,Marietta
516,Mathilde
517,Sena
518,Theodora
519,Zelma
520,Aimee
521,Almeda
522,Alva
523,Ara
524,Aurelia
525,Camille
526,Docia
527,Elda
528,Gail
529,Jenny
530,Mahala
531,Mame
532,Maybell
533,Mona
534,Natalie
535,Odessa
536,Queen
537,Rae
538,Samantha
539,Tilda
540,Veda
541,Verda
542,Alida
543,Altha
544,Celeste
545,Celina
546,Delphia
547,Ethyl
548,Evalyn
549,Lea
550,Maye
551,Merle
552,Mintie
553,Onie
554,Paula
555,Shirley
556,Sophronia
557,Alda
558,Anastasia
559,Camilla
560,Elmira
561,Erna
562,Ethelyn
563,Iris
564,Jesse
565,Lonnie
566,Louvenia
567,Luna
568,Neta
569,Norah
570,Ottilie
571,Petra
572,Selena
573,Tressa
574,Vella
575,Vena
576,Althea
577,Amie
578,Arrie
579,Bennie
580,Bulah
581,Cordia
582,Dicie
583,Effa
584,Emilia
585,Esta
586,Estell
587,Etha
588,Hanna
589,India
590,Ira
591,Isa
592,Johnie
593,Joseph
594,Judith
595,Lonie
596,Lutie
597,Margaretta
598,Matie
599,Maymie
600,Mettie
601,Minta
602,Paralee
603,Philomena
604,Prudence
605,Viva
606,Winona
607,Zona
608,Adela
609,Adline
610,Almira
611,Arie
612,Betsy
613,Clotilde
614,Diana
615,Edyth
616,Emmie
617,Jeanne
618,Kathryne
619,Lauretta
620,Lucie
621,Philomene
622,Pollie
623,Serena
624,Tempie
625,Therese
626,Tressie
627,Valeria
628,Zetta
629,Beryl
630,Birtie
631,Cara
632,Claudie
633,Clemmie
634,Corda
635,Delilah
636,Dinah
637,Eleanore
638,Exie
639,Frona
640,Genie
641,Icie
642,Joe
643,Katheryn
644,Kattie
645,Leone
646,Loula
647,Lular
648,Malissie
649,Manie
650,Metta
651,Nanie
652,Nova
653,Rosina
654,Tracy
655,Verdie
656,Wanda
657,Zola
658,Adell
659,Arabella
660,Bina
661,Carol
662,Clarissa
663,Coral
664,Delila
665,Dellar
666,Dolores
667,Drucilla
668,Eldora
669,Ester
670,Gena
671,Guadalupe
672,Harry
673,Hedwig
674,Huldah
675,Jennette
676,Jo
677,Josefa
678,Juana
679,Leo
680,Liddie
681,Mima
682,Myrna
683,Nonie
684,Ocie
685,Ottie
686,Ottilia
687,Patience
688,Peggy
689,Phyllis
690,Queenie
691,Rhea
692,Robert
693,Selina
694,Theo
695,Albertha
696,Albertine
697,Annabel
698,Arizona
699,Arthur
700,Cherry
701,Deborah
702,Dottie
703,Edwina
704,Elenora
705,Emeline
706,Etna
707,Eve
708,Faith
709,Gina
710,Hetty
711,Ivah
712,Izora
713,Jemima
714,Jettie
715,Karen
716,Lavenia
717,Leatha
718,Leonie
719,Leslie
720,Libby
721,Lissie
722,Loretto
723,Lovina
724,Madie
725,Medora
726,Melinda
727,Mignon
728,Monica
729,Nella
730,Oda
731,Osie
732,Rella
733,Rossie
734,Roxy
735,Sabina
736,Sabra
737,Sidney
738,Sybil
739,Tennessee
740,Theodosia
741,Theresia
742,Ula
743,Valentine
744,Wilda
745,Abigail
746,Aggie
747,Annabell
748,Arvilla
749,Bernadine
750,Beth
751,Bobbie
752,Cathryn
753,Charlie
754,Christie
755,Dessa
756,Electa
757,Elmer
758,Elvina
759,Eulalie
760,Evaline
761,Evangeline
762,Florine
763,Freida
764,Georgina
765,Glenn
766,Golden
767,Gusta
768,Hildur
769,Imo
770,Jewel
771,Jewell
772,Joan
773,Jossie
774,Joy
775,Juliet
776,Juliette
777,Kizzie
778,Leanna
779,Letta
780,Manuela
781,Millicent
782,Missie
783,Nealie
784,Nelly
785,Pennie
786,Ragna
787,Rosalee
788,Santos
789,Thea
790,Thomas
791,Thora
792,Vinie
793,Aletha
794,Alicia
795,Calla
796,Classie
797,Cleora
798,Cleva
799,Clevie
800,Courtney
801,Dagmar
802,Dee
803,Doshie
804,Edmonia
805,Eleonora
806,Elisa
807,Elvie
808,Emmaline
809,Emmy
810,Eudora
811,Fairy
812,Francisca
813,Fred
814,Fronia
815,Garnet
816,Grayce
817,Hassie
818,Helma
819,Hildegarde
820,Jeannie
821,Leonore
822,Lillia
823,Lollie
824,Love
825,Luetta
826,Macie
827,Madeleine
828,Malvina
829,Margery
830,Media
831,Norine
832,Novella
833,Octa
834,Rachael
835,Rosia
836,Sarrah
837,Vertie
838,Victorine
839,Wilhelmine
840,Zaida
841,Zilpha
842,Adelina
843,Albertina
844,Almedia
845,Alphonsine
846,Ama
847,Anabel
848,Annis
849,Arlie
850,Aurilla
851,Berenice
852,Bernadette
853,Beula
854,Buena
855,Byrdie
856,Claribel
857,Claude
858,Daisie
859,Dorcas
860,Dosha
861,Elena
862,Elfrieda
863,Elna
864,Elta
865,Emelie
866,Euna
867,Eveline
868,Florrie
869,Hellen
870,Hermina
871,Honora
872,Imogene
873,Irena
874,Janette
875,Joyce
876,Katharina
877,Katy
878,Lacy
879,Laverne
880,Lella
881,Lera
882,Lillis
883,Lisette
884,Litha
885,Lugenia
886,Mabell
887,Macy
888,Maebelle
889,Magdalen
890,Margarette
891,Margarita
892,Margrett
893,Marinda
894,Martina
895,Maryann
896,Melina
897,Mirtie
898,Montie
899,Odie
900,Odile
901,Omie
902,Parlee
903,Pheobe
904,Rennie
905,Rettie
906,Rinda
907,Roma
908,Rosamond
909,Roseanna
910,Rosena
911,Ruthie
912,Sadye
913,Sula
914,Susannah
915,Tinie
916,Trudie
917,Walter
918,Yetta
919,Zada
920,Zadie
921,Agness
922,Albert
923,Alvira
924,Alyce
925,Ana
926,Andrea
927,Ardella
928,Arminta
929,Arra
930,Atha
931,Avie
932,Bama
933,Berdie
934,Biddie
935,Bula
936,Cammie
937,Capitola
938,Carra
939,Celestine
940,Channie
941,Cinda
942,Clella
943,Cornie
944,Corrine
945,Crystal
946,Dana
947,Delpha
948,Delta
949,Dillie
950,Dina
951,Donia
952,Dorotha
953,Dorthy
954,Dosia
955,Dossie
956,Dulcie
957,Eileen
958,Emaline
959,Enid
960,Enola
961,Erie
962,Essa
963,Etter
964,Eulah
965,Euphemia
966,Eura
967,Evelena
968,Ferne
969,Florance
970,Genoveva
971,Goldia
972,Greta
973,Grover
974,Helga
975,Hermine
976,Ica
977,Icy
978,Ilma
979,Ines
980,Jeanie
981,Jessica
982,Johannah
983,Judy
984,Justine
985,Katharyn
986,Kathern
987,Kay
988,Lala
989,Lalla
990,Lana
991,Lanie
992,Leda
993,Leonor
994,Lilie
995,Liller
996,Lockie
997,Lolla
998,Lorna
999,Lota
1000,Luisa
