Rank,Name
1,John
2,William
3,James
4,George
5,Charles
6,Frank
7,Joseph
8,Robert
9,Henry
10,Edward
11,Thomas
12,Harry
13,Walter
14,Arthur
15,Fred
16,Albert
17,Clarence
18,Willie
19,Roy
20,Paul
21,Louis
22,Carl
23,Earl
24,Ernest
25,Samuel
26,Raymond
27,Charlie
28,Joe
29,Harold
30,Ralph
31,Richard
32,David
33,Howard
34,Elmer
35,Jesse
36,Herbert
37,Andrew
38,Alfred
39,Oscar
40,Daniel
41,Lawrence
42,Leo
43,Sam
44,Will
45,Francis
46,Jack
47,Lee
48,Benjamin
49,Herman
50,Eugene
51,Floyd
52,Michael
53,Peter
54,Frederick
55,Claude
56,Ray
57,Chester
58,Lewis
59,Clyde
60,Edwin
61,Leonard
62,Tom
63,Ben
64,Edgar
65,Martin
66,Russell
67,Homer
68,Lester
69,Otto
70,Harvey
71,Jim
72,Clifford
73,Luther
74,Jacob
75,Lloyd
76,Guy
77,Bernard
78,Leroy
79,Jessie
80,Hugh
81,Leslie
82,Patrick
83,Stanley
84,Ed
85,Eddie
86,Anthony
87,Leon
88,Oliver
89,Archie
90,Horace
91,Norman
92,Philip
93,Theodore
94,Everett
95,Ira
96,Donald
97,Alexander
98,Allen
99,Victor
100,Cecil
101,August
102,Milton
103,Alvin
104,Stephen
105,Charley
106,Sidney
107,Isaac
108,Julius
109,Percy
110,Warren
111,Melvin
112,Wesley
113,Glenn
114,Bert
115,Marion
116,Virgil
117,Alex
118,Earnest
119,Mack
120,Dave
121,Emmett
122,Emil
123,Maurice
124,Rufus
125,Willis
126,Vincent
127,Otis
128,Gilbert
129,Vernon
130,Calvin
131,Kenneth
132,Morris
133,Wilbur
134,Johnnie
135,Lonnie
136,Nathan
137,Wallace
138,Willard
139,Matthew
140,Irving
141,Felix
142,Dennis
143,Nelson
144,Marvin
145,Elbert
146,Hubert
147,Rudolph
148,Gordon
149,Jose
150,Franklin
151,Glen
152,Jerry
153,Jess
154,Mark
155,Reuben
156,Ellis
157,Marshall
158,Sylvester
159,Manuel
160,Perry
161,Roland
162,Amos
163,Arnold
164,Dan
165,Max
166,Aaron
167,Abraham
168,Grover
169,Clifton
170,Orville
171,Clinton
172,Jake
173,Jay
174,Roscoe
175,Bill
176,Edmund
177,Ollie
178,Phillip
179,Curtis
180,Claud
181,Forrest
182,Adolph
183,Clayton
184,Cornelius
185,Alonzo
186,Mike
187,Nicholas
188,Bennie
189,Harrison
190,Adam
191,Don
192,Grant
193,Gerald
194,Elijah
195,Owen
196,Sherman
197,Alva
198,Ross
199,Gus
200,Levi
201,Nathaniel
202,Noah
203,Jasper
204,Steve
205,Wilson
206,Moses
207,Roger
208,Dock
209,Harley
210,Silas
211,Karl
212,Bruce
213,Pete
214,Irvin
215,Jeff
216,Jimmie
217,Emanuel
218,Anton
219,Monroe
220,Fredrick
221,Hiram
222,Mose
223,Carroll
224,Douglas
225,Juan
226,Wiley
227,Christopher
228,Timothy
229,Grady
230,Jerome
231,Johnie
232,Laurence
233,Preston
234,Simon
235,Byron
236,Wayne
237,Austin
238,Barney
239,Eli
240,Julian
241,Loyd
242,Abe
243,Bob
244,Leland
245,Christian
246,Clark
247,Earle
248,Luke
249,Forest
250,Ora
251,Cleveland
252,Ervin
253,Solomon
254,Augustus
255,Edmond
256,Millard
257,Gustave
258,Ivan
259,Riley
260,Ward
261,Mary
262,Erwin
263,Louie
264,Lynn
265,Merle
266,Ezra
267,Pearl
268,Ike
269,Elwood
270,Scott
271,Tony
272,Ulysses
273,Vern
274,Columbus
275,Emory
276,Chris
277,Edd
278,Wilfred
279,Asa
280,Dewitt
281,Lyle
282,Andy
283,Enoch
284,Hugo
285,Irwin
286,Murray
287,Stewart
288,Wade
289,Ambrose
290,Ferdinand
291,Fletcher
292,Neal
293,Ned
294,Tommie
295,Aubrey
296,Ellsworth
297,Emery
298,Joel
299,Larry
300,Ruben
301,Antonio
302,Marcus
303,Pat
304,Walker
305,Isiah
306,Johnny
307,Spencer
308,Sterling
309,Wilbert
310,Conrad
311,Major
312,Mckinley
313,Myron
314,Rex
315,Van
316,Allie
317,Bud
318,Clay
319,Dallas
320,Delbert
321,Elisha
322,Malcolm
323,Mathew
324,Miles
325,Newton
326,Dee
327,Jackson
328,Royal
329,Anderson
330,Boyd
331,Clair
332,Elliott
333,Emmet
334,Lon
335,Mitchell
336,Neil
337,Bertram
338,Garland
339,Loren
340,Chauncey
341,Elias
342,Granville
343,Joshua
344,Nick
345,Randolph
346,Troy
347,Clem
348,Clement
349,Dewey
350,Gene
351,Jefferson
352,Jeremiah
353,Lowell
354,Lucius
355,Noble
356,Oren
357,Shirley
358,Aloysius
359,Bryan
360,Burton
361,Carlton
362,Foster
363,Freeman
364,Josh
365,Napoleon
366,Ramon
367,Wilmer
368,Alton
369,Archibald
370,Bradley
371,Dale
372,Elmo
373,Jonas
374,Jordan
375,Lincoln
376,Lorenzo
377,Matt
378,Morgan
379,Omer
380,Reginald
381,Taylor
382,Vance
383,Alphonse
384,Cyrus
385,Elvin
386,Henderson
387,Merrill
388,Porter
389,Ronald
390,Arther
391,Early
392,Freddie
393,Hollis
394,Isaiah
395,King
396,Sol
397,Sydney
398,Ted
399,Al
400,Dudley
401,Fay
402,Herschel
403,Jason
404,Judson
405,Junius
406,Kelly
407,Lafayette
408,Lemuel
409,Morton
410,Pedro
411,Sanford
412,Valentine
413,Wendell
414,Adolphus
415,Allan
416,Basil
417,Burt
418,Dick
419,Dwight
420,Hans
421,Harris
422,Houston
423,Judge
424,Omar
425,Winfield
426,Alan
427,Arlie
428,Cliff
429,Cyril
430,Emerson
431,Emile
432,Haywood
433,Lyman
434,Rollie
435,Wilber
436,Zack
437,Avery
438,Axel
439,Buford
440,Carlos
441,Dean
442,Eric
443,Francisco
444,General
445,Gust
446,Hal
447,Lenard
448,Lucious
449,Nels
450,Ole
451,Sandy
452,Stuart
453,Tommy
454,Verne
455,Waldo
456,Addison
457,Cleo
458,Coy
459,Elmore
460,Elza
461,Florence
462,Garrett
463,Gustav
464,Isadore
465,Jean
466,Lionel
467,Mason
468,Maynard
469,Melville
470,Olin
471,Reed
472,Rodney
473,Roman
474,Ruby
475,Washington
476,Abram
477,Adrian
478,Anna
479,Benjiman
480,Berry
481,Hardy
482,Ivy
483,Lige
484,Milo
485,Norbert
486,Prince
487,Russel
488,Seth
489,Wilford
490,Wylie
491,Carey
492,Christ
493,Delmar
494,Elizabeth
495,Green
496,Helen
497,Jesus
498,Jules
499,Noel
500,Thurman
501,Abner
502,Adelard
503,Alma
504,Artie
505,Buster
506,Chas
507,Cleve
508,Connie
509,Dorsey
510,Elton
511,Emmitt
512,Esther
513,Frances
514,Hezekiah
515,Hobart
516,Howell
517,Ivory
518,Lonzo
519,Miguel
520,Obie
521,Pablo
522,Raleigh
523,Sammie
524,Shelby
525,Smith
526,Steven
527,Vivian
528,Webster
529,Angus
530,Annie
531,Arch
532,Clint
533,Dominick
534,Ethel
535,Evert
536,Fritz
537,Garfield
538,Guss
539,Hamilton
540,Harmon
541,Israel
542,Levy
543,Logan
544,Lucian
545,Ludwig
546,Madison
547,Milford
548,Otho
549,Parker
550,Phil
551,Pink
552,Rupert
553,Talmage
554,Tim
555,Truman
556,Albin
557,Alvah
558,Bernie
559,Bruno
560,Casper
561,Davis
562,Duncan
563,Eldridge
564,Frederic
565,Gabriel
566,Gerard
567,Graham
568,Jule
569,Mathias
570,Merritt
571,Mervin
572,Norris
573,Odie
574,Orval
575,Otha
576,Pierce
577,Theo
578,Wm
579,Alvis
580,Angelo
581,Bertha
582,Billie
583,Ernst
584,Evan
585,Evans
586,Gail
587,Hazel
588,Heber
589,Johnson
590,Lem
591,Leopold
592,Linwood
593,Lucien
594,Maxwell
595,Newman
596,Oral
597,Orlando
598,Oswald
599,Palmer
600,Paris
601,Ransom
602,Rogers
603,Santiago
604,Saul
605,Terry
606,Turner
607,Warner
608,Winfred
609,Bonnie
610,Buck
611,Cal
612,Coleman
613,Dana
614,Denis
615,Denver
616,Emma
617,Gary
618,Gaston
619,Gertrude
620,Hallie
621,Harlan
622,Harper
623,Hosea
624,Hoyt
625,Hyman
626,Jimmy
627,Lacy
628,Lillian
629,Lonie
630,Mahlon
631,Merton
632,Meyer
633,Myrtle
634,Olen
635,Oran
636,Roosevelt
637,Thornton
638,Tillman
639,Watson
640,Benton
641,Billy
642,Bradford
643,Brady
644,Cary
645,Clara
646,Colonel
647,Corbett
648,Crawford
649,Dalton
650,Egbert
651,Fate
652,Golden
653,Isom
654,Issac
655,Jewel
656,Jewell
657,Lambert
658,Lindsay
659,Lindsey
660,Mattie
661,Murphy
662,Murry
663,Nat
664,Olaf
665,Orrin
666,Ottis
667,Quincy
668,Rafael
669,Reid
670,Roe
671,Seymour
672,Sim
673,Simeon
674,Son
675,Talmadge
676,Thad
677,Theron
678,Tracy
679,Vernie
680,Walton
681,West
682,Wyatt
683,Zeb
684,Zollie
685,Alfonso
686,Alfredo
687,Armand
688,Aron
689,Ashley
690,Bailey
691,Bart
692,Benny
693,Bishop
694,Brooks
695,Byrd
696,Caleb
697,Carleton
698,Carlyle
699,Carson
700,Cletus
701,Cloyd
702,Collie
703,Dayton
704,Dominic
705,Earlie
706,Elie
707,Ely
708,Elzie
709,Enos
710,Enrique
711,Ephraim
712,Ewing
713,Finis
714,Geo
715,Godfrey
716,Harland
717,Hartley
718,Hayward
719,Helmer
720,Henery
721,Ida
722,Isham
723,Jodie
724,Jonathan
725,June
726,Lamar
727,Larkin
728,Llewellyn
729,Louise
730,Mat
731,Merlin
732,Miller
733,Mitchel
734,Richmond
735,Sampson
736,Travis
737,Virgle
738,Williams
739,Acie
740,Ada
741,Alta
742,Ansel
743,Bennett
744,Bertie
745,Burley
746,Butler
747,Carter
748,Clarance
749,Clare
750,Cora
751,Doc
752,Eldon
753,Ellwood
754,Elsie
755,Emmit
756,Essie
757,Everette
758,Ezekiel
759,Fenton
760,Grace
761,Gregory
762,Hamp
763,Hershel
764,Hubbard
765,Isreal
766,Ivey
767,Jennings
768,Joesph
769,Jonnie
770,Lawerence
771,Lawson
772,Leander
773,Lew
774,Lou
775,Loy
776,Luis
777,Margaret
778,Marie
779,Martha
780,Minnie
781,Nellie
782,Orie
783,Orlo
784,Pleas
785,Raphael
786,Rolla
787,Rolland
788,Rollin
789,Tobe
790,Unknown
791,Wash
792,Waverly
793,Wilburn
794,Wilton
795,Alden
796,Alice
797,Allison
798,Alpheus
799,Alphonsus
800,Alto
801,Andres
802,Antone
803,Augusta
804,Belton
805,Benedict
806,Blaine
807,Burl
808,Curley
809,Damon
810,Dell
811,Delos
812,Dexter
813,Einar
814,Elder
815,Eliga
816,Elwin
817,Ephriam
818,Felipe
819,Ferd
820,Ford
821,French
822,Gabe
823,Galen
824,Garnett
825,Giles
826,Hattie
827,Hayes
828,Hilton
829,Hobert
830,Hosie
831,Hurley
832,Ignatius
833,Irl
834,Isidore
835,Jones
836,Junious
837,Kirby
838,Leigh
839,Lillie
840,Maxie
841,Mayo
842,Melton
843,Micheal
844,Mont
845,Montie
846,Mortimer
847,Myles
848,Newell
849,Nolan
850,Ocie
851,Okey
852,Orion
853,Osie
854,Rae
855,Randall
856,Reese
857,Rocco
858,Rose
859,Salvatore
860,Sarah
861,Sebastian
862,Shellie
863,Sheridan
864,Sid
865,Sigurd
866,Spurgeon
867,Thompson
868,Vester
869,Vicente
870,Worth
871,Young
872,Addie
873,Adelbert
874,Alford
875,Alonza
876,Alvie
877,Arley
878,Art
879,Arvil
880,Augustine
881,Baxter
882,Bee
883,Benjaman
884,Bessie
885,Blair
886,Brown
887,Bryant
888,Burrell
889,Cameron
890,Casimer
891,Chalmers
892,Christy
893,Clemens
894,Clive
895,Coley
896,Collins
897,Courtney
898,Cullen
899,Danial
900,Dannie
901,Doctor
902,Doyle
903,Duke
904,Eben
905,Edmon
906,Effie
907,Eldred
908,Eligah
909,Ellie
910,Elliot
911,Elroy
912,Elwyn
913,Elzy
914,Emilio
915,Encarnacion
916,Ernie
917,Estel
918,Evander
919,Ewell
920,Gaither
921,Gerhard
922,Gottlieb
923,Grafton
924,Guthrie
925,Hampton
926,Harlow
927,Hayden
928,Hector
929,Horton
930,Hosteen
931,Hunter
932,Huston
933,Jacques
934,Jettie
935,Jonah
936,Josiah
937,Kyle
938,Lannie
939,Lea
940,Lennie
941,Leonce
942,Loran
943,Lucy
944,Lum
945,Mamie
946,Minor
947,Moe
948,Nestor
949,Norval
950,Norwood
951,Oakley
952,Odell
953,Odis
954,Orin
955,Orland
956,Orson
957,Ovila
958,Park
959,Pierre
960,Pinkney
961,Price
962,Reynold
963,Reynolds
964,Royce
965,Rubin
966,Ruth
967,Shelley
968,Susie
969,Toy
970,True
971,Urban
972,Vaughn
973,Willam
974,Winford
975,Winston
976,Woodie
977,Zeke
978,Abel
979,Alf
980,Alois
981,Alwin
982,Anson
983,Arvel
984,Ashby
985,Asher
986,Audie
987,Barnie
988,Bartholomew
989,Bedford
990,Benson
991,Bernardo
992,Bernice
993,Burnie
994,Burns
995,Carlie
996,Carol
997,Casimir
998,Cassius
999,Cephus
1000,Chalmer
