Rank,Name
1,Mary
2,Anna
3,Helen
4,Margaret
5,Elizabeth
6,Ruth
7,Florence
8,Ethel
9,Marie
10,Emma
11,Bertha
12,Clara
13,Minnie
14,Edna
15,Bessie
16,Lillian
17,Alice
18,Grace
19,Annie
20,Mabel
21,Rose
22,Hazel
23,Ida
24,Gertrude
25,Martha
26,Pearl
27,Edith
28,Myrtle
29,Frances
30,Nellie
31,Esther
32,Elsie
33,Sarah
34,Eva
35,Ella
36,Laura
37,Louise
38,Catherine
39,Mildred
40,Agnes
41,Gladys
42,Carrie
43,Irene
44,Lillie
45,Julia
46,Hattie
47,Josephine
48,Jessie
49,Cora
50,Lena
51,Mattie
52,Mae
53,Jennie
54,Blanche
55,Alma
56,Maude
57,Dorothy
58,Ada
59,Mamie
60,Stella
61,Lucy
62,Fannie
63,Viola
64,Lula
65,Katherine
66,Ruby
67,Maggie
68,Dora
69,Marion
70,Nora
71,Rosa
72,Sadie
73,Beatrice
74,Beulah
75,Ellen
76,Pauline
77,Vera
78,Willie
79,Effie
80,May
81,Marguerite
82,Nettie
83,Susie
84,Daisy
85,Lydia
86,Della
87,Evelyn
88,Virginia
89,Emily
90,Kathryn
91,Olive
92,Sallie
93,Nancy
94,Georgia
95,Lottie
96,Flora
97,Ann
98,Eleanor
99,Lizzie
100,Katie
101,Lucille
102,Leona
103,Theresa
104,Hilda
105,Caroline
106,Charlotte
107,Addie
108,Anne
109,Bernice
110,Lola
111,Ollie
112,Etta
113,Harriet
114,Iva
115,Amanda
116,Henrietta
117,Ora
118,Inez
119,Jane
120,Susan
121,Lela
122,Rebecca
123,Mollie
124,Estelle
125,Amelia
126,Loretta
127,Sara
128,Goldie
129,Nannie
130,Rachel
131,Betty
132,Marjorie
133,Nina
134,Eula
135,Matilda
136,Essie
137,Eunice
138,Mable
139,Olga
140,Verna
141,Rosie
142,Violet
143,Genevieve
144,Lois
145,Maud
146,Estella
147,Amy
148,Hannah
149,Frieda
150,Barbara
151,Christine
152,Flossie
153,Maria
154,Augusta
155,Belle
156,Alta
157,Sylvia
158,Celia
159,Eliza
160,Victoria
161,Marian
162,Kate
163,Ola
164,Sophia
165,Lulu
166,Allie
167,Freda
168,Naomi
169,Lucile
170,Irma
171,Nell
172,Alberta
173,Sophie
174,Madeline
175,Josie
176,Winifred
177,Jean
178,Luella
179,Ina
180,Janie
181,Norma
182,Elva
183,Vivian
184,Isabel
185,Tillie
186,Callie
187,Mayme
188,Selma
189,Velma
190,Isabelle
191,Erma
192,Leah
193,Doris
194,Winnie
195,Delia
196,Kathleen
197,Virgie
198,Rena
199,Birdie
200,Fern
201,Millie
202,Adeline
203,Geneva
204,Lila
205,Thelma
206,Miriam
207,Hulda
208,Jeanette
209,Teresa
210,Adele
211,Lora
212,Hester
213,Cecelia
214,Sally
215,Elsa
216,Opal
217,Dollie
218,Lelia
219,Sue
220,Bertie
221,Juanita
222,Veronica
223,Johanna
224,Bess
225,Gussie
226,Jeannette
227,Carolyn
228,Leila
229,Katharine
230,Adelaide
231,Roxie
232,Cecilia
233,Regina
234,Elma
235,Zella
236,Gertie
237,Rhoda
238,Leola
239,Bettie
240,Lessie
241,Hallie
242,Roberta
243,Bonnie
244,Cornelia
245,Harriett
246,Mathilda
247,Myra
248,Anita
249,Christina
250,Francis
251,Madge
252,Cleo
253,Lou
254,Hettie
255,Meta
256,Neva
257,Fay
258,Maudie
259,Claire
260,Faye
261,Letha
262,Olivia
263,Louisa
264,Nelle
265,Lorena
266,Nola
267,Cecile
268,Pearlie
269,Corinne
270,Gracie
271,Lilly
272,Muriel
273,Helena
274,Lettie
275,Rita
276,Erna
277,Johnnie
278,Lenora
279,Audrey
280,Lily
281,Wilma
282,Dessie
283,Lee
284,Lucinda
285,Margie
286,Ila
287,Wilhelmina
288,Antoinette
289,Claudia
290,Linda
291,Linnie
292,Vesta
293,Cecil
294,Elnora
295,Elvira
296,Fanny
297,Mina
298,Alvina
299,Dovie
300,Lura
301,Abbie
302,Janet
303,Merle
304,Ophelia
305,Constance
306,Isabella
307,Phoebe
308,Catharine
309,Annette
310,Edythe
311,Myrtie
312,Helene
313,Reba
314,Rosalie
315,Oma
316,Orpha
317,Rosetta
318,Eugenia
319,Angeline
320,Geraldine
321,Rae
322,Zelma
323,Lona
324,Vida
325,Jewell
326,June
327,Dorothea
328,Floy
329,Polly
330,Alpha
331,Cassie
332,Ivy
333,Minerva
334,Chloe
335,Leta
336,Blanch
337,Emilie
338,Marcella
339,Mittie
340,Nona
341,Pansy
342,Angela
343,Dolly
344,Ernestine
345,Georgie
346,Leota
347,Maybelle
348,Ona
349,Golda
350,Phyllis
351,Artie
352,Priscilla
353,Frankie
354,Lenore
355,Mazie
356,Wanda
357,Alva
358,Isabell
359,Jewel
360,John
361,Lina
362,Tessie
363,Aline
364,Malinda
365,Zola
366,Angie
367,Evie
368,Idella
369,Jannie
370,Nan
371,Cynthia
372,Eloise
373,Lyda
374,Leora
375,Vada
376,Lauretta
377,Zora
378,Zula
379,Ava
380,Cordelia
381,Elda
382,Lida
383,Mabelle
384,Angelina
385,Antonia
386,Ione
387,Lennie
388,Mona
389,Rosella
390,Willa
391,Madeleine
392,Mandy
393,Clarice
394,Jeanne
395,Lorene
396,Odessa
397,Eddie
398,Elise
399,Hortense
400,Iona
401,Louella
402,Susanna
403,Clyde
404,Carol
405,Iola
406,Lorraine
407,Mellie
408,Minna
409,Verda
410,Vina
411,Agatha
412,Clare
413,Era
414,Leone
415,Lilla
416,Pearle
417,Bell
418,George
419,Peggy
420,Una
421,Aurelia
422,Molly
423,Tena
424,Tennie
425,Tina
426,Dona
427,Donna
428,Eileen
429,Esta
430,Hilma
431,Iris
432,Nita
433,Eda
434,Elisabeth
435,Jimmie
436,Shirley
437,Albina
438,Annabelle
439,Lilian
440,Adelia
441,Corine
442,Dolores
443,Donnie
444,Ester
445,Hedwig
446,Leonora
447,Lue
448,Melissa
449,Pattie
450,Rhea
451,Rowena
452,Sudie
453,Veda
454,Vernie
455,Aileen
456,Bernadette
457,Beryl
458,Charity
459,Connie
460,Elmira
461,Florida
462,Pinkie
463,Rilla
464,William
465,Bella
466,Hope
467,Margery
468,Melvina
469,Natalie
470,Ursula
471,Avis
472,Emmie
473,Glenna
474,Lovie
475,Marietta
476,Octavia
477,Tommie
478,Yvonne
479,Zona
480,Berta
481,Carmela
482,Ellie
483,Hanna
484,Jettie
485,Paula
486,Savannah
487,Vinnie
488,Belva
489,Dena
490,Margret
491,Maybell
492,Viva
493,Carolina
494,Gretchen
495,Inga
496,Lenna
497,Mallie
498,Patricia
499,Adela
500,Cordie
501,Corrie
502,Eulalia
503,Georgiana
504,Harriette
505,Imogene
506,James
507,Leatha
508,Queen
509,Retta
510,Sadye
511,Tressie
512,Zoe
513,Adah
514,Alda
515,Camille
516,Kittie
517,Lavina
518,Mertie
519,Therese
520,Althea
521,Celeste
522,Claudie
523,Dixie
524,Gail
525,Judith
526,Lavinia
527,Ludie
528,Philomena
529,Winnifred
530,Besse
531,Bridget
532,Ethyl
533,Ettie
534,Magdalena
535,Magnolia
536,Marcia
537,Wilda
538,Adella
539,Camilla
540,Easter
541,Florine
542,Hildur
543,Kitty
544,Mathilde
545,Maye
546,Rosina
547,Altha
548,Carmen
549,Dottie
550,Icie
551,Joanna
552,Johnie
553,Joyce
554,Julie
555,Letitia
556,Louie
557,Lucretia
558,Magdalene
559,Mariah
560,Onie
561,Ramona
562,Sybil
563,Valeria
564,Vallie
565,Enid
566,Gwendolyn
567,Ima
568,Ivah
569,Joan
570,Josefa
571,Magdalen
572,Maurine
573,Ray
574,Reta
575,Rosanna
576,Theodora
577,Zelda
578,Charles
579,Emelia
580,Ethelyn
581,Frank
582,Georgianna
583,Joe
584,Lelah
585,Madie
586,Meda
587,Mercedes
588,Mettie
589,Petra
590,Queenie
591,Robbie
592,Ruthie
593,Tilda
594,Vena
595,Zetta
596,Alida
597,Annetta
598,Bennie
599,Bobbie
600,Eve
601,Freida
602,Loraine
603,Rachael
604,Selina
605,Sophronia
606,Thea
607,Almeda
608,Alyce
609,Arline
610,Delphia
611,Donie
612,Elena
613,Elenora
614,Evalyn
615,Felicia
616,Lonie
617,Lucia
618,Oda
619,Rossie
620,Theo
621,Vergie
622,Anastasia
623,Cathrine
624,Cathryn
625,Clemmie
626,Dagmar
627,Eleanora
628,Elinor
629,Emilia
630,Evangeline
631,Ferne
632,Joy
633,Juana
634,Juliette
635,Leda
636,Malissa
637,Verdie
638,Albertine
639,Arlene
640,Berenice
641,Billie
642,Celestine
643,Corrine
644,Diana
645,Elvie
646,Estell
647,Glenn
648,Huldah
649,Ira
650,Jenny
651,Joseph
652,Lonnie
653,Luna
654,Ocie
655,Paralee
656,Rosemary
657,Signe
658,Ara
659,Arrie
660,Beth
661,Clarissa
662,Clementine
663,Clora
664,Eleanore
665,Elvina
666,Eugenie
667,Garnet
668,Hassie
669,Idell
670,India
671,Kattie
672,Leslie
673,Libbie
674,Lucie
675,Luvenia
676,Margarita
677,Melinda
678,Odie
679,Phebe
680,Sena
681,Sibyl
682,Sigrid
683,Verla
684,Zettie
685,Allene
686,Amie
687,Audra
688,Berdie
689,Bulah
690,Dicie
691,Elaine
692,Eulah
693,Faith
694,Kathrine
695,Mammie
696,Metta
697,Neta
698,Patsy
699,Rosia
700,Sabina
701,Tressa
702,Veva
703,Alene
704,Cordia
705,Elizebeth
706,Exie
707,Florrie
708,Greta
709,Guadalupe
710,Hertha
711,Juliet
712,Laverne
713,Liddie
714,Liza
715,Louvenia
716,Manda
717,Manuela
718,Marvel
719,Monica
720,Nova
721,Ova
722,Robert
723,Rosamond
724,Winona
725,Alvena
726,Amalia
727,Bernadine
728,Dorcas
729,Elfrieda
730,Flo
731,Frona
732,Helga
733,Jessica
734,Lorna
735,Melba
736,Myrtis
737,Novella
738,Palma
739,Rella
740,Rubye
741,Tempie
742,Theodosia
743,Valerie
744,Verona
745,Wilhelmine
746,Arvilla
747,Clifford
748,Coral
749,Dell
750,Ebba
751,Edyth
752,Elna
753,Elta
754,Hellen
755,Hildred
756,Kathryne
757,Leonie
758,Lilah
759,Matie
760,Nella
761,Norah
762,Ottie
763,Roma
764,Rosalia
765,Rosalind
766,Salome
767,Serena
768,Sidney
769,Yetta
770,Adaline
771,Annis
772,Arlie
773,Augustine
774,Betsy
775,Charlie
776,Christena
777,Crystal
778,Eura
779,Gusta
780,Katy
781,Lacy
782,Lala
783,Leanna
784,Nadine
785,Olevia
786,Retha
787,Vertie
788,Adda
789,Amber
790,Annabell
791,Antonette
792,Arizona
793,Consuelo
794,Delma
795,Edwina
796,Eveline
797,Freddie
798,Gena
799,Golden
800,Gretta
801,Hermina
802,Justine
803,Kizzie
804,Lillia
805,Lovina
806,Mannie
807,Margaretta
808,Melva
809,Missouri
810,Myrle
811,Ottilia
812,Pollie
813,Reva
814,Samantha
815,Abigail
816,Adell
817,Alicia
818,Annabel
819,Aurora
820,Beaulah
821,Beula
822,Birtie
823,Delilah
824,Drusilla
825,Eldora
826,Elvera
827,Enola
828,Fae
829,Fred
830,Gertha
831,Glennie
832,Goldia
833,Grayce
834,Harry
835,Hazle
836,Helma
837,Henriette
838,Henry
839,Hessie
840,Hildegarde
841,Honora
842,Izetta
843,Janette
844,Jennette
845,Lella
846,Leontine
847,Lollie
848,Lorine
849,Lular
850,Lutie
851,Madelyn
852,Martina
853,Myrl
854,Ossie
855,Paulina
856,Ura
857,Venus
858,Aida
859,Aletha
860,Almira
861,Audie
862,Aurore
863,Berniece
864,Bethel
865,Buna
866,Carl
867,Clarence
868,Cleora
869,Docia
870,Emeline
871,Emmer
872,Etha
873,Eulalie
874,Filomena
875,Gene
876,Genoveva
877,Leva
878,Libby
879,Lissie
880,Loretto
881,Macie
882,Madaline
883,Mahala
884,Malvina
885,Maryann
886,Mozelle
887,Prudence
888,Rubie
889,Sina
890,Thomas
891,Vella
892,Zita
893,Adelina
894,Adline
895,Aimee
896,Alfreda
897,Altie
898,Christie
899,Claude
900,Deborah
901,Delphine
902,Drucilla
903,Edward
904,Electa
905,Elisa
906,Francisca
907,Garnett
908,Georgina
909,Hasel
910,Hildegard
911,Icy
912,Imo
913,Ivory
914,Jossie
915,Katheryn
916,Luetta
917,Lupe
918,Maxie
919,Mossie
920,Noma
921,Olinda
922,Omie
923,Ressie
924,Thora
925,Twila
926,Velva
927,Vessie
928,Virgia
929,Willia
930,Zena
931,Zilpha
932,Albertha
933,Alleen
934,America
935,Andrea
936,Blossom
937,Cara
938,Classie
939,Corene
940,Daisey
941,Daphne
942,Dean
943,Dee
944,Delila
945,Dillie
946,Dinah
947,Doshia
948,Dulcie
949,Else
950,Emaline
951,Ena
952,Euna
953,Evelina
954,Freeda
955,Fronie
956,Gennie
957,Gerda
958,Isa
959,Laurie
960,Leonore
961,Lorenza
962,Maida
963,Mavis
964,Maxine
965,Maymie
966,Monnie
967,Montie
968,Nelda
969,Nena
970,Nevada
971,Odelia
972,Osa
973,Rosalee
974,Sister
975,Sofia
976,Sula
977,Theresia
978,Trilby
979,Vashti
980,Vassie
981,Verena
982,Verlie
983,Villa
984,Vinie
985,Vivien
986,Adel
987,Alba
988,Anner
989,Arie
990,Atha
991,Attie
992,Bernardine
993,Bula
994,Calla
995,Carry
996,Celina
997,Concetta
998,Dale
999,Dellie
1000,Delpha
