Rank,Name
1,Mary
2,Anna
3,Emma
4,Elizabeth
5,Minnie
6,Margaret
7,Bertha
8,Ida
9,Annie
10,Clara
11,Alice
12,Sarah
13,Grace
14,Florence
15,Martha
16,Ella
17,Nellie
18,Bessie
19,Laura
20,Ethel
21,Carrie
22,Maude
23,Mabel
24,Cora
25,Gertrude
26,Lillian
27,Jennie
28,Hattie
29,Pearl
30,Mattie
31,Edith
32,Eva
33,Rose
34,Julia
35,Helen
36,Catherine
37,Myrtle
38,Louise
39,Lillie
40,Jessie
41,Edna
42,Lena
43,Lula
44,Ada
45,Frances
46,Josephine
47,Fannie
48,Lucy
49,Maggie
50,Daisy
51,Dora
52,Agnes
53,Marie
54,Blanche
55,Nora
56,Katherine
57,May
58,Mamie
59,Stella
60,Effie
61,Rosa
62,Ellen
63,Lizzie
64,Nettie
65,Elsie
66,Della
67,Susie
68,Maud
69,Sadie
70,Mae
71,Nancy
72,Sallie
73,Flora
74,Ruth
75,Lydia
76,Lottie
77,Addie
78,Katie
79,Alma
80,Etta
81,Emily
82,Harriet
83,Viola
84,Georgia
85,Susan
86,Caroline
87,Nannie
88,Lulu
89,Mollie
90,Kate
91,Olive
92,Charlotte
93,Kathryn
94,Amanda
95,Eliza
96,Willie
97,Amelia
98,Belle
99,Esther
100,Irene
101,Ollie
102,Jane
103,Rebecca
104,Theresa
105,Virginia
106,Estella
107,Beulah
108,Augusta
109,Ora
110,Amy
111,Hannah
112,Henrietta
113,Pauline
114,Eleanor
115,Marion
116,Anne
117,Mildred
118,Sara
119,Leona
120,Nina
121,Rachel
122,Lola
123,Iva
124,Ann
125,Matilda
126,Lela
127,Ruby
128,Delia
129,Sophia
130,Mayme
131,Millie
132,Estelle
133,Josie
134,Allie
135,Louisa
136,Lou
137,Dorothy
138,Inez
139,Maria
140,Essie
141,Evelyn
142,Barbara
143,Callie
144,Janie
145,Bettie
146,Beatrice
147,Ola
148,Winifred
149,Hazel
150,Betty
151,Luella
152,Mable
153,Cornelia
154,Nell
155,Rosie
156,Alta
157,Tillie
158,Ina
159,Victoria
160,Bertie
161,Eunice
162,Rena
163,Christine
164,Sophie
165,Verna
166,Celia
167,Dollie
168,Mathilda
169,Hilda
170,Bess
171,Birdie
172,Eula
173,Rhoda
174,Lucinda
175,Harriett
176,Isabelle
177,Leila
178,Mina
179,Adelaide
180,Johanna
181,Lelia
182,Isabel
183,Jean
184,Adeline
185,Lettie
186,Genevieve
187,Myra
188,Olga
189,Selma
190,Abbie
191,Katharine
192,Sylvia
193,Vera
194,Linnie
195,Lois
196,Lora
197,Loretta
198,Nelle
199,Hettie
200,Roxie
201,Violet
202,Mittie
203,Sally
204,Alberta
205,Elva
206,Hester
207,Gladys
208,Hulda
209,Marguerite
210,Bernice
211,Christina
212,Helena
213,Lila
214,Adele
215,Fanny
216,Gussie
217,Sue
218,Cecelia
219,Cynthia
220,Lenora
221,Lucille
222,Phoebe
223,Leah
224,Lura
225,Flossie
226,Teresa
227,Jeanette
228,Hallie
229,Lida
230,Lilly
231,Lily
232,Winnie
233,Virgie
234,Carolyn
235,Claudia
236,Alvina
237,Frieda
238,Emilie
239,Mabelle
240,Naomi
241,Lee
242,Ophelia
243,Zella
244,Francis
245,Isabella
246,Wilhelmina
247,Irma
248,Jeannette
249,Catharine
250,Meta
251,Minerva
252,Cordelia
253,Gertie
254,Goldie
255,Leola
256,Myrtie
257,Linda
258,Lucile
259,Madge
260,Norma
261,Eugenia
262,Geneva
263,Marjorie
264,Roberta
265,Louella
266,Malinda
267,Marian
268,Olivia
269,Annette
270,Antoinette
271,Ivy
272,Janet
273,Lilla
274,Elma
275,Lorena
276,Melissa
277,Adah
278,Dovie
279,John
280,Orpha
281,William
282,Cecilia
283,Dessie
284,Gracie
285,Pearle
286,Rosetta
287,Claire
288,Erma
289,Lina
290,Regina
291,Angie
292,Elnora
293,Mertie
294,Cecile
295,Elsa
296,Kittie
297,Lucretia
298,Mandy
299,Zora
300,Angeline
301,Cassie
302,Georgie
303,Lona
304,Miriam
305,Oma
306,Bell
307,Freda
308,Joanna
309,Lyda
310,Nona
311,Pearlie
312,Polly
313,Vivian
314,Alpha
315,Ila
316,Lessie
317,Maudie
318,Tena
319,Tennie
320,Frankie
321,Madeline
322,Margie
323,Tilda
324,Adelia
325,Dona
326,Dorothea
327,Margret
328,Molly
329,Nola
330,Sudie
331,Ava
332,Charity
333,Emelia
334,Letha
335,Veronica
336,Blanch
337,Bridget
338,Fay
339,Georgianna
340,Maybelle
341,Nan
342,Pansy
343,Almeda
344,Anita
345,Artie
346,Ernestine
347,Evie
348,Hilma
349,Leora
350,Magdalena
351,Mazie
352,Priscilla
353,Savannah
354,Angelina
355,Cleo
356,Elisabeth
357,Elise
358,Elvira
359,Ettie
360,Floy
361,Lavina
362,Louie
363,Marietta
364,Octavia
365,Ona
366,Isabell
367,James
368,Leota
369,Leta
370,Lotta
371,Rosella
372,Velma
373,Vinnie
374,Zula
375,Adda
376,Dolly
377,Ellie
378,Helene
379,Juanita
380,Julie
381,June
382,Lucia
383,Lutie
384,Malissa
385,Pattie
386,Cecil
387,Edythe
388,Georgiana
389,Hortense
390,Letitia
391,Marcia
392,Rae
393,Rilla
394,Rosalie
395,Vina
396,Zoe
397,Angela
398,Clare
399,Eddie
400,Elmira
401,George
402,Johnnie
403,Kathrine
404,Lenna
405,Lucie
406,Myrta
407,Neva
408,Retta
409,Susanna
410,Vida
411,Berta
412,Bonnie
413,Donna
414,Doris
415,Easter
416,Hanna
417,Harriette
418,Kathleen
419,Mellie
420,Melvina
421,Tina
422,Tommie
423,Carolina
424,Corinne
425,Daisie
426,Jimmie
427,Lavinia
428,Liza
429,Lue
430,Mahala
431,Missouri
432,Norah
433,Patsy
434,Willa
435,Albina
436,Cathrine
437,Chloe
438,Corrie
439,Eda
440,Fern
441,Florida
442,Ione
443,Lennie
444,Lovie
445,Ludie
446,Marcella
447,Paula
448,Una
449,Verda
450,Vesta
451,Antonia
452,Charles
453,Eloise
454,Iona
455,Ira
456,Jannie
457,Leonora
458,Manda
459,Muriel
460,Odessa
461,Rosanna
462,Sena
463,Shirley
464,Wilma
465,Bella
466,Clarissa
467,Constance
468,Donnie
469,Frank
470,Hope
471,Joseph
472,Lenore
473,Lilian
474,Luna
475,Malvina
476,Mame
477,Matie
478,Pinkie
479,Samantha
480,Adella
481,Alida
482,Besse
483,Cordie
484,Deborah
485,Dena
486,Dixie
487,Emilia
488,Idella
489,India
490,Joe
491,Kitty
492,Lissie
493,Mona
494,Onie
495,Opal
496,Vada
497,Winnifred
498,Zelma
499,Adela
500,Almira
501,Clementine
502,Delphine
503,Elizebeth
504,Geraldine
505,Judith
506,Libbie
507,Mariah
508,Merle
509,Mintie
510,Odie
511,Philomena
512,Phyllis
513,Reba
514,Rita
515,Vallie
516,Zetta
517,Agatha
518,Albertine
519,America
520,Anastasia
521,Arizona
522,Audrey
523,Aurelia
524,Cathryn
525,Dolores
526,Elda
527,Era
528,Erna
529,Faye
530,Imogene
531,Kizzie
532,Lonie
533,Loula
534,Selina
535,Sina
536,Altha
537,Althea
538,Alvena
539,Alyce
540,Annetta
541,Annis
542,Avis
543,Betsy
544,Clemmie
545,Clyde
546,Corda
547,Dell
548,Donie
549,Genie
550,Golda
551,Inga
552,Iola
553,Jettie
554,Katheryn
555,Lauretta
556,Lelah
557,Phebe
558,Rowena
559,Roxy
560,Zena
561,Arvilla
562,Byrd
563,Camilla
564,Coral
565,Delphia
566,Ethelyn
567,Fredericka
568,Henry
569,Huldah
570,Jeanne
571,Laurel
572,Lea
573,Magdalen
574,Mathilde
575,Melinda
576,Metta
577,Minta
578,Rosina
579,Abigail
580,Adaline
581,Aimee
582,Albert
583,Aline
584,Annabelle
585,Arminta
586,Arrie
587,Camille
588,Celestine
589,Clifford
590,Clora
591,Cordia
592,Delilah
593,Docia
594,Effa
595,Eleanore
596,Emeline
597,Fronie
598,Jenny
599,Leatha
600,Luetta
601,Mallie
602,Margarette
603,Margery
604,Maye
605,Mettie
606,Oda
607,Prudence
608,Robert
609,Sophronia
610,Theodora
611,Tressie
612,Wilda
613,Zada
614,Zona
615,Aurora
616,Bulah
617,Charlie
618,Clarice
619,Corrine
620,Dessa
621,Diana
622,Dicie
623,Emmie
624,Esta
625,Etha
626,Ethyl
627,Fairy
628,Fred
629,Glenna
630,Grayce
631,Juliet
632,Kattie
633,Lelar
634,Lella
635,Lovina
636,Lular
637,Madie
638,Magdalene
639,Matilde
640,Meda
641,Nevada
642,Paralee
643,Queen
644,Ray
645,Roseanna
646,Serena
647,Theodosia
648,Vernie
649,Viva
650,Zola
651,Ardella
652,Birtie
653,Calla
654,Celeste
655,Christena
656,Claudie
657,Connie
658,Delpha
659,Dinah
660,Drucilla
661,Edyth
662,Eleanora
663,Elta
664,Emmer
665,Ester
666,Evalyn
667,Gina
668,Jewel
669,Jo
670,Jossie
671,Juana
672,Leanna
673,Lonnie
674,Louis
675,Louvenia
676,Millicent
677,Natalie
678,Nealie
679,Nita
680,Ottie
681,Ottilie
682,Petra
683,Rachael
684,Robbie
685,Rosamond
686,Salome
687,Sidney
688,Simona
689,Tessie
690,Thora
691,Winona
692,Aileen
693,Albertina
694,Alda
695,Alicia
696,Amalia
697,Angelita
698,Annabel
699,Aura
700,Bama
701,Berenice
702,Beryl
703,Carlotta
704,Carmen
705,Celestia
706,Cleora
707,Clyda
708,Dagmar
709,Dellar
710,Dina
711,Dorcas
712,Drusilla
713,Elenora
714,Elisa
715,Eller
716,Elodie
717,Ema
718,Evalena
719,Florine
720,Francisca
721,Frona
722,Gail
723,Georgina
724,Hedwig
725,Hessie
726,Irena
727,Ivah
728,Josiephine
729,Kathryne
730,Letta
731,Liddie
732,Loraine
733,Luvenia
734,Magnolia
735,Maida
736,Manuela
737,Martina
738,Missie
739,Nelly
740,Netta
741,Ocie
742,Olevia
743,Omie
744,Osa
745,Parthenia
746,Pollie
747,Rhea
748,Rosalia
749,Rosemary
750,Tressa
751,Vannie
752,Vena
753,Venie
754,Ana
755,Anabel
756,Ara
757,Arline
758,Arminda
759,Attie
760,Beatrix
761,Courtney
762,Dana
763,Delila
764,Delta
765,Dorathea
766,Edward
767,Eldora
768,Electa
769,Elenor
770,Elinor
771,Ellis
772,Elmina
773,Elvina
774,Erie
775,Eugenie
776,Euphemia
777,Evaline
778,Evangeline
779,Gertha
780,Glennie
781,Gretchen
782,Icy
783,Iris
784,Isa
785,Jeanie
786,Leda
787,Leonie
788,Leonore
789,Leslie
790,Lesta
791,Levina
792,Lillia
793,Lollie
794,Louetta
795,Margarett
796,Minna
797,Miranda
798,Nanie
799,Neta
800,Ninnie
801,Orah
802,Orrie
803,Osie
804,Ossie
805,Paulina
806,Queenie
807,Ramona
808,Rebekah
809,Rossie
810,Sula
811,Tempie
812,Texie
813,Theo
814,Ursula
815,Vertie
816,Zadie
817,Aggie
818,Aletha
819,Allene
820,Almina
821,Alva
822,Amalie
823,Amie
824,Ammie
825,Arlena
826,Augustine
827,Avie
828,Beaulah
829,Bee
830,Bena
831,Bennie
832,Bird
833,Bula
834,Caldonia
835,Cara
836,Carlie
837,Celina
838,Cena
839,Christie
840,Clarinda
841,Claude
842,Corine
843,David
844,Dee
845,Deliah
846,Doshie
847,Dot
848,Earlie
849,Elfie
850,Emelie
851,Ermine
852,Eugene
853,Eve
854,Evelina
855,Francisquita
856,Georgeanna
857,Glendora
858,Harry
859,Hennie
860,Honora
861,Icie
862,Jeannie
863,Jeffie
864,Jemima
865,Jesse
866,Jessica
867,Joan
868,Josefa
869,Joyce
870,Justine
871,Katharina
872,Leontine
873,Leva
874,Linna
875,Litha
876,Luberta
877,Mabell
878,Macie
879,Madeleine
880,Mammie
881,Mannie
882,Margarita
883,Marget
884,Mariam
885,Marianna
886,Marry
887,Maymie
888,Media
889,Mercedes
890,Minda
891,Myrtice
892,Nella
893,Novella
894,Odelia
895,Ottilia
896,Ova
897,Parlee
898,Patience
899,Patty
900,Pearla
901,Peggy
902,Penelope
903,Pennie
904,Perry
905,Pinkey
906,Rella
907,Reta
908,Rettie
909,Rosia
910,Ruthie
911,Sabina
912,Selena
913,Sister
914,Thea
915,Thelma
916,Theresia
917,Thresa
918,Tom
919,Valeria
920,Aida
921,Alene
922,Alla
923,Alphonsine
924,Alverda
925,Anner
926,Antonette
927,Ardelia
928,Argie
929,Arie
930,Arkie
931,Arletta
932,Arlie
933,Arthur
934,Ason
935,Atha
936,Bea
937,Belva
938,Bert
939,Bettye
940,Biddie
941,Bina
942,Bobbie
943,Caddie
944,Cammie
945,Cappie
946,Caro
947,Cherry
948,Claribel
949,Classie
950,Cloe
951,Corene
952,Daisey
953,Deetta
954,Dillie
955,Dottie
956,Eileen
957,Elaine
958,Elberta
959,Elna
960,Elvie
961,Elza
962,Ether
963,Eudora
964,Eveline
965,Felicie
966,Florrie
967,Franc
968,Frederica
969,Gena
970,Glenn
971,Guadalupe
972,Gusta
973,Hassie
974,Hellen
975,Icey
976,Ines
977,Ivey
978,Izora
979,Jodie
980,Juliette
981,Junia
982,Laney
983,Lanie
984,Lassie
985,Lavenia
986,Leone
987,Leonia
988,Lockie
989,Lorene
990,Lossie
991,Lota
992,Lovey
993,Luisa
994,Lulie
995,Madora
996,Malissie
997,Manie
998,Marianita
999,Mattye
1000,Maybell
