Rank,Name
1,John
2,Robert
3,William
4,James
5,Charles
6,George
7,Joseph
8,Edward
9,Frank
10,Richard
11,Thomas
12,Harold
13,Donald
14,Paul
15,Walter
16,Raymond
17,Henry
18,Jack
19,Arthur
20,Albert
21,Harry
22,Kenneth
23,Ralph
24,Warren
25,David
26,Eugene
27,Howard
28,Clarence
29,Louis
30,Carl
31,Earl
32,Roy
33,Fred
34,Willie
35,Francis
36,Joe
37,Lawrence
38,Ernest
39,Leonard
40,Anthony
41,Stanley
42,Herbert
43,Alfred
44,Samuel
45,Bernard
46,Norman
47,Michael
48,Elmer
49,Daniel
50,Leo
51,Andrew
52,Russell
53,Melvin
54,Edwin
55,Leroy
56,Chester
57,Peter
58,Lloyd
59,Marvin
60,Gerald
61,Frederick
62,Clifford
63,Floyd
64,Herman
65,Theodore
66,Lester
67,Ray
68,Vernon
69,Clyde
70,Vincent
71,Lewis
72,Philip
73,Alvin
74,Leon
75,Milton
76,Charlie
77,Jesse
78,Martin
79,Cecil
80,Glenn
81,Wayne
82,Benjamin
83,Victor
84,Gordon
85,Sam
86,Lee
87,Harvey
88,Wallace
89,Willard
90,Edgar
91,Arnold
92,Oscar
93,Dale
94,Allen
95,Everett
96,Claude
97,Stephen
98,Virgil
99,Roger
100,Wilbur
101,Maurice
102,Marion
103,Gilbert
104,Morris
105,Homer
106,Leslie
107,Roland
108,Johnnie
109,Billy
110,Sidney
111,Douglas
112,Max
113,Manuel
114,Nicholas
115,Hubert
116,Alexander
117,Jessie
118,Eddie
119,Glen
120,Hugh
121,Bill
122,Curtis
123,Luther
124,Irving
125,Jerome
126,Franklin
127,Wesley
128,Julius
129,Horace
130,Steve
131,Calvin
132,Jose
133,Willis
134,Tony
135,Oliver
136,Don
137,Orville
138,Earnest
139,Ben
140,Guy
141,Jerry
142,Edmund
143,Jacob
144,Tom
145,Mike
146,Bruce
147,Jimmie
148,Angelo
149,Alex
150,Lyle
151,Otis
152,Patrick
153,Keith
154,Ronald
155,Archie
156,Delbert
157,Rudolph
158,Clayton
159,Salvatore
160,Clifton
161,Matthew
162,Phillip
163,Wilbert
164,Marshall
165,Jim
166,Ira
167,Junior
168,Dean
169,Clinton
170,Gene
171,Leland
172,Ervin
173,Merle
174,Jay
175,Johnny
176,Ivan
177,Emil
178,Bob
179,Irvin
180,Forrest
181,Bennie
182,Julian
183,Nick
184,Dewey
185,Sylvester
186,Nathan
187,Nathaniel
188,Antonio
189,Wilfred
190,Dennis
191,Rufus
192,Dan
193,Elbert
194,Nelson
195,Owen
196,Seymour
197,Aaron
198,Grover
199,Lowell
200,Alton
201,Woodrow
202,Abraham
203,Ellis
204,Carroll
205,Pete
206,Felix
207,Bert
208,Isaac
209,Lonnie
210,Otto
211,Johnie
212,Mark
213,Grady
214,Ted
215,Elwood
216,Myron
217,August
218,Emmett
219,Murray
220,Percy
221,Wilson
222,Loyd
223,Laurence
224,Malcolm
225,Eldon
226,Rex
227,Wendell
228,Adam
229,Fredrick
230,Norbert
231,Allan
232,Dominick
233,Karl
234,Juan
235,Perry
236,Byron
237,Dominic
238,Roscoe
239,Billie
240,Amos
241,Duane
242,Harley
243,Troy
244,Gerard
245,Mack
246,Adolph
247,Jesus
248,Ross
249,Burton
250,Mario
251,Freddie
252,Neil
253,Erwin
254,Dwight
255,Larry
256,Loren
257,Sherman
258,Aubrey
259,Carlton
260,Doyle
261,Millard
262,Morton
263,Charley
264,Garland
265,Cornelius
266,Preston
267,Boyd
268,Austin
269,Steven
270,Louie
271,Mitchell
272,Wilmer
273,Harlan
274,Grant
275,Tommie
276,Laverne
277,Tommy
278,Reuben
279,Edmond
280,Maynard
281,Joel
282,Simon
283,Carlos
284,Jasper
285,Elton
286,Russel
287,Wade
288,Moses
289,Alan
290,Monroe
291,Will
292,Dallas
293,Darrell
294,Elmo
295,Lynn
296,Roosevelt
297,Jimmy
298,Rodney
299,Francisco
300,Jake
301,Clark
302,Ruben
303,Solomon
304,Emanuel
305,Marcus
306,Ramon
307,Stuart
308,Rocco
309,Dick
310,Harrison
311,Thurman
312,Elvin
313,Cleo
314,Neal
315,Merlin
316,Cleveland
317,Jess
318,Buford
319,Lionel
320,Earle
321,Delmar
322,Irwin
323,Cyril
324,Gus
325,Pedro
326,Odell
327,Patsy
328,Kermit
329,Alfonso
330,Clair
331,Conrad
332,Dave
333,Benny
334,Carmen
335,Alonzo
336,Andy
337,Bruno
338,Vito
339,Wilburn
340,Wiley
341,Clement
342,Armand
343,Hollis
344,Stewart
345,Emery
346,Christopher
347,Eli
348,Jean
349,Ollie
350,Norris
351,Alva
352,Barney
353,Claud
354,Winston
355,Ned
356,Ed
357,Thaddeus
358,Adrian
359,Merrill
360,Weldon
361,Herschel
362,Ellsworth
363,Teddy
364,Alphonse
365,Bobby
366,Ward
367,Reginald
368,Wilford
369,Levi
370,Randolph
371,Sammie
372,Sterling
373,Orval
374,Basil
375,Anton
376,Emory
377,Vern
378,Elijah
379,Roman
380,Forest
381,Lavern
382,Sanford
383,Timothy
384,Noah
385,Jackson
386,Travis
387,Harris
388,Sol
389,Van
390,Luis
391,Hyman
392,Truman
393,Armando
394,Pasquale
395,Emerson
396,Harding
397,Milford
398,Buster
399,Elliott
400,Miles
401,Quentin
402,Abe
403,Saul
404,Shirley
405,Silas
406,Pat
407,Sheldon
408,Winfred
409,Ferdinand
410,Gabriel
411,Salvador
412,Omer
413,Carmine
414,Mervin
415,Darwin
416,Hershel
417,Isadore
418,Burl
419,Marlin
420,Odis
421,Rolland
422,Coy
423,Gale
424,Lorenzo
425,Scott
426,Freeman
427,Frederic
428,Everette
429,Hugo
430,Lyman
431,Aloysius
432,Foster
433,Royce
434,Ulysses
435,Milo
436,Olin
437,Ambrose
438,Bertram
439,Raul
440,Spencer
441,Delmer
442,Alden
443,Denver
444,Mathew
445,Orlando
446,Nolan
447,Royal
448,Bud
449,Casimir
450,Hiram
451,Mary
452,Dudley
453,Gregory
454,Lenard
455,Morgan
456,Wilton
457,Noel
458,Booker
459,Eric
460,Lamar
461,Linwood
462,Gail
463,Hal
464,Guadalupe
465,Randall
466,Cletus
467,Olen
468,Augustus
469,Arlie
470,Houston
471,Harmon
472,Newton
473,Sydney
474,Warner
475,Micheal
476,Emile
477,Fletcher
478,Hobert
479,Luke
480,Ezra
481,Jeff
482,Vance
483,Jefferson
484,Major
485,Rene
486,Verne
487,Dewitt
488,Noble
489,Clay
490,Palmer
491,Riley
492,Blaine
493,Alfredo
494,Evan
495,Phil
496,Roberto
497,Augustine
498,Hoyt
499,Waldo
500,Elroy
501,Harland
502,Columbus
503,Hardy
504,Theron
505,Elias
506,Meyer
507,Mose
508,Trinidad
509,Alberto
510,Chris
511,Dalton
512,Lemuel
513,Coleman
514,Wilber
515,Darrel
516,Elwin
517,Mason
518,Oren
519,Carrol
520,Ora
521,Davis
522,Domenic
523,Israel
524,Reed
525,Domingo
526,Lucien
527,Guido
528,Merton
529,Rafael
530,Raleigh
531,Rupert
532,Albin
533,Justin
534,Hobart
535,Otha
536,Shelby
537,Benedict
538,Bobbie
539,Jewel
540,Lucius
541,Kelly
542,Vaughn
543,Antone
544,Christian
545,Pablo
546,Fernando
547,Isidore
548,Sebastian
549,Anderson
550,Graham
551,Hector
552,Jeremiah
553,Alphonso
554,Bryce
555,Cyrus
556,Fay
557,Miguel
558,Walker
559,Walton
560,Junius
561,Aldo
562,Dante
563,Florian
564,Joshua
565,Nickolas
566,Raymon
567,Terry
568,Carol
569,Gustave
570,Avery
571,Elden
572,Eldred
573,Jonathan
574,Judson
575,Tomas
576,Carlo
577,Dee
578,Dock
579,Lincoln
580,Al
581,Bernice
582,Porter
583,Granville
584,Isiah
585,Julio
586,Edd
587,Napoleon
588,Rogers
589,Jewell
590,Jules
591,Lacy
592,Emilio
593,Joesph
594,Merritt
595,Ottis
596,Sammy
597,Gaylord
598,Haywood
599,Buddy
600,Arden
601,Enoch
602,Rosario
603,Talmadge
604,Arther
605,Maxwell
606,Rudy
607,Seth
608,Taylor
609,Dempsey
610,Romeo
611,Dana
612,Durward
613,Isaiah
614,Rubin
615,Theo
616,Alvie
617,Frances
618,Hilton
619,Roderick
620,Winfield
621,Ernesto
622,Mckinley
623,Americo
624,Matt
625,Asa
626,Bryan
627,Quinton
628,Santo
629,Valentine
630,Beverly
631,Bryant
632,Casimer
633,Danny
634,Eldridge
635,Felipe
636,Garfield
637,Marcel
638,Meredith
639,Otho
640,Raphael
641,Rollin
642,Dorsey
643,Elzie
644,Felton
645,Hermon
646,Orin
647,Alvis
648,Elisha
649,Enrique
650,King
651,Leander
652,Emmitt
653,Lucian
654,Santos
655,Winford
656,Carson
657,Jason
658,Dillard
659,Elmore
660,Enrico
661,Milan
662,Omar
663,Oran
664,Sigmund
665,Clarance
666,Galen
667,Myles
668,Arturo
669,Ernie
670,Franklyn
671,Santiago
672,Frankie
673,Stanford
674,Buck
675,Clare
676,Sherwood
677,Andres
678,Emmet
679,General
680,Rodolfo
681,Urban
682,Abner
683,Claudie
684,Elwyn
685,Ignatius
686,Lon
687,Benjiman
688,Bernie
689,Bertrand
690,Gregorio
691,Haskell
692,Alford
693,Carlyle
694,Dorothy
695,Estel
696,Gaetano
697,Leeroy
698,Edison
699,Gary
700,Jennings
701,Lafayette
702,Logan
703,Miller
704,Orvil
705,Oswald
706,Pearl
707,Bennett
708,Bradford
709,Early
710,Elliot
711,Elvis
712,Johnson
713,Loyal
714,Normand
715,Abel
716,Brooks
717,Chauncey
718,Connie
719,Ignacio
720,Kevin
721,Shelton
722,Boyce
723,Carter
724,Cloyd
725,Domenick
726,Evert
727,Mortimer
728,Reynold
729,Carleton
730,Constantine
731,Lupe
732,Prince
733,Blair
734,Doris
735,Harden
736,Mahlon
737,Casper
738,Craig
739,Dexter
740,Ivory
741,Loy
742,Melton
743,Oral
744,Virgle
745,Ford
746,Garrett
747,Ike
748,Jordan
749,Norwood
750,Addison
751,Aron
752,Arvil
753,Berry
754,Burt
755,Garnett
756,Hayward
757,Jerald
758,Margarito
759,Theadore
760,Arvel
761,Crawford
762,Evans
763,Garth
764,Glendon
765,Rowland
766,Vernie
767,Winton
768,Dayton
769,Sandy
770,Smith
771,Sylvan
772,Benito
773,Cary
774,Cleon
775,Duncan
776,Howell
777,June
778,Thornton
779,Vicente
780,Audrey
781,Barton
782,Gilberto
783,Hamilton
784,Hazel
785,Lois
786,Merl
787,Nicolas
788,Ruby
789,Turner
790,Alois
791,Arvid
792,Gustav
793,Hardin
794,Hiroshi
795,Jonas
796,Lauren
797,Newell
798,Richmond
799,Yoshio
800,Edsel
801,Orrin
802,Rueben
803,Thurston
804,Carmelo
805,Claire
806,Clem
807,Hillard
808,Kent
809,Lonzo
810,Mac
811,Rayford
812,Vergil
813,Watson
814,Alejandro
815,Angel
816,Armond
817,Fredric
818,Hayden
819,Lawerence
820,Murry
821,Orland
822,Regis
823,Webster
824,Wm
825,Alec
826,Angus
827,Delton
828,Donovan
829,Gaston
830,Obie
831,Reynaldo
832,Stanton
833,Vester
834,Adolphus
835,Carey
836,Foy
837,Hans
838,Leopold
839,Madison
840,Malvin
841,Milburn
842,Terence
843,Daryl
844,Denzil
845,Donal
846,Kendall
847,Kyle
848,Newman
849,Benton
850,Emmit
851,Furman
852,Helen
853,Parker
854,Reese
855,Toshio
856,Adelbert
857,Ardell
858,Ivy
859,Lambert
860,Llewellyn
861,Murphy
862,Norval
863,Nunzio
864,Pierce
865,Reid
866,Tracy
867,Vivian
868,Beryl
869,Bradley
870,Burnell
871,Fritz
872,Glenwood
873,Leamon
874,Lorin
875,Rodger
876,Verl
877,Durwood
878,Elza
879,Hilbert
880,Lawson
881,Mariano
882,Verlin
883,Verner
884,Clemens
885,Clovis
886,Ellwood
887,Jones
888,Linus
889,Loran
890,Allie
891,Artis
892,Blake
893,Bonnie
894,Cameron
895,Cleve
896,Enos
897,Finis
898,Henderson
899,Waymon
900,Wyman
901,Allison
902,Brady
903,Elgin
904,Gino
905,Kay
906,Masao
907,Silvio
908,Terrence
909,Washington
910,Welton
911,Werner
912,Zack
913,Cedric
914,Eduardo
915,Kennith
916,Maxie
917,Merwin
918,Pierre
919,Thad
920,Arlo
921,Artie
922,Burley
923,Cruz
924,Dwayne
925,Golden
926,Huey
927,Issac
928,Kirby
929,Lindsey
930,Ruth
931,Gayle
932,Hampton
933,Kazuo
934,Merlyn
935,Murl
936,Norton
937,Whitney
938,Zane
939,Ewell
940,Ezekiel
941,Gardner
942,Garold
943,Hosea
944,Marcos
945,Melville
946,Mitchel
947,Olan
948,Porfirio
949,Wilfrid
950,Godfrey
951,Laurel
952,Verle
953,Agustin
954,Cosmo
955,Glynn
956,Harrell
957,Ludwig
958,Manley
959,Ricardo
960,Tillman
961,Tim
962,Dewayne
963,Joyce
964,Kiyoshi
965,Marcellus
966,Margaret
967,Nello
968,Oris
969,Quincy
970,Reno
971,Rosevelt
972,Worth
973,Arne
974,Clint
975,Earlie
976,Garvin
977,Giles
978,Judge
979,Mickey
980,Wardell
981,Archibald
982,Arvin
983,Chalmer
984,Farris
985,Federico
986,Lucious
987,Luverne
988,Ocie
989,Reinhold
990,Williams
991,Adolf
992,Art
993,Fidel
994,Garnet
995,Hideo
996,Junious
997,Marco
998,Minoru
999,Odie
1000,Olaf
