Rank,Name
1,John
2,William
3,James
4,George
5,Robert
6,Joseph
7,Charles
8,Frank
9,Edward
10,Thomas
11,Henry
12,Walter
13,Harry
14,Willie
15,Albert
16,Harold
17,Paul
18,Arthur
19,Raymond
20,Richard
21,Louis
22,Fred
23,Clarence
24,Ralph
25,Jack
26,Carl
27,David
28,Howard
29,Joe
30,Samuel
31,Roy
32,Ernest
33,Francis
34,Earl
35,Anthony
36,Donald
37,Lawrence
38,Michael
39,Alfred
40,Kenneth
41,Herbert
42,Andrew
43,Eugene
44,Stanley
45,Charlie
46,Leonard
47,Sam
48,Elmer
49,Herman
50,Peter
51,Leo
52,Frederick
53,Daniel
54,Bernard
55,Russell
56,Theodore
57,Floyd
58,Chester
59,Leroy
60,Edwin
61,Clyde
62,Clifford
63,Norman
64,Benjamin
65,Lester
66,Lewis
67,Lee
68,Oscar
69,Philip
70,Milton
71,Ray
72,Jesse
73,Melvin
74,Lloyd
75,Martin
76,Cecil
77,Leon
78,Eddie
79,Jessie
80,Vincent
81,Victor
82,Marvin
83,Edgar
84,Stephen
85,Morris
86,Ben
87,Claude
88,Gerald
89,Alvin
90,Johnnie
91,Harvey
92,Sidney
93,Irving
94,Alexander
95,Homer
96,Vernon
97,Gordon
98,Allen
99,Maurice
100,Luther
101,Wilbur
102,Everett
103,Gilbert
104,Julius
105,Tom
106,Max
107,Virgil
108,Arnold
109,Nathan
110,Marion
111,Glenn
112,Manuel
113,Warren
114,Willard
115,Oliver
116,Jacob
117,Leslie
118,Curtis
119,Hubert
120,Nicholas
121,Hugh
122,Otis
123,Horace
124,Abraham
125,Earnest
126,Wayne
127,Archie
128,Patrick
129,Alex
130,Jose
131,Wesley
132,Wallace
133,Steve
134,Jim
135,Bill
136,Guy
137,Jimmie
138,Mike
139,Roger
140,Jerry
141,Ira
142,Edmund
143,Isaac
144,Willis
145,Glen
146,Orville
147,Roland
148,Rufus
149,Will
150,Otto
151,Bennie
152,Franklin
153,Matthew
154,Sylvester
155,Rudolph
156,Emil
157,Calvin
158,Lonnie
159,Jerome
160,Phillip
161,Nathaniel
162,Tony
163,Clifton
164,Dan
165,Clayton
166,Salvatore
167,Mack
168,Roosevelt
169,Elbert
170,Adam
171,Aaron
172,Johnie
173,Percy
174,Angelo
175,Nelson
176,Clinton
177,Marshall
178,Bert
179,Felix
180,Grady
181,Douglas
182,Amos
183,Wilfred
184,Don
185,Ellis
186,Wilbert
187,Antonio
188,August
189,Dennis
190,Ed
191,Irvin
192,Adolph
193,Charley
194,Alton
195,Karl
196,Owen
197,Bruce
198,Forrest
199,Juan
200,Julian
201,Perry
202,Tommie
203,Dale
204,Johnny
205,Ervin
206,Pete
207,Mark
208,Emmett
209,Delbert
210,Malcolm
211,Ross
212,Murray
213,Cornelius
214,Hyman
215,Ivan
216,Loyd
217,Simon
218,Ronald
219,Dave
220,Nick
221,Solomon
222,Wilson
223,Alonzo
224,Lyle
225,Moses
226,Preston
227,Leland
228,Roscoe
229,Jay
230,Emanuel
231,Sherman
232,Dominic
233,Laurence
234,Woodrow
235,Dominick
236,Merle
237,Elwood
238,Grover
239,Jasper
240,Carroll
241,Booker
242,Buster
243,Cleveland
244,Jake
245,Ollie
246,Reuben
247,Carlton
248,Aubrey
249,Dewey
250,Jess
251,Elmo
252,Lowell
253,Myron
254,Gene
255,Allan
256,Austin
257,Freddie
258,Gus
259,Millard
260,Troy
261,Barney
262,Mary
263,Claud
264,Ted
265,Byron
266,Fredrick
267,Abe
268,Dean
269,Elijah
270,Wendell
271,Erwin
272,Larry
273,Edmond
274,Monroe
275,Clement
276,Louie
277,Gerard
278,Kermit
279,Harley
280,Timothy
281,Dwight
282,Garland
283,Isadore
284,Levi
285,Reginald
286,Boyd
287,Forest
288,Burton
289,Christopher
290,Earle
291,Francisco
292,Harrison
293,Noah
294,Rex
295,Alphonse
296,Eli
297,Mose
298,Jesus
299,Mitchell
300,Cleo
301,Elvin
302,Sol
303,Wade
304,Wilmer
305,Anton
306,Loren
307,Ward
308,Bob
309,Jeff
310,Odell
311,Pedro
312,Cyril
313,Pasquale
314,Emory
315,Lionel
316,Patsy
317,Ramon
318,Randolph
319,Steven
320,Wiley
321,Morton
322,Tommy
323,Clair
324,Conrad
325,Emery
326,Russel
327,Spencer
328,Alfonso
329,Basil
330,Carlos
331,Rocco
332,Thurman
333,Wilford
334,Clark
335,Grant
336,Lynn
337,Al
338,Elton
339,Freeman
340,Eldon
341,Marcus
342,Ned
343,Stewart
344,Andy
345,Harlan
346,Meyer
347,Neal
348,Sammie
349,Bud
350,Lorenzo
351,Luke
352,Maynard
353,Foster
354,Scott
355,Hollis
356,Keith
357,Emerson
358,Hugo
359,Joel
360,Rodney
361,Ruben
362,Silas
363,Alva
364,Armand
365,Ellsworth
366,Neil
367,Vito
368,Hiram
369,Merrill
370,Roman
371,Saul
372,Anderson
373,Carmen
374,Elliott
375,Irwin
376,Mario
377,Milford
378,Weldon
379,Adrian
380,Alan
381,Dock
382,Norbert
383,Odis
384,Orval
385,Bruno
386,Emile
387,Morgan
388,Sydney
389,Augustus
390,Buford
391,Columbus
392,Delmar
393,Isidore
394,Van
395,Bertram
396,Clay
397,Doyle
398,Isiah
399,Dallas
400,Ferdinand
401,Fletcher
402,Harris
403,Ulysses
404,Benny
405,Carmine
406,Major
407,Miles
408,Truman
409,Aloysius
410,Maxwell
411,Pat
412,Rubin
413,Sanford
414,Seymour
415,Wilburn
416,Herschel
417,Napoleon
418,Oren
419,Stuart
420,Gabriel
421,Jefferson
422,Jules
423,Norris
424,Riley
425,Sterling
426,Alden
427,Buck
428,Ezra
429,Helen
430,Jackson
431,Judson
432,Elias
433,Jimmy
434,Laverne
435,Luis
436,Lyman
437,Mathew
438,Milo
439,Noble
440,Taylor
441,Enoch
442,Jean
443,Porter
444,Vern
445,Waldo
446,Chris
447,Edd
448,Hal
449,Joshua
450,Newton
451,Noel
452,Ambrose
453,Billy
454,Gustave
455,Ora
456,Palmer
457,Christian
458,Dudley
459,Kelly
460,Linwood
461,Dee
462,Frederic
463,Haywood
464,Israel
465,Jewell
466,Matt
467,Thaddeus
468,Travis
469,Coy
470,Rene
471,Darrell
472,Emmet
473,Garfield
474,Granville
475,Ike
476,Jewel
477,Lenard
478,Mervin
479,Micheal
480,Theron
481,Billie
482,Carson
483,Dewitt
484,Dick
485,Hoyt
486,Jeremiah
487,Lucius
488,Vance
489,Coleman
490,Frances
491,Gregory
492,Lucien
493,Miguel
494,Olin
495,Royal
496,Rudy
497,Arther
498,Connie
499,Eric
500,Hector
501,Marlin
502,Rosevelt
503,Shirley
504,Wilber
505,Winston
506,Allie
507,Arlie
508,Cletus
509,Houston
510,Junius
511,Lincoln
512,Romeo
513,Sigmund
514,Casey
515,Elzie
516,Isaiah
517,Junior
518,Lucian
519,Merlin
520,Merton
521,Pearl
522,Raleigh
523,Randall
524,Walker
525,Augustine
526,King
527,Lemuel
528,Lindsey
529,Nolan
530,Otho
531,Winfield
532,Wm
533,Alphonso
534,Davis
535,Dorothy
536,Harmon
537,Hermon
538,Hershel
539,Ivory
540,Jonas
541,Lacy
542,Otha
543,Pablo
544,Prince
545,Rolland
546,Theo
547,Webster
548,Abel
549,Alford
550,Antone
551,Early
552,Emmitt
553,Hardy
554,Josh
555,Mason
556,Olen
557,Omer
558,Raphael
559,Rosario
560,Rupert
561,Shelby
562,Casimir
563,Cyrus
564,Evan
565,Guadalupe
566,Ignatius
567,Lamar
568,Nat
569,Oswald
570,Phil
571,Reed
572,Ruby
573,Ruth
574,Terry
575,Valentine
576,Wilton
577,Alberto
578,Burl
579,Carlo
580,Graham
581,Gustav
582,Margaret
583,Vaughn
584,Alfredo
585,Alois
586,Bernie
587,Duane
588,Elisha
589,Everette
590,Fay
591,Hazel
592,Hobart
593,Mildred
594,Miller
595,Orlando
596,Vernie
597,Carter
598,Clare
599,Crawford
600,Dana
601,Hans
602,Hilton
603,Hobert
604,Obie
605,Aron
606,Asa
607,Benedict
608,Bennett
609,Bernice
610,Carmelo
611,Casimer
612,Chas
613,Delmer
614,Duncan
615,Felipe
616,Gary
617,Harland
618,Issac
619,Jason
620,Justin
621,Leander
622,Rafael
623,Sheldon
624,Andres
625,Bonnie
626,Casper
627,Clarance
628,Curley
629,Elmore
630,Elwin
631,Gaston
632,Hamilton
633,Jonathan
634,Jonnie
635,Julio
636,Lavern
637,Lawson
638,Newell
639,Sandy
640,Sylvan
641,Turner
642,Vivian
643,Walton
644,Albin
645,Americo
646,Angus
647,Benton
648,Berry
649,Beverly
650,Blaine
651,Clem
652,Cleve
653,Dalton
654,Domenic
655,Durward
656,Elroy
657,Gail
658,Garrett
659,Ludwig
660,Rogers
661,Royce
662,Salvador
663,Taft
664,Talmadge
665,Tim
666,Winfred
667,Adolphus
668,Allison
669,Alvis
670,Avery
671,Bradford
672,Burt
673,Carleton
674,Eldred
675,Eldridge
676,Felton
677,Gale
678,Haskell
679,Henery
680,Mac
681,Oral
682,Orin
683,Raymon
684,Regis
685,Rose
686,Seth
687,Sherwood
688,Williams
689,Abram
690,Alvie
691,Boyce
692,Bradley
693,Brady
694,Cary
695,Cliff
696,Denver
697,Evans
698,Fulton
699,Lawyer
700,Madison
701,Omar
702,Stanford
703,Teddy
704,Vincenzo
705,Watson
706,Wyman
707,Addison
708,Anna
709,Artie
710,Brown
711,Bryant
712,Cloyd
713,Domingo
714,Doris
715,Dorsey
716,Ernie
717,Florence
718,Hampton
719,Howell
720,Lucious
721,Mahlon
722,Marcel
723,Mckinley
724,Murry
725,Richmond
726,Rodger
727,Sammy
728,Sebastian
729,Tomas
730,Vester
731,Warner
732,Alf
733,Arden
734,Arvil
735,Benjiman
736,Darwin
737,Domenick
738,Emilio
739,Garnett
740,Hayden
741,Joesph
742,Jones
743,Junious
744,Leopold
745,Levy
746,Marie
747,Maxie
748,Merritt
749,Mitchel
750,Oran
751,Pierce
752,Quincy
753,Santo
754,Silvio
755,Thornton
756,Unknown
757,Waymon
758,Wylie
759,Armando
760,Benito
761,Bertrand
762,Earlie
763,Edison
764,Elizabeth
765,Enrique
766,Ernesto
767,Estel
768,Fernando
769,Fidel
770,Florian
771,Ford
772,Gaetano
773,Giles
774,Gregorio
775,Huston
776,Johnson
777,Jonah
778,Kent
779,Kirby
780,Louise
781,Moe
782,Mortimer
783,Murphy
784,Nels
785,Odie
786,Ottis
787,Raul
788,Reinhold
789,Rudolf
790,Smith
791,Vicente
792,Washington
793,Acie
794,Antoine
795,Arch
796,Cedric
797,Chauncey
798,Dillard
799,Eino
800,Elden
801,Elliot
802,Elza
803,Enos
804,Ethel
805,Golden
806,Hughie
807,Hunter
808,Llewellyn
809,Logan
810,Melville
811,Myer
812,Norton
813,Norwood
814,Ozie
815,Price
816,Ricardo
817,Roderick
818,Rueben
819,Santos
820,Tracy
821,Wellington
822,Wilfrid
823,Zack
824,Adelbert
825,Alvah
826,Arvid
827,Ashley
828,Bart
829,Buddy
830,Chalmer
831,Clint
832,Colie
833,Constantine
834,Cruz
835,Dexter
836,Einar
837,Emmit
838,Ennis
839,Ewell
840,Ezekiel
841,Ezell
842,Furman
843,Gaylord
844,General
845,Hayward
846,Henderson
847,Hezekiah
848,Kelley
849,Lonie
850,Meredith
851,Nickolas
852,Ocie
853,Rowland
854,Santiago
855,Wyatt
856,Abner
857,Alec
858,Alfonse
859,Alice
860,Anastacio
861,Archibald
862,Blair
863,Brooks
864,Bryan
865,Caleb
866,Cameron
867,Delmas
868,Duke
869,Eduardo
870,Elsie
871,Elvis
872,Evert
873,Franklyn
874,Fritz
875,Green
876,Hayes
877,Ignacio
878,Judge
879,Lorenza
880,Lovell
881,Marcellus
882,Margarito
883,Mariano
884,Myles
885,Opal
886,Parker
887,Reese
888,Roberto
889,Rosendo
890,Sumner
891,Theadore
892,Toivo
893,Tomie
894,Werner
895,Winthrop
896,Aldo
897,Alma
898,Alonza
899,Beryl
900,Carey
901,Claire
902,Elgin
903,Elie
904,Ellwood
905,Essie
906,Farris
907,Frankie
908,Gladys
909,Hallie
910,Henri
911,Holland
912,Ida
913,Josephine
914,Monte
915,Olan
916,Osborne
917,Rollie
918,Sim
919,Son
920,Sonny
921,Stacy
922,Thurston
923,Titus
924,West
925,Adolf
926,Amerigo
927,Arne
928,Artis
929,Arturo
930,Arvel
931,Audrey
932,Auther
933,Barton
934,Bascom
935,Claudie
936,Clovis
937,Dawson
938,Dayton
939,Denzil
940,Doc
941,Eligah
942,Enrico
943,Ephraim
944,Esther
945,Gasper
946,Gertrude
947,Grace
948,Guido
949,Gussie
950,Hilliard
951,Hosea
952,Jennings
953,Lafayette
954,Lambert
955,Leamon
956,Lennie
957,Lenord
958,Leonardo
959,Lillian
960,Lon
961,Lonzo
962,Loyal
963,Lucille
964,Manley
965,Olaf
966,Orrin
967,Quentin
968,Ransom
969,Rayford
970,Stanton
971,Talmage
972,Tillman
973,Tyler
974,Urban
975,Verlin
976,Verne
977,Verner
978,Wash
979,Waverly
980,Wayman
981,Worth
982,Algie
983,Angel
984,Baxter
985,Bee
986,Bertie
987,Bishop
988,Blake
989,Blas
990,Bobbie
991,Bobby
992,Camille
993,Carol
994,Cleon
995,Cornell
996,Cullen
997,Darrel
998,Denis
999,Donovan
1000,Finis
