Rank,Name
1,Michael
2,James
3,David
4,Robert
5,John
6,William
7,Mark
8,Richard
9,Thomas
10,Steven
11,Charles
12,Joseph
13,Gary
14,Kenneth
15,Donald
16,Daniel
17,Ronald
18,Paul
19,Timothy
20,Kevin
21,Jeffrey
22,Larry
23,Gregory
24,Stephen
25,Edward
26,Brian
27,Anthony
28,Dennis
29,George
30,Douglas
31,Randy
32,Scott
33,Terry
34,Bruce
35,Jerry
36,Keith
37,Peter
38,Frank
39,Raymond
40,Ricky
41,Patrick
42,Roger
43,Christopher
44,Steve
45,Danny
46,Lawrence
47,Wayne
48,Alan
49,Carl
50,Dale
51,Gerald
52,Jeffery
53,Mike
54,Russell
55,Craig
56,Andrew
57,Joe
58,Walter
59,Randall
60,Eric
61,Johnny
62,Glenn
63,Willie
64,Billy
65,Roy
66,Arthur
67,Jack
68,Philip
69,Martin
70,Rodney
71,Tony
72,Barry
73,Ronnie
74,Harold
75,Henry
76,Ralph
77,Jimmy
78,Bobby
79,Phillip
80,Curtis
81,Stanley
82,Samuel
83,Matthew
84,Albert
85,Micheal
86,Louis
87,Rick
88,Jay
89,Howard
90,Darrell
91,Allen
92,Eugene
93,Dean
94,Leonard
95,Eddie
96,Jeff
97,Vincent
98,Victor
99,Frederick
100,Harry
101,Ernest
102,Tommy
103,Fred
104,Joel
105,Lee
106,Jim
107,Bradley
108,Rickey
109,Jose
110,Jon
111,Marvin
112,Ray
113,Melvin
114,Calvin
115,Bryan
116,Tom
117,Don
118,Norman
119,Chris
120,Tim
121,Dan
122,Earl
123,Bill
124,Jonathan
125,Mitchell
126,Jerome
127,Greg
128,Francis
129,Glen
130,Clifford
131,Alfred
132,Theodore
133,Jesse
134,Edwin
135,Clarence
136,Duane
137,Bernard
138,Benjamin
139,Marc
140,Gordon
141,Kurt
142,Reginald
143,Todd
144,Alvin
145,Perry
146,Karl
147,Warren
148,Leroy
149,Guy
150,Kent
151,Herbert
152,Nicholas
153,Brad
154,Dave
155,Kirk
156,Leslie
157,Lonnie
158,Garry
159,Dwight
160,Wesley
161,Vernon
162,Kim
163,Gilbert
164,Lloyd
165,Juan
166,Leon
167,Kelly
168,Robin
169,Gene
170,Floyd
171,Bob
172,Darryl
173,Carlos
174,Brent
175,Kerry
176,Clyde
177,Donnie
178,Jackie
179,Daryl
180,Franklin
181,Neil
182,Lewis
183,Lester
184,Manuel
185,Ted
186,Dana
187,Allan
188,Gregg
189,Gerard
190,Leo
191,Jimmie
192,Randal
193,Charlie
194,Stuart
195,Tyrone
196,Maurice
197,Ruben
198,Milton
199,Randolph
200,Marty
201,Aaron
202,Freddie
203,Rex
204,Herman
205,Antonio
206,Terrence
207,Johnnie
208,Ron
209,Harvey
210,Lynn
211,Alexander
212,Arnold
213,Byron
214,Nathaniel
215,Nathan
216,Roland
217,Oscar
218,Neal
219,Ricardo
220,Chester
221,Ken
222,Lance
223,Tracy
224,Mario
225,Wade
226,Luis
227,Wendell
228,Marshall
229,Clinton
230,Kenny
231,Cecil
232,Sam
233,Jessie
234,Andre
235,Clifton
236,Fredrick
237,Terrance
238,Joey
239,Dwayne
240,Marcus
241,Kyle
242,Claude
243,Clayton
244,Andy
245,Hugh
246,Carlton
247,Ross
248,Mickey
249,Derrick
250,Nelson
251,Rocky
252,Shawn
253,Alex
254,Doug
255,Benny
256,Wallace
257,Ben
258,Jesus
259,Sidney
260,Raul
261,Lyle
262,Rickie
263,Roberto
264,Hector
265,Kelvin
266,Sammy
267,Terence
268,Cary
269,Troy
270,Francisco
271,Sean
272,Edgar
273,Morris
274,Rudy
275,Roderick
276,Geoffrey
277,Frankie
278,Miguel
279,Max
280,Everett
281,Angelo
282,Nick
283,Derek
284,Bradford
285,Ramon
286,Virgil
287,Otis
288,Edmund
289,Myron
290,Bennie
291,Elmer
292,Armando
293,Brett
294,Loren
295,Pete
296,Felix
297,Darrel
298,Grant
299,Clark
300,Ira
301,Willard
302,Pat
303,Earnest
304,Chuck
305,Monte
306,Pedro
307,Marion
308,Salvatore
309,Timmy
310,Laurence
311,Sylvester
312,Elvis
313,Clay
314,Julius
315,Roosevelt
316,Luther
317,Ivan
318,Stewart
319,Angel
320,Matt
321,Rudolph
322,Teddy
323,Delbert
324,Alton
325,Lorenzo
326,Malcolm
327,Rene
328,Archie
329,Jeffry
330,Horace
331,Jacob
332,Fernando
333,Hal
334,Isaac
335,Preston
336,Sherman
337,Gerry
338,Doyle
339,Jerald
340,Phil
341,Wilbert
342,Dexter
343,Hubert
344,Leland
345,Rodger
346,Rory
347,Drew
348,Tommie
349,Monty
350,Adrian
351,Stephan
352,Vance
353,Carey
354,Forrest
355,Van
356,Scot
357,Julian
358,Oliver
359,Alfredo
360,Lowell
361,Willis
362,Jaime
363,Jamie
364,Rusty
365,Stevie
366,Curt
367,Jason
368,Dominic
369,Ed
370,Adam
371,Jan
372,Dewayne
373,Arturo
374,Jorge
375,Sheldon
376,Ernie
377,Freddy
378,Ervin
379,Alfonso
380,Rufus
381,Homer
382,Owen
383,Cedric
384,Mack
385,Clint
386,Unknown
387,Denis
388,Jody
389,Shane
390,Rafael
391,Ellis
392,Boyd
393,Al
394,Gabriel
395,Wilbur
396,Darwin
397,Kendall
398,Alberto
399,Carroll
400,Grady
401,Noel
402,Alonzo
403,Aubrey
404,Robbie
405,Dirk
406,Casey
407,Dallas
408,Dewey
409,Kris
410,Elbert
411,Kirby
412,Ronny
413,Travis
414,Wilson
415,Buddy
416,Dane
417,Orlando
418,Percy
419,Darnell
420,Blaine
421,Bert
422,Louie
423,Cornelius
424,Ernesto
425,Lionel
426,Royce
427,Bryant
428,Christian
429,Salvador
430,Erik
431,Rod
432,Edmond
433,Javier
434,Conrad
435,Joesph
436,Dominick
437,Elton
438,Enrique
439,Miles
440,Stan
441,Evan
442,Wilfred
443,Emmett
444,Irvin
445,Julio
446,Rodolfo
447,Justin
448,Sammie
449,Denny
450,Marlon
451,Luke
452,Cleveland
453,Alphonso
454,Zachary
455,Blake
456,Randell
457,Cory
458,Michel
459,Reed
460,Lamar
461,Cameron
462,Ryan
463,Wyatt
464,Marlin
465,Spencer
466,Abraham
467,Donny
468,Joshua
469,Jess
470,Barney
471,Garland
472,Bart
473,Bryon
474,Harlan
475,Colin
476,Murray
477,Moses
478,Norris
479,Emanuel
480,Guadalupe
481,Galen
482,Corey
483,Damon
484,Seth
485,Eduardo
486,Ned
487,Reynaldo
488,Winston
489,Merle
490,Rocco
491,Mathew
492,Rob
493,Amos
494,Chad
495,Toby
496,Cliff
497,Sterling
498,Christophe
499,Junior
500,Reuben
501,Austin
502,Woodrow
503,Carmen
504,Abel
505,Blair
506,Lon
507,Orville
508,Harley
509,Bennett
510,Eddy
511,Irving
512,Cornell
513,Dino
514,Lamont
515,Dannie
516,Grover
517,Russ
518,Billie
519,Elijah
520,Erwin
521,Kennith
522,Ramiro
523,Will
524,Elliott
525,Sandy
526,Eldon
527,Gilberto
528,Pablo
529,Rolando
530,Thaddeus
531,Lonny
532,Ian
533,Terrell
534,Alejandro
535,Danial
536,Simon
537,Mitch
538,Duncan
539,Jordan
540,Linwood
541,Shaun
542,Kip
543,Harrison
544,Mitchel
545,Dick
546,Tomas
547,Garrett
548,Vaughn
549,Felipe
550,Reggie
551,Russel
552,Burton
553,Donnell
554,Stacy
555,Bret
556,Ismael
557,Mikel
558,Sergio
559,Pierre
560,Loyd
561,Reid
562,Emil
563,Frederic
564,Roscoe
565,Audie
566,Jeremiah
567,Morgan
568,Tod
569,Nolan
570,Lanny
571,Andres
572,Mary
573,Lane
574,August
575,Elvin
576,Vince
577,Scotty
578,Gus
579,Dwain
580,Israel
581,Levi
582,Bernie
583,Bobbie
584,Kurtis
585,Norbert
586,Weldon
587,Donn
588,Jonathon
589,Kermit
590,Jasper
591,Odell
592,Ward
593,Winfred
594,Wiley
595,Gerardo
596,Roman
597,Zane
598,Jean
599,Trent
600,Sanford
601,Solomon
602,Ulysses
603,Domingo
604,Rogelio
605,Vern
606,Jefferson
607,Shannon
608,Brady
609,Lyndon
610,Avery
611,Dudley
612,Guillermo
613,Ivory
614,Lenny
615,Hank
616,Kimberly
617,Nicky
618,Gale
619,Jake
620,Rock
621,Wilfredo
622,Noah
623,Otto
624,Jerrold
625,Kenton
626,Sonny
627,Robby
628,Santos
629,Emilio
630,Lindsey
631,Merrill
632,Tad
633,Coy
634,Emory
635,Barton
636,Merlin
637,Garth
638,Art
639,Brendan
640,Elwood
641,Bryce
642,Elias
643,Elliot
644,Marco
645,Fredric
646,Val
647,Riley
648,Thurman
649,Tyler
650,Carter
651,Hans
652,Vito
653,Jerold
654,Saul
655,Jacky
656,Anton
657,Lenard
658,Rich
659,Adolph
660,Delmar
661,Efrain
662,Stanford
663,Millard
664,Benito
665,Humberto
666,Shelton
667,Brandon
668,Bud
669,Del
670,Errol
671,Jackson
672,Clement
673,Eli
674,Hiram
675,Shelby
676,Randel
677,Emery
678,Keven
679,Monroe
680,Les
681,Armand
682,Charley
683,Hollis
684,Jarvis
685,Davis
686,Gil
687,Harris
688,Santiago
689,Carmine
690,Kirt
691,Xavier
692,Butch
693,Ricki
694,Erick
695,Burt
696,Jed
697,Linda
698,Tab
699,Isaiah
700,Mervin
701,Derwin
702,Douglass
703,Donovan
704,Silas
705,Cesar
706,Erich
707,Quentin
708,Blane
709,Freeman
710,Wally
711,Booker
712,Felton
713,Myles
714,Stacey
715,Brooks
716,Gino
717,Marcos
718,Theron
719,Bruno
720,Duke
721,Forest
722,Kelley
723,Carson
724,Dickie
725,Faron
726,Gustavo
727,Marcel
728,Ollie
729,Everette
730,Layne
731,Lemuel
732,Britt
733,Lawerence
734,Anderson
735,Connie
736,Curtiss
737,Judson
738,Denver
739,Fritz
740,Gail
741,Toney
742,Arlen
743,Nickolas
744,Quintin
745,Rand
746,Von
747,Eloy
748,Mckinley
749,Nicolas
750,Noe
751,Dwaine
752,Huey
753,Irwin
754,Isiah
755,Major
756,Royal
757,Broderick
758,Augustine
759,Dalton
760,Herschel
761,Jacques
762,Lincoln
763,Raphael
764,Susan
765,Adolfo
766,Artis
767,Chip
768,Dee
769,Elroy
770,Graham
771,Lindsay
772,Basil
773,Ignacio
774,Stanton
775,Len
776,Sherwood
777,Thad
778,Wilford
779,Emerson
780,Fletcher
781,Maynard
782,Timmie
783,Augustus
784,Hilton
785,Jeremy
786,Hershel
787,Hugo
788,Mel
789,Patricia
790,Edwardo
791,Lavern
792,Leonardo
793,Sal
794,Scottie
795,Artie
796,Donell
797,Dusty
798,Johnie
799,Carol
800,Glynn
801,Johnathan
802,Jude
803,Rogers
804,Alden
805,Brion
806,Chet
807,Damian
808,Derrell
809,Greggory
810,Jame
811,Rolland
812,Taylor
813,Wilmer
814,Berry
815,Gearld
816,Tracey
817,Vicente
818,Benedict
819,Cyril
820,Fidel
821,Joaquin
822,Laverne
823,Robbin
824,Cyrus
825,Deborah
826,Dell
827,Earle
828,Leigh
829,Lyman
830,Ritchie
831,Alfonzo
832,Emmanuel
833,Lesley
834,Woody
835,Carmelo
836,Lennie
837,Micky
838,Quinton
839,Rayford
840,Domenic
841,Prince
842,Clair
843,Cody
844,Lupe
845,Buford
846,Cruz
847,Demetrius
848,Farrell
849,Cal
850,Coleman
851,Darell
852,Haywood
853,Antoine
854,Cleo
855,Darius
856,Emmitt
857,Karen
858,Kit
859,Mac
860,Omar
861,Alec
862,Courtney
863,Cynthia
864,Gregorio
865,Ike
866,Lacy
867,Lucius
868,Milo
869,Pasquale
870,Waymon
871,Darcy
872,Darold
873,Federico
874,Jefferey
875,Normand
876,Richie
877,Stevan
878,Timmothy
879,Jared
880,Kraig
881,Otha
882,Raleigh
883,Wilton
884,Carlo
885,Cole
886,Cris
887,Foster
888,Napoleon
889,Bradly
890,Brice
891,Darren
892,Debra
893,Hunter
894,Jere
895,Leander
896,Lou
897,Mason
898,Agustin
899,Alvis
900,Arlie
901,Boyce
902,Burl
903,Buster
904,Dann
905,Kenney
906,Raymundo
907,Rodrick
908,Alphonse
909,Ezra
910,Houston
911,Hoyt
912,Benton
913,Brien
914,Cheyenne
915,Dewitt
916,Jules
917,Kevan
918,Wes
919,Barbara
920,Esteban
921,Gonzalo
922,Issac
923,Regis
924,Wilburn
925,Andrea
926,Maxwell
927,Michale
928,Parker
929,Wardell
930,Abe
931,Carnell
932,Derick
933,Dion
934,Elmo
935,Lorin
936,Skip
937,Arden
938,Ashley
939,Chauncey
940,Ethan
941,Melton
942,Williams
943,Cletus
944,Devin
945,Dorian
946,Duwayne
947,Dwane
948,Jace
949,King
950,Levon
951,Olin
952,Raymon
953,Robb
954,Ty
955,Barrett
956,Brock
957,Claud
958,Genaro
959,Malcom
960,Newton
961,Odis
962,Rubin
963,Stefan
964,Weston
965,Bertram
966,Michal
967,Randle
968,Reese
969,Shirley
970,Windell
971,Carleton
972,Columbus
973,Daryle
974,Dennie
975,Ferdinand
976,Gaylon
977,Hayward
978,Kerwin
979,Lauren
980,Rollin
981,Willam
982,Alvaro
983,Benson
984,Darvin
985,Elden
986,Lawrance
987,Verne
988,Aldo
989,Donna
990,Heriberto
991,Jonas
992,Lorenza
993,Olen
994,Sharon
995,Alva
996,Cordell
997,Domenick
998,Geary
999,Grayling
1000,Lynwood
