Rank,Name
1,John
2,William
3,James
4,George
5,Charles
6,Frank
7,Joseph
8,Robert
9,Harry
10,Henry
11,Edward
12,Thomas
13,Walter
14,Arthur
15,Fred
16,Albert
17,Clarence
18,Roy
19,Louis
20,Samuel
21,Willie
22,Ernest
23,Charlie
24,Carl
25,Earl
26,David
27,Richard
28,Ralph
29,Joe
30,Raymond
31,Paul
32,Oscar
33,Andrew
34,Will
35,Jesse
36,Elmer
37,Daniel
38,Herbert
39,Alfred
40,Howard
41,Benjamin
42,Harold
43,Sam
44,Frederick
45,Peter
46,Lawrence
47,Herman
48,Eugene
49,Ray
50,Lewis
51,Leo
52,Lee
53,Floyd
54,Francis
55,Michael
56,Martin
57,Claude
58,Clyde
59,Edwin
60,Tom
61,Ben
62,Jack
63,Jim
64,Edgar
65,Harvey
66,Otto
67,Guy
68,Chester
69,Jacob
70,Ed
71,Luther
72,Leonard
73,Hugh
74,Homer
75,Jessie
76,Theodore
77,Oliver
78,Patrick
79,Archie
80,Philip
81,Clifford
82,Charley
83,Lester
84,Leroy
85,Bernard
86,August
87,Russell
88,Lloyd
89,Bert
90,Eddie
91,Ira
92,Stanley
93,Everett
94,Allen
95,Alexander
96,Anthony
97,Horace
98,Leslie
99,Grover
100,Norman
101,Isaac
102,Julius
103,Victor
104,Leon
105,Milton
106,Stephen
107,Warren
108,Glenn
109,Alex
110,Emil
111,Percy
112,Mack
113,Dave
114,Virgil
115,Alvin
116,Marion
117,Willis
118,Lonnie
119,Maurice
120,Wesley
121,Earnest
122,Dan
123,Matthew
124,Sidney
125,Franklin
126,Cecil
127,Melvin
128,Jerry
129,Rufus
130,Harrison
131,Nathan
132,Amos
133,Calvin
134,Perry
135,Willard
136,Donald
137,Jay
138,Morris
139,Otis
140,Wilbur
141,Ollie
142,Vernon
143,Marvin
144,Hubert
145,Max
146,Wallace
147,Dennis
148,Emmett
149,Adam
150,Clinton
151,Jess
152,Felix
153,Gilbert
154,Mark
155,Nelson
156,Ross
157,Glen
158,Gus
159,Manuel
160,Adolph
161,Clifton
162,Marshall
163,Johnnie
164,Jake
165,Nicholas
166,Elbert
167,Jeff
168,Jose
169,Sherman
170,Noah
171,Bennie
172,Cornelius
173,Irving
174,Reuben
175,Alonzo
176,Claud
177,Phillip
178,Vincent
179,Irvin
180,Owen
181,Gordon
182,Roscoe
183,Moses
184,Aaron
185,Roland
186,Levi
187,Rudolph
188,Alva
189,Ellis
190,Timothy
191,Austin
192,Bill
193,Kenneth
194,Clayton
195,Harley
196,Mike
197,Sylvester
198,Simon
199,Abraham
200,Christopher
201,Curtis
202,Edmund
203,Karl
204,Andy
205,Forrest
206,Jasper
207,Silas
208,Wilson
209,Arnold
210,Elijah
211,Grant
212,Orville
213,Steve
214,Bob
215,Fredrick
216,Mose
217,Roger
218,Millard
219,Byron
220,Edd
221,Pete
222,Tony
223,Anton
224,Ora
225,Preston
226,Wiley
227,Bruce
228,Cleveland
229,Barney
230,Dock
231,Eli
232,Hiram
233,Don
234,Van
235,Gustave
236,Monroe
237,Asa
238,Nathaniel
239,Gerald
240,Mathew
241,Miles
242,Conrad
243,Enoch
244,Julian
245,Ike
246,Ivan
247,Juan
248,Earle
249,Forest
250,Jerome
251,Abe
252,Edmond
253,Jefferson
254,Jimmie
255,Nick
256,Wilfred
257,Columbus
258,Laurence
259,Mary
260,Augustus
261,Ezra
262,Johnie
263,Omer
264,Wade
265,Delbert
266,Emery
267,Solomon
268,Ward
269,Clark
270,Leland
271,Myron
272,Newton
273,Clement
274,Ervin
275,Neal
276,Scott
277,Christian
278,Elwood
279,Lynn
280,Major
281,Merle
282,Ulysses
283,Dallas
284,Douglas
285,Erwin
286,Freeman
287,Grady
288,Royal
289,Spencer
290,Vern
291,Chris
292,Clair
293,Foster
294,Jeremiah
295,Lemuel
296,Stewart
297,Antonio
298,Dewitt
299,Jackson
300,Joel
301,Johnny
302,Lyle
303,Malcolm
304,Pearl
305,Anderson
306,Lorenzo
307,Lyman
308,Benjiman
309,Boyd
310,Bud
311,Burton
312,Carroll
313,Emanuel
314,Lon
315,Loyd
316,Mitchell
317,Wayne
318,Elisha
319,Ferdinand
320,Fletcher
321,Marcus
322,Riley
323,Tommie
324,Wilbert
325,Ambrose
326,Chauncey
327,General
328,Hugo
329,Isiah
330,Louie
331,Matt
332,Sanford
333,Arch
334,Dean
335,Harris
336,Junius
337,Ned
338,Prince
339,Winfield
340,Allie
341,Aloysius
342,Dwight
343,Hans
344,Judge
345,Neil
346,Pedro
347,Ruben
348,Sterling
349,Cleve
350,Dudley
351,Elias
352,Elzie
353,Johnson
354,Joshua
355,Loren
356,Napoleon
357,Raleigh
358,Rex
359,Emory
360,Garfield
361,Gustav
362,Luke
363,Troy
364,Albin
365,Carlton
366,Clem
367,Cyrus
368,Isaiah
369,Randolph
370,Reginald
371,Rolla
372,Russel
373,Seth
374,Taylor
375,Ted
376,Truman
377,Al
378,Elliott
379,Emerson
380,Fay
381,Francisco
382,Harmon
383,Lucius
384,Murray
385,Walker
386,Alton
387,Aubrey
388,Buck
389,Burl
390,Casper
391,Houston
392,Madison
393,Porter
394,Roswell
395,Stuart
396,Wilford
397,Abner
398,Allan
399,Archibald
400,Christ
401,Colonel
402,Early
403,Herschel
404,Josh
405,Morgan
406,Noble
407,Sandy
408,Tillman
409,Vance
410,Wilmer
411,Abram
412,Antone
413,Chas
414,Dee
415,Dick
416,Elmore
417,Elza
418,Eric
419,Evan
420,Garland
421,Green
422,Israel
423,Jonas
424,Lige
425,Nels
426,Steven
427,Alphonse
428,Arther
429,Axel
430,Blaine
431,Dale
432,Fritz
433,Granville
434,Hal
435,Hezekiah
436,Jean
437,Larry
438,Lionel
439,Maynard
440,Zack
441,Adrian
442,Arlie
443,Carlos
444,Coleman
445,Crawford
446,Davis
447,Frederic
448,Gust
449,Henderson
450,Lucious
451,Milo
452,Olin
453,Otho
454,Pat
455,Phil
456,Anna
457,Bruno
458,Dana
459,Ellsworth
460,Elmo
461,Gene
462,Jason
463,Lincoln
464,Logan
465,Morton
466,Olaf
467,Orval
468,Palmer
469,Parker
470,Roderick
471,Shirley
472,Thurman
473,Tim
474,Waldo
475,Warner
476,Adolphus
477,Berry
478,Burt
479,Carleton
480,Clint
481,Dorsey
482,Elvin
483,Emile
484,Emmet
485,Hamilton
486,Hollis
487,Irwin
488,Lacy
489,Lawson
490,Ole
491,Oren
492,Sheridan
493,Sol
494,Tracy
495,Washington
496,Wellington
497,Alma
498,Bertram
499,Buster
500,Carter
501,Cloyd
502,Elton
503,Emma
504,Freddie
505,Hampton
506,Hardy
507,Hazel
508,Heber
509,Hector
510,Hoyt
511,Isadore
512,Judson
513,Jules
514,King
515,Mathias
516,Merritt
517,Mortimer
518,Norris
519,Otha
520,Pinkney
521,Rubin
522,Rush
523,Verne
524,Alois
525,Basil
526,Buford
527,Cliff
528,Connie
529,Coy
530,Ellie
531,Evert
532,Fate
533,Florence
534,French
535,Garrett
536,Guss
537,Harve
538,Isom
539,Jimmy
540,Jodie
541,Jonathan
542,Jordan
543,Lindsey
544,Lonzo
545,Lowell
546,Lucien
547,Mahlon
548,Margaret
549,Maude
550,Merton
551,Minnie
552,Nat
553,Orrin
554,Pink
555,Ramon
556,Rogers
557,Rollie
558,Smith
559,Walton
560,Wash
561,Watson
562,West
563,Wilburn
564,Alf
565,Angus
566,Bee
567,Bernice
568,Bryant
569,Carey
570,Clarance
571,Clay
572,Ford
573,Gertrude
574,Grace
575,Hunter
576,Leander
577,Loyal
578,Mason
579,Merrill
580,Norbert
581,Orlando
582,Ransom
583,Reese
584,Rodney
585,Rolland
586,Rollin
587,Ruby
588,Sammie
589,Theo
590,Toney
591,Turner
592,Valentine
593,Webster
594,Wilber
595,Willam
596,Wilton
597,Abel
598,Addison
599,Adolf
600,Alfonso
601,Alford
602,Ammon
603,Anson
604,Auther
605,Bailey
606,Blair
607,Burr
608,Cicero
609,Clara
610,Cleo
611,Cyril
612,Duncan
613,Elwin
614,Essie
615,Frances
616,Gabriel
617,Hamp
618,Haywood
619,Hosea
620,Jones
621,Jule
622,Lem
623,Mart
624,Myles
625,Orin
626,Pablo
627,Reed
628,Roman
629,Rowland
630,Sid
631,Uriah
632,Verner
633,Vivian
634,Wright
635,Adelbert
636,Alan
637,Alberto
638,Alden
639,Alice
640,Allison
641,Alvah
642,Angelo
643,Arvid
644,Avery
645,Benjamine
646,Bennett
647,Berton
648,Beverly
649,Bonnie
650,Boss
651,Bradford
652,Brown
653,Cal
654,Collins
655,Courtney
656,Dewey
657,Dominick
658,Eldon
659,Emmitt
660,Ethel
661,Ezekiel
662,Felipe
663,Gregorio
664,Hallie
665,Hayden
666,Helen
667,Hermon
668,Howell
669,Irl
670,Ivey
671,Ivy
672,Josiah
673,June
674,Kelly
675,Lambert
676,Lenard
677,Lew
678,Lillian
679,Luis
680,Marie
681,Merl
682,Nellie
683,Noel
684,Orrie
685,Park
686,Perley
687,Pierre
688,Plummer
689,Quincy
690,Raphael
691,Richmond
692,Saul
693,Sim
694,Son
695,Talmage
696,Thaddeus
697,Travis
698,Unknown
699,Woodie
700,Addie
701,Ansel
702,Aron
703,Art
704,Artie
705,Ashley
706,Barry
707,Bartholomew
708,Barton
709,Bernie
710,Bertha
711,Bertie
712,Bessie
713,Burley
714,Carrie
715,Cary
716,Cato
717,Commodore
718,Dexter
719,Doctor
720,Dolphus
721,Edna
722,Eliga
723,Elliot
724,Elsie
725,Gabe
726,Garnett
727,Gerard
728,Gerhard
729,Gustaf
730,Harlan
731,Haskell
732,Hattie
733,Hilary
734,Issac
735,Jonah
736,Justin
737,Lafayette
738,Lillie
739,Linwood
740,Lorin
741,Lou
742,Lucas
743,Lucian
744,Mabel
745,Maggie
746,Manley
747,Melville
748,Mervin
749,Minor
750,Mont
751,Newman
752,Obie
753,Oral
754,Price
755,Ronald
756,Seymour
757,Sigurd
758,Stanton
759,Sullivan
760,Sydney
761,Thompson
762,Tommy
763,Wendell
764,Whit
765,Zeb
766,Ace
767,Ada
768,Almon
769,Alpha
770,Alphonso
771,Armand
772,Augustine
773,Blanche
774,Boston
775,Brady
776,Brice
777,Byrd
778,Caleb
779,Carmine
780,Carson
781,Cash
782,Chalmer
783,Claus
784,Curt
785,Dawson
786,Dayton
787,Dell
788,Dennie
789,Doc
790,Doyle
791,Eligah
792,Ella
793,Enos
794,Erastus
795,Erle
796,Ernst
797,Eva
798,Evans
799,Everette
800,Gail
801,Gardner
802,Graham
803,Hayes
804,Henery
805,Hollie
806,Jonnie
807,Kent
808,Kirby
809,Kirk
810,Kyle
811,Lawyer
812,Levy
813,Ludwig
814,Lum
815,Marcellus
816,Maxwell
817,Miguel
818,Miller
819,Miner
820,Murl
821,Olen
822,Olof
823,Presley
824,Randall
825,Randle
826,Ras
827,Reinhold
828,Ricardo
829,Rollo
830,Rube
831,Santiago
832,Spurgeon
833,Stacy
834,Tomie
835,Vicente
836,Wilfrid
837,Williams
838,Winfred
839,Wm
840,Wong
841,Adlai
842,Alec
843,Alger
844,Algie
845,Alonza
846,Alvie
847,Alvis
848,Antoine
849,Authur
850,Benedict
851,Benito
852,Benny
853,Bertrand
854,Billy
855,Brooks
856,Buddie
857,Burk
858,Burns
859,Caesar
860,Campbell
861,Carol
862,Cassius
863,Catherine
864,Chalmers
865,Chesley
866,Cora
867,Cornelious
868,Creed
869,Darrell
870,Deforest
871,Dessie
872,Dominic
873,Edison
874,Edson
875,Effie
876,Elam
877,Elbridge
878,Eldridge
879,Elige
880,Elizabeth
881,Emmit
882,Ephraim
883,Ernie
884,Ester
885,Ethan
886,Gary
887,Gaston
888,Gay
889,Gaylord
890,Geo
891,Gifford
892,Giles
893,Golden
894,Goldie
895,Griffin
896,Hardin
897,Harlow
898,Harper
899,Hayward
900,Hurbert
901,Hyman
902,Isham
903,Iver
904,Iverson
905,Jennie
906,Jewel
907,Jewell
908,Job
909,Julia
910,Laura
911,Leamon
912,Lena
913,Lindsay
914,Linn
915,Linton
916,Lue
917,Mannie
918,Marlin
919,Marshal
920,Merlin
921,Micheal
922,Mitchel
923,Murphy
924,Myrtle
925,Newell
926,Newt
927,Okey
928,Olive
929,Oran
930,Orie
931,Ott
932,Ottie
933,Percival
934,Peyton
935,Pleas
936,Powell
937,Rafael
938,Rene
939,Rexford
940,Roe
941,Roma
942,Romie
943,Rupert
944,Sanders
945,Selmer
946,Shade
947,Shelby
948,Shelly
949,Simmie
950,Sumner
951,Theron
952,Tomas
953,Vaughn
954,Vester
955,Vick
956,Virgle
957,Waldemar
958,Waymon
959,Worth
960,Young
961,Zebulon
962,Zollie
963,Abb
964,Abbie
965,Add
966,Adelard
967,Aden
968,Aleck
969,Alferd
970,Alfredo
971,Algot
972,Alphons
973,Alta
974,Amon
975,Anastacio
976,Angel
977,Annie
978,Audley
979,Aurthur
980,Banks
981,Barnard
982,Bart
983,Baxter
984,Beecher
985,Belton
986,Benjaman
987,Benton
988,Berkley
989,Bernhard
990,Bethel
991,Bradley
992,Butler
993,Cap
994,Carlie
995,Caroline
996,Clare
997,Claudie
998,Cleave
999,Cletus
1000,Coley
