Rank,Name
1,Mary
2,Helen
3,Anna
4,Margaret
5,Ruth
6,Elizabeth
7,Marie
8,Florence
9,Ethel
10,Lillian
11,Gladys
12,Alice
13,Edna
14,Mildred
15,Grace
16,Annie
17,Emma
18,Clara
19,Bertha
20,Rose
21,Bessie
22,Dorothy
23,Hazel
24,Mabel
25,Frances
26,Minnie
27,Gertrude
28,Myrtle
29,Martha
30,Irene
31,Pearl
32,Edith
33,Esther
34,Ida
35,Elsie
36,Louise
37,Eva
38,Catherine
39,Agnes
40,Sarah
41,Nellie
42,Ella
43,Josephine
44,Laura
45,Lillie
46,Julia
47,Viola
48,Carrie
49,Ruby
50,Mattie
51,Lena
52,Alma
53,Beatrice
54,Mae
55,Jessie
56,Hattie
57,Thelma
58,Cora
59,Blanche
60,Mamie
61,Lucy
62,Evelyn
63,Marion
64,Pauline
65,Stella
66,Ada
67,Lula
68,Willie
69,Jennie
70,Lucille
71,Katherine
72,Fannie
73,Vera
74,Beulah
75,Rosa
76,Virginia
77,Maude
78,Leona
79,Dora
80,Maggie
81,Nora
82,Ellen
83,Marguerite
84,Eleanor
85,Sadie
86,Bernice
87,Daisy
88,Susie
89,Ann
90,Kathryn
91,Violet
92,Hilda
93,Nettie
94,Theresa
95,May
96,Georgia
97,Effie
98,Olive
99,Emily
100,Della
101,Doris
102,Nancy
103,Lydia
104,Anne
105,Charlotte
106,Lottie
107,Flora
108,Lola
109,Lois
110,Sallie
111,Marjorie
112,Betty
113,Ollie
114,Inez
115,Lizzie
116,Katie
117,Lela
118,Loretta
119,Goldie
120,Iva
121,Mable
122,Eunice
123,Harriet
124,Eula
125,Caroline
126,Opal
127,Ora
128,Addie
129,Sylvia
130,Velma
131,Alberta
132,Henrietta
133,Estelle
134,Etta
135,Rachel
136,Essie
137,Genevieve
138,Verna
139,Nannie
140,Amelia
141,Maria
142,Lucile
143,Victoria
144,Rebecca
145,Susan
146,Vivian
147,Madeline
148,Rosie
149,Jean
150,Jane
151,Mollie
152,Ola
153,Sophie
154,Frieda
155,Amanda
156,Sara
157,Irma
158,Flossie
159,Marian
160,Nina
161,Elva
162,Estella
163,Janie
164,Barbara
165,Alta
166,Christine
167,Matilda
168,Olga
169,Kathleen
170,Hannah
171,Norma
172,Naomi
173,Freda
174,Celia
175,Juanita
176,Cecelia
177,Ina
178,Wilma
179,Amy
180,Geneva
181,Selma
182,Luella
183,Erma
184,Winifred
185,Augusta
186,Maud
187,Sophia
188,Regina
189,Miriam
190,Winnie
191,Fern
192,Rena
193,Virgie
194,Allie
195,Isabel
196,Sally
197,Belle
198,Eliza
199,Josie
200,Nell
201,Veronica
202,Bertie
203,Cecilia
204,Kate
205,Millie
206,Muriel
207,Isabelle
208,Adeline
209,Elma
210,Anita
211,Leah
212,Callie
213,Mayme
214,Lila
215,Bonnie
216,Roxie
217,Leola
218,Birdie
219,Dollie
220,Gussie
221,Jeannette
222,Margie
223,Roberta
224,Delia
225,Teresa
226,Faye
227,Jeanette
228,Jewel
229,Cleo
230,Hester
231,Jewell
232,Lora
233,Adele
234,Tillie
235,Fay
236,Maudie
237,Carolyn
238,Adelaide
239,Letha
240,Leila
241,Madge
242,Antoinette
243,Geraldine
244,Ila
245,Lelia
246,Cornelia
247,Hallie
248,Lulu
249,Rita
250,Sue
251,Audrey
252,Cecile
253,Lessie
254,Lorena
255,Cecil
256,Zelma
257,Corinne
258,Francis
259,Olivia
260,Rhoda
261,Phyllis
262,Reba
263,Edythe
264,Marcella
265,Angelina
266,Claire
267,Helene
268,Zella
269,Gracie
270,Neva
271,Helena
272,Johanna
273,Lenora
274,Rosalie
275,Hettie
276,Oma
277,Elnora
278,Myra
279,June
280,Pearlie
281,Bettie
282,Angeline
283,Christina
284,Johnnie
285,Dorothea
286,Gertie
287,Mathilda
288,Janet
289,Bess
290,Clarice
291,Dessie
292,Wilhelmina
293,Annette
294,Katharine
295,Lorene
296,Meta
297,Elvira
298,Lilly
299,Hulda
300,Harriett
301,Lorraine
302,Louisa
303,Ophelia
304,Lou
305,Lee
306,Lettie
307,Lucinda
308,Shirley
309,Constance
310,Dovie
311,Elsa
312,Rosetta
313,Nola
314,Yvonne
315,Isabella
316,Merle
317,Angela
318,Corine
319,Lily
320,Catharine
321,Eloise
322,Abbie
323,Erna
324,Eugenia
325,Golda
326,Eileen
327,Linda
328,Alvina
329,Lona
330,Odessa
331,Claudia
332,Minerva
333,Mittie
334,Vada
335,Vesta
336,Vida
337,Leone
338,Mina
339,Lura
340,Orpha
341,Wanda
342,Dolly
343,Rosella
344,Linnie
345,Ona
346,Ione
347,Artie
348,Nelle
349,Carmen
350,Jimmie
351,Pansy
352,Ernestine
353,Leota
354,Leta
355,Verda
356,Aileen
357,Floy
358,Maybelle
359,Priscilla
360,Alpha
361,Isabell
362,Leora
363,Nona
364,Dolores
365,Georgie
366,Ivy
367,Patricia
368,Cynthia
369,Tessie
370,Blanch
371,Era
372,Iona
373,Peggy
374,Cassie
375,Jeanne
376,Clyde
377,Polly
378,Carol
379,Myrtie
380,Ellie
381,Evie
382,Fanny
383,Beryl
384,Frankie
385,Aline
386,Antonia
387,Rhea
388,Zora
389,Lyda
390,Rae
391,Zula
392,Iola
393,Jannie
394,Lenore
395,Mazie
396,Zola
397,Eddie
398,Evangeline
399,Lina
400,Louella
401,Molly
402,Tressie
403,Willa
404,Agatha
405,Angie
406,Annabelle
407,Lauretta
408,Mandy
409,Phoebe
410,Sudie
411,Aurelia
412,Donna
413,Lovie
414,Bell
415,Berta
416,Billie
417,Elda
418,Joan
419,Sybil
420,Veda
421,Cordelia
422,Elisabeth
423,Hilma
424,Hortense
425,Ester
426,Paula
427,Una
428,Alva
429,Marietta
430,Reva
431,Retha
432,Clare
433,Elise
434,Tina
435,Ava
436,Iris
437,Maxine
438,Rubye
439,Tommie
440,Vergie
441,Bernadette
442,Dona
443,Emilie
444,Garnet
445,Madeleine
446,Savannah
447,Ursula
448,Alda
449,Carmela
450,Monica
451,Queen
452,Elaine
453,Eleanore
454,Joyce
455,Lennie
456,Lilla
457,Ocie
458,Zelda
459,Connie
460,Laverne
461,Mabelle
462,Macie
463,Maurine
464,Mona
465,Pinkie
466,Vina
467,Belva
468,Dena
469,Elinor
470,Florine
471,Gretchen
472,Lucia
473,Nan
474,Pearle
475,Berniece
476,Delphia
477,Donnie
478,Easter
479,Lida
480,Philomena
481,Adelia
482,Albina
483,Avis
484,Gwendolyn
485,John
486,Margery
487,Anastasia
488,Arlene
489,Celeste
490,Emmie
491,Guadalupe
492,Idella
493,Leatha
494,Malinda
495,Octavia
496,Reta
497,Tennie
498,Wilda
499,Althea
500,Carolina
501,Chloe
502,Estell
503,Loraine
504,Magdalena
505,Petra
506,Roma
507,Rowena
508,Vernie
509,Bella
510,Claudie
511,Ferne
512,Melba
513,Adela
514,Alyce
515,Harriette
516,Leonora
517,Lue
518,Madie
519,Marvel
520,Allene
521,Bridget
522,Charity
523,Corrine
524,Elmira
525,Janice
526,Lavina
527,Melissa
528,Melvina
529,Vallie
530,Altha
531,Bernadine
532,Bulah
533,Camille
534,Clarissa
535,Esta
536,Julie
537,Retta
538,Annabel
539,Arline
540,Dixie
541,Glenna
542,Kitty
543,Margret
544,Tena
545,William
546,Winnifred
547,Adella
548,Almeda
549,Edwina
550,Georgiana
551,Hope
552,Joanna
553,Ludie
554,Maybell
555,Mertie
556,Queenie
557,Sadye
558,Zona
559,Ara
560,Bobbie
561,Clementine
562,Clemmie
563,Elenora
564,Francisca
565,Hildegarde
566,Ima
567,James
568,Juana
569,Kittie
570,Lucretia
571,Magdalen
572,Margarita
573,Mozelle
574,Pattie
575,Rilla
576,Robbie
577,Berenice
578,Crystal
579,Elena
580,Faith
581,Imogene
582,Inga
583,Ira
584,Lavinia
585,Leslie
586,Myrtis
587,Nadine
588,Patsy
589,Rosemary
590,Yetta
591,Charlie
592,Enid
593,Georgianna
594,Gloria
595,Lonie
596,Magdalene
597,Mallie
598,Natalie
599,Novella
600,Susanna
601,Viva
602,Winona
603,Bennie
604,Emelia
605,Ethyl
606,Florida
607,George
608,Hedwig
609,Jettie
610,Mammie
611,Mellie
612,Onie
613,Rubie
614,Vinnie
615,Annetta
616,Camilla
617,Elvera
618,Eulah
619,Eve
620,Jenny
621,Justine
622,Kathrine
623,Lorna
624,Ramona
625,Rosalind
626,Rosia
627,Ruthie
628,Valeria
629,Zoe
630,Adaline
631,Aletha
632,Aurora
633,Concetta
634,Exie
635,Filomena
636,Freddie
637,Freida
638,Gail
639,Joy
640,Leda
641,Melva
642,Mercedes
643,Nita
644,Vena
645,Adah
646,Albertha
647,Audie
648,Eda
649,Emilia
650,Ethelyn
651,Ettie
652,Hassie
653,Judith
654,Juliette
655,Loma
656,Louvenia
657,Ressie
658,Verdie
659,Amie
660,Arvilla
661,Audra
662,Beth
663,Cathryn
664,Celestine
665,Charles
666,Delma
667,Diana
668,Dorris
669,Eleanora
670,Evalyn
671,Gene
672,Johnie
673,Lilian
674,Luna
675,Luvenia
676,Manuela
677,Margarette
678,Minna
679,Nova
680,Odie
681,Tilda
682,Treva
683,Verona
684,Ardella
685,Arlie
686,Cordie
687,Donie
688,Elizebeth
689,Eugenie
690,Florrie
691,Hildred
692,Idell
693,Katheryn
694,Kay
695,Myrna
696,Myrtice
697,Oda
698,Rosalia
699,Albertine
700,Alverta
701,Arrie
702,Corene
703,Deborah
704,Delphine
705,Dorthy
706,Felicia
707,Flo
708,Frank
709,Hildegard
710,Kathryne
711,Lacy
712,Liza
713,Lonnie
714,Madelyn
715,Mathilde
716,Mavis
717,Mettie
718,Myrle
719,Ossie
720,Pollie
721,Rosamond
722,Sena
723,Bethel
724,Carmella
725,Docia
726,Eldora
727,Etha
728,Frona
729,Greta
730,Hessie
731,Ivory
732,Jamie
733,Lenna
734,Leva
735,Lexie
736,Lilah
737,Marcia
738,Maye
739,Minta
740,Ottie
741,Sammie
742,Sibyl
743,Signe
744,Tressa
745,Velda
746,Vernice
747,Adell
748,Cordia
749,Dortha
750,Dottie
751,Ebba
752,Jacqueline
753,Janette
754,Jo
755,Josefa
756,Lelah
757,Lorine
758,Lucie
759,Magnolia
760,Manda
761,Nelda
762,Rachael
763,Rosina
764,Sula
765,Theo
766,Theodora
767,Valerie
768,Verla
769,Veva
770,Zetta
771,Adelina
772,Alene
773,Cleora
774,Clora
775,Corda
776,Drucilla
777,Edyth
778,Electa
779,Eulalia
780,Freeda
781,Grayce
782,Hellen
783,Icie
784,Icy
785,Ivah
786,Letitia
787,Malvina
788,Martina
789,Missouri
790,Ouida
791,Ova
792,Prudence
793,Serena
794,Suzanne
795,Aimee
796,Alida
797,Alvera
798,Amalia
799,Beaulah
800,Berneice
801,Carmel
802,Corrie
803,Dee
804,Elisa
805,Eura
806,Garnett
807,Helga
808,Henry
809,Isa
810,Juliet
811,Kattie
812,Libby
813,Madaline
814,Marjory
815,Maymie
816,Melinda
817,Monnie
818,Myrl
819,Norine
820,Ray
821,Rossie
822,Selena
823,Selina
824,Sidney
825,Stephanie
826,Violette
827,Walter
828,Zita
829,Alfreda
830,Alverda
831,Annis
832,Betsy
833,Birtha
834,Claribel
835,Delilah
836,Gertha
837,Gwen
838,Hildur
839,Huldah
840,India
841,Jossie
842,Katy
843,Lavada
844,Lissie
845,Lurline
846,Mabell
847,Neta
848,Odelia
849,Odell
850,Robert
851,Rosanna
852,Samantha
853,Tempie
854,Ula
855,Verlie
856,Zadie
857,Alvena
858,Annabell
859,Berdie
860,Beula
861,Dorcas
862,Elvie
863,Emmer
864,Euna
865,Glennie
866,Hanna
867,Hazle
868,Imelda
869,Laurel
870,Lea
871,Lelar
872,Leonie
873,Lupe
874,Maxie
875,Mossie
876,Osie
877,Salome
878,Thea
879,Vertie
880,Zada
881,Arizona
882,Augustine
883,Claudine
884,Clemence
885,Dell
886,Dellie
887,Earl
888,Earlie
889,Elberta
890,Elfrieda
891,Elna
892,Elvina
893,Eveline
894,Fairy
895,Fred
896,Goldia
897,Hermina
898,Hertha
899,Jeffie
900,Joseph
901,Lassie
902,Leonia
903,Leontine
904,Libbie
905,Malissa
906,Mariah
907,Metta
908,Neoma
909,Rozella
910,Sigrid
911,Sofia
912,Theresia
913,Thora
914,Tiny
915,Twila
916,Vassie
917,Zettie
918,Abigail
919,Alla
920,Allean
921,Amber
922,Aura
923,Buelah
924,Cathrine
925,Dagny
926,Daphne
927,Delores
928,Delpha
929,Delta
930,Dina
931,Elta
932,Ena
933,Enola
934,Erie
935,Fae
936,Gay
937,Gena
938,Ilah
939,Jesse
940,Joe
941,Lady
942,Leoma
943,Lera
944,Loretto
945,Luberta
946,Luisa
947,Lutie
948,Macy
949,Margaretta
950,Nella
951,Nolia
952,Noma
953,Odile
954,Oleta
955,Onnie
956,Ozella
957,Phebe
958,Trula
959,Vella
960,Velva
961,Andrea
962,Aurore
963,Christie
964,Clarence
965,Clifford
966,Dannie
967,Delcie
968,Dicie
969,Dorotha
970,Eloisa
971,Emeline
972,Ethyle
973,Ever
974,Golden
975,Hasel
976,Ines
977,Ingeborg
978,Izetta
979,Izora
980,Jeane
981,Josefina
982,Laurine
983,Leo
984,Liddie
985,Lorean
986,Lovina
987,Marge
988,Margueritte
989,Meda
990,Montie
991,Mozell
992,Nanie
993,Naoma
994,Norene
995,Omie
996,Oneta
997,Ottilie
998,Rene
999,Sister
1000,Thomas
