Rank,Name
1,Robert
2,John
3,William
4,James
5,Charles
6,George
7,Joseph
8,Richard
9,Edward
10,Donald
11,Thomas
12,Frank
13,Harold
14,Paul
15,Raymond
16,Walter
17,Jack
18,Henry
19,Kenneth
20,Arthur
21,Albert
22,Harry
23,Ralph
24,David
25,Eugene
26,Howard
27,Carl
28,Louis
29,Clarence
30,Willie
31,Roy
32,Fred
33,Earl
34,Francis
35,Joe
36,Lawrence
37,Ernest
38,Leonard
39,Anthony
40,Stanley
41,Herbert
42,Norman
43,Alfred
44,Calvin
45,Samuel
46,Bernard
47,Daniel
48,Melvin
49,Gerald
50,Marvin
51,Leo
52,Russell
53,Leroy
54,Michael
55,Edwin
56,Andrew
57,Elmer
58,Warren
59,Peter
60,Ray
61,Lloyd
62,Frederick
63,Billy
64,Clifford
65,Theodore
66,Floyd
67,Chester
68,Vernon
69,Clyde
70,Herman
71,Philip
72,Lester
73,Alvin
74,Wayne
75,Gordon
76,Leon
77,Lewis
78,Vincent
79,Glenn
80,Charlie
81,Milton
82,Martin
83,Lee
84,Dale
85,Cecil
86,Jesse
87,Wallace
88,Harvey
89,Benjamin
90,Victor
91,Sam
92,Bill
93,Roger
94,Allen
95,Arnold
96,Edgar
97,Willard
98,Roland
99,Oscar
100,Gilbert
101,Johnnie
102,Maurice
103,Claude
104,Everett
105,Douglas
106,Wilbur
107,Leslie
108,Manuel
109,Homer
110,Stephen
111,Virgil
112,Marion
113,Eddie
114,Jerome
115,Hubert
116,Hugh
117,Curtis
118,Glen
119,Sidney
120,Morris
121,Junior
122,Nicholas
123,Jerry
124,Jessie
125,Don
126,Max
127,Luther
128,Jose
129,Alexander
130,Ronald
131,Wesley
132,Jimmie
133,Bruce
134,Franklin
135,Gene
136,Willis
137,Irving
138,Rudolph
139,Steve
140,Oliver
141,Ben
142,Bob
143,Horace
144,Dean
145,Earnest
146,Julius
147,Patrick
148,Edmund
149,Tom
150,Keith
151,Guy
152,Johnny
153,Clayton
154,Archie
155,Orville
156,Tony
157,Salvatore
158,Otis
159,Lyle
160,Jim
161,Delbert
162,Alex
163,Jacob
164,Mike
165,Angelo
166,Phillip
167,Billie
168,Bennie
169,Marshall
170,Jay
171,Matthew
172,Clifton
173,Ira
174,Clinton
175,Lowell
176,Duane
177,Wilbert
178,Dennis
179,Dan
180,Nathaniel
181,Emil
182,Seymour
183,Ivan
184,Merle
185,Leland
186,Dewey
187,Irvin
188,Nelson
189,Nick
190,Juan
191,Bobby
192,Ervin
193,Julian
194,Wilfred
195,Elbert
196,Lonnie
197,Rufus
198,Sylvester
199,Isaac
200,Forrest
201,Allan
202,Antonio
203,Aaron
204,Nathan
205,Alton
206,Mark
207,Carroll
208,Felix
209,Jesus
210,Malcolm
211,Loren
212,Norbert
213,Owen
214,Wendell
215,Pete
216,Ellis
217,Alan
218,Bert
219,Ted
220,Myron
221,Elwood
222,Otto
223,Loyd
224,Perry
225,Eldon
226,Byron
227,Freddie
228,Murray
229,Rex
230,Ross
231,Fredrick
232,Emmett
233,Karl
234,Grady
235,Dominick
236,Johnie
237,Larry
238,August
239,Laurence
240,Tommy
241,Grover
242,Percy
243,Troy
244,Abraham
245,Burton
246,Mack
247,Wilson
248,Gerard
249,Neil
250,Jimmy
251,Sherman
252,Harley
253,Harlan
254,Woodrow
255,Darrell
256,Amos
257,Erwin
258,Irwin
259,Dominic
260,Mario
261,Morton
262,Doyle
263,Adam
264,Ramon
265,Louie
266,Boyd
267,Aubrey
268,Adolph
269,Carlos
270,Dwight
271,Roscoe
272,Dick
273,Reuben
274,Pedro
275,Carlton
276,Charley
277,Austin
278,Tommie
279,Benny
280,Preston
281,Garland
282,Lynn
283,Millard
284,Neal
285,Roosevelt
286,Cornelius
287,Edmond
288,Laverne
289,Ruben
290,Rodney
291,Jasper
292,Conrad
293,Wade
294,Elton
295,Joel
296,Grant
297,Francisco
298,Mitchell
299,Wilmer
300,Rocco
301,Maynard
302,Moses
303,Stuart
304,Will
305,Alfonso
306,Reginald
307,Emanuel
308,Carmen
309,Dave
310,Alonzo
311,Cleveland
312,Merlin
313,Jean
314,Luis
315,Adrian
316,Harrison
317,Marcus
318,Simon
319,Dallas
320,Clair
321,Russel
322,Lionel
323,Elvin
324,Timothy
325,Steven
326,Armand
327,Thurman
328,Elmo
329,Sheldon
330,Norris
331,Raul
332,Claud
333,Jake
334,Buford
335,Cleo
336,Patsy
337,Gus
338,Christopher
339,Monroe
340,Stewart
341,Delmar
342,Hollis
343,Ollie
344,Teddy
345,Ned
346,Earle
347,Lavern
348,Clement
349,Vito
350,Wilburn
351,Clark
352,Salvador
353,Cyril
354,Basil
355,Odell
356,Sterling
357,Kermit
358,Ward
359,Barney
360,Sammie
361,Thaddeus
362,Alva
363,Weldon
364,Solomon
365,Ed
366,Forest
367,Emery
368,Andy
369,Merrill
370,Randolph
371,Sanford
372,Emory
373,Winston
374,Bruno
375,Elijah
376,Jess
377,Wilford
378,Alphonse
379,Emerson
380,Roman
381,Eli
382,Herschel
383,Travis
384,Gale
385,Vern
386,Orval
387,Roberto
388,Pasquale
389,Pat
390,Truman
391,Bobbie
392,Noah
393,Wiley
394,Marlin
395,Gabriel
396,Coy
397,Lamar
398,Van
399,Miles
400,Milford
401,Royce
402,Rolland
403,Winfred
404,Levi
405,Jackson
406,Eric
407,Cletus
408,Gregory
409,Hershel
410,Shirley
411,Harris
412,Mary
413,Bertram
414,Darwin
415,Carmine
416,Lorenzo
417,Ellsworth
418,Royal
419,Saul
420,Silas
421,Mervin
422,Wilton
423,Rudy
424,Darrel
425,Luke
426,Scott
427,Alfredo
428,Delmer
429,Jackie
430,Anton
431,Dudley
432,Guadalupe
433,Buster
434,Lenard
435,Sol
436,Noel
437,Freeman
438,Lyman
439,Elliott
440,Armando
441,Randall
442,Mathew
443,Miguel
444,Linwood
445,Quentin
446,Spencer
447,Hiram
448,Jeff
449,Ferdinand
450,Rene
451,Alden
452,Alberto
453,Hal
454,Odis
455,Booker
456,Omer
457,Elias
458,Micheal
459,Chris
460,Buddy
461,Everette
462,Jefferson
463,Ulysses
464,Orlando
465,Abe
466,Bud
467,Davis
468,Frederic
469,Rafael
470,Gail
471,Houston
472,Foster
473,Hobert
474,Hoyt
475,Evan
476,Newton
477,Olen
478,Riley
479,Ambrose
480,Emilio
481,Denver
482,Hyman
483,Aloysius
484,Nolan
485,Casimir
486,Milo
487,Sammy
488,Waldo
489,Justin
490,Wilber
491,Hugo
492,Pablo
493,Elroy
494,Lincoln
495,Augustus
496,Fletcher
497,Morgan
498,Nickolas
499,Aldo
500,Burl
501,Isadore
502,Normand
503,Phil
504,Fernando
505,Theron
506,Harland
507,Vance
508,Al
509,Clay
510,Columbus
511,Dewitt
512,Carlo
513,Major
514,Arlie
515,Arturo
516,Blaine
517,Domingo
518,Enrique
519,Carrol
520,Emile
521,Olin
522,Augustine
523,Julio
524,Frankie
525,Domenic
526,Verne
527,Ezra
528,Tomas
529,Granville
530,Marcel
531,Elden
532,Dalton
533,Roderick
534,Terry
535,Arden
536,Hector
537,Noble
538,Anderson
539,Edsel
540,Isaiah
541,Isiah
542,Raleigh
543,Sebastian
544,Harmon
545,Elwin
546,Hilton
547,Albin
548,Carol
549,Carson
550,Hobart
551,Junius
552,Merton
553,Ernesto
554,Lucien
555,Ora
556,Jewel
557,Lemuel
558,Oren
559,Rubin
560,Ignacio
561,Raymon
562,Sydney
563,Danny
564,Joesph
565,Palmer
566,Rodolfo
567,Valentine
568,Christian
569,Jeremiah
570,Kelly
571,Lacy
572,Mckinley
573,Rollin
574,Warner
575,Felipe
576,Taylor
577,Avery
578,Talmadge
579,Benito
580,Merritt
581,Santiago
582,Eldridge
583,Gaylord
584,Mason
585,Elliot
586,Guido
587,Lucius
588,Maxwell
589,Bryan
590,Dee
591,Napoleon
592,Rosario
593,Vaughn
594,Ricardo
595,Benedict
596,Jewell
597,Joshua
598,Mose
599,Romeo
600,Fay
601,Jules
602,Walker
603,Angel
604,Carter
605,Dana
606,Santos
607,Walton
608,Abel
609,Bernice
610,Cyrus
611,Shelby
612,King
613,Raphael
614,Reed
615,Rupert
616,Beverly
617,Coleman
618,Winford
619,Asa
620,Enoch
621,Meyer
622,Frances
623,Israel
624,Jason
625,Sherwood
626,Andres
627,Arther
628,Doris
629,Elwyn
630,Emmitt
631,Lucian
632,Porter
633,Urban
634,Gregorio
635,Daryl
636,Eldred
637,Otha
638,Alvis
639,Dorothy
640,Dock
641,Oswald
642,Antone
643,Boyce
644,Carleton
645,Galen
646,Rogers
647,Americo
648,Florian
649,Judson
650,Lupe
651,Otho
652,Shelton
653,Clem
654,Domenick
655,Jonathan
656,Theo
657,Alphonso
658,Bennett
659,Isidore
660,Jordan
661,Nicolas
662,Orin
663,Prince
664,Bertrand
665,Gustave
666,Winfield
667,Garfield
668,Haskell
669,Ivory
670,Ottis
671,Dwayne
672,Glendon
673,Haywood
674,Matt
675,Myles
676,Stanford
677,Clarance
678,Constantine
679,Dorsey
680,Edd
681,Vicente
682,Virgle
683,Felton
684,Gilberto
685,Stanton
686,Connie
687,Graham
688,Hermon
689,Ignatius
690,Santo
691,Bernie
692,Bryant
693,Evert
694,Kent
695,Loyal
696,Casper
697,Crawford
698,Jennings
699,Kyle
700,Loy
701,Margaret
702,Obie
703,Reid
704,Bryce
705,Craig
706,Elmore
707,Ernie
708,Guillermo
709,Zane
710,Bradley
711,Lawerence
712,Logan
713,Omar
714,Oran
715,Webster
716,Alford
717,Brady
718,Carmelo
719,Dillard
720,Lonzo
721,Pearl
722,Clare
723,Gary
724,Jerald
725,Leander
726,Elzie
727,Mahlon
728,Rowland
729,Seth
730,Theadore
731,Alvie
732,Coolidge
733,Edison
734,Milan
735,Miller
736,Silvio
737,Dayton
738,Early
739,Hayward
740,Hiroshi
741,Murry
742,Rayford
743,Vernie
744,Alois
745,Lambert
746,Aron
747,Arvil
748,Gino
749,Helen
750,June
751,Maxie
752,Benjiman
753,Donal
754,Garth
755,Gayle
756,Hamilton
757,Howell
758,Parker
759,Beryl
760,Blair
761,Carlyle
762,Claudie
763,Duncan
764,Durward
765,Ellwood
766,Huey
767,Ike
768,Kay
769,Melton
770,Oral
771,Barton
772,Bradford
773,Dante
774,Ford
775,Meredith
776,Reynold
777,Rodger
778,Abner
779,Eduardo
780,Garrett
781,Pierce
782,Leeroy
783,Quinton
784,Sandy
785,Verlin
786,Vester
787,Bonnie
788,Fernand
789,Lawson
790,Lois
791,Merlyn
792,Sylvan
793,Clovis
794,Elisha
795,Fidel
796,Sigmund
797,Adolfo
798,Allie
799,Allison
800,Armond
801,Benton
802,Denzil
803,Fritz
804,Hazel
805,Kirby
806,Norwood
807,Ruth
808,Wylie
809,Adolphus
810,Dewayne
811,Jonas
812,Lon
813,Madison
814,Agustin
815,Gaston
816,Refugio
817,Adelbert
818,Betty
819,Cruz
820,Franklyn
821,Mac
822,Verl
823,Arlo
824,Chauncey
825,Claire
826,Cloyd
827,Hardy
828,Hunter
829,Kennith
830,Lauren
831,Mickey
832,Newell
833,Olan
834,Thornton
835,Thurston
836,Waymon
837,Welton
838,Brooks
839,Carey
840,Delton
841,Garnett
842,Henderson
843,Kendall
844,Leopold
845,Melville
846,Merl
847,Ruby
848,Wyatt
849,Buck
850,Burt
851,Donovan
852,Hillard
853,Hosea
854,Luverne
855,Murl
856,Murphy
857,Orrin
858,Williams
859,Cleon
860,Deward
861,Elvis
862,Johnson
863,Lucious
864,Rosevelt
865,Durwood
866,Giles
867,Lafayette
868,Reynaldo
869,Tracy
870,Watson
871,Willam
872,Emmet
873,Enrico
874,Foy
875,Gustav
876,Judge
877,Malvin
878,Mariano
879,Mortimer
880,Norval
881,Odie
882,Orland
883,Rueben
884,Tim
885,Wm
886,Angus
887,Archibald
888,Audrey
889,Estel
890,Evans
891,Hans
892,Leamon
893,Orvil
894,Pierre
895,Sumner
896,Thad
897,Arvid
898,Clint
899,Damon
900,Darold
901,Furman
902,Gaetano
903,Hayden
904,Margarito
905,Trinidad
906,Werner
907,Cary
908,Elza
909,Fredric
910,Hilbert
911,Issac
912,Leopoldo
913,Masao
914,Norton
915,Reese
916,Addison
917,Alejandro
918,Aurelio
919,Baxter
920,Denis
921,Eloy
922,Lorin
923,Louise
924,Willian
925,Artie
926,Berry
927,Farrell
928,Finis
929,General
930,Jonnie
931,Marcellus
932,Regis
933,Wayland
934,Winton
935,Worth
936,Yoshio
937,Christ
938,Conway
939,Deane
940,Kiyoshi
941,Richmond
942,Smith
943,Wardell
944,Chas
945,Cleve
946,Conley
947,Ezekiel
948,Gardner
949,Jon
950,Lindsey
951,Ocie
952,Dorman
953,Garnet
954,Golden
955,Ivy
956,Jones
957,Llewellyn
958,Ludwig
959,Wyman
960,Andre
961,Ardell
962,Arlin
963,Artis
964,Berton
965,Burnell
966,Cameron
967,Donnie
968,Dwain
969,Enos
970,Harrell
971,Hilary
972,Joaquin
973,Loran
974,Milburn
975,Monte
976,Vivian
977,Wellington
978,Wilfrid
979,Zack
980,Barry
981,Jacques
982,Lindsay
983,Merwin
984,Dexter
985,Donn
986,Farris
987,Faustino
988,Harvie
989,Joyce
990,Layton
991,Lynwood
992,Tillman
993,Alec
994,Art
995,Brice
996,Burdette
997,Dorris
998,Harlen
999,Kevin
1000,Kirk
