Rank,Name
1,John
2,William
3,James
4,George
5,Charles
6,Joseph
7,Frank
8,Robert
9,Henry
10,Harry
11,Edward
12,Thomas
13,Walter
14,Arthur
15,Fred
16,Albert
17,Clarence
18,Roy
19,Willie
20,Earl
21,Louis
22,Carl
23,Paul
24,Ernest
25,Richard
26,Samuel
27,Raymond
28,Joe
29,David
30,Charlie
31,Ralph
32,Harold
33,Howard
34,Oscar
35,Andrew
36,Herbert
37,Elmer
38,Jesse
39,Will
40,Alfred
41,Daniel
42,Leo
43,Sam
44,Benjamin
45,Lee
46,Floyd
47,Jack
48,Herman
49,Lawrence
50,Francis
51,Michael
52,Eugene
53,Claude
54,Frederick
55,Peter
56,Clyde
57,Ray
58,Edwin
59,Lewis
60,Leonard
61,Tom
62,Ben
63,Chester
64,Edgar
65,Clifford
66,Martin
67,Harvey
68,Jacob
69,Lester
70,Jim
71,Luther
72,Russell
73,Homer
74,Otto
75,Hugh
76,Guy
77,Anthony
78,Bernard
79,Jessie
80,Lloyd
81,Ed
82,Theodore
83,Leroy
84,Leon
85,Patrick
86,Everett
87,Leslie
88,Oliver
89,Allen
90,Stanley
91,Philip
92,Archie
93,Ira
94,Eddie
95,Alexander
96,Norman
97,Horace
98,Bert
99,Charley
100,Victor
101,Julius
102,Cecil
103,Stephen
104,Percy
105,Isaac
106,Donald
107,Sidney
108,Alvin
109,August
110,Milton
111,Marion
112,Alex
113,Wesley
114,Glenn
115,Warren
116,Gilbert
117,Lonnie
118,Willis
119,Earnest
120,Vernon
121,Dave
122,Otis
123,Emil
124,Rufus
125,Jerry
126,Nathan
127,Emmett
128,Maurice
129,Melvin
130,Virgil
131,Johnnie
132,Matthew
133,Morris
134,Willard
135,Bennie
136,Mack
137,Grover
138,Dan
139,Gordon
140,Phillip
141,Ross
142,Amos
143,Glen
144,Hubert
145,Kenneth
146,Orville
147,Jess
148,Rudolph
149,Wilbur
150,Alonzo
151,Irving
152,Sylvester
153,Cornelius
154,Sherman
155,Manuel
156,Max
157,Wallace
158,Claud
159,Elbert
160,Edmund
161,Jay
162,Calvin
163,Jose
164,Vincent
165,Adolph
166,Clifton
167,Marshall
168,Marvin
169,Irvin
170,Roscoe
171,Curtis
172,Roland
173,Mike
174,Reuben
175,Simon
176,Adam
177,Jake
178,Harrison
179,Dennis
180,Franklin
181,Mark
182,Ellis
183,Moses
184,Clinton
185,Ollie
186,Owen
187,Steve
188,Aaron
189,Arnold
190,Felix
191,Perry
192,Nathaniel
193,Nicholas
194,Alva
195,Gus
196,Nelson
197,Gerald
198,Noah
199,Abraham
200,Bill
201,Karl
202,Christopher
203,Don
204,Timothy
205,Levi
206,Pete
207,Douglas
208,Preston
209,Anton
210,Jeff
211,Bruce
212,Clayton
213,Harley
214,Wiley
215,Grant
216,Hiram
217,Jasper
218,Dock
219,Edd
220,Eli
221,Johnie
222,Byron
223,Mose
224,Monroe
225,Roger
226,Wayne
227,Ivan
228,Ervin
229,Miles
230,Silas
231,Austin
232,Earle
233,Leland
234,Pearl
235,Elijah
236,Wade
237,Forrest
238,Julian
239,Barney
240,Abe
241,Anderson
242,Clark
243,Cleveland
244,Edmond
245,Fredrick
246,Juan
247,Troy
248,Emanuel
249,Bob
250,Lyle
251,Mary
252,Tony
253,Augustus
254,Millard
255,Scott
256,Boyd
257,Carroll
258,Laurence
259,Marcus
260,Chris
261,Andy
262,Ezra
263,Ferdinand
264,Gustave
265,Jimmie
266,Joel
267,Wilfred
268,Isiah
269,Jerome
270,Wilson
271,Clay
272,Louie
273,Ned
274,Ora
275,Columbus
276,Ike
277,Neal
278,Christian
279,Conrad
280,Emery
281,Emory
282,Foster
283,Aubrey
284,Mitchell
285,Grady
286,Merle
287,Nick
288,Riley
289,Asa
290,Major
291,Elias
292,Isaiah
293,Larry
294,Loyd
295,Bud
296,Enoch
297,Erwin
298,Ambrose
299,Clement
300,Dewitt
301,Dudley
302,Fay
303,Malcolm
304,Ulysses
305,Vern
306,Elwood
307,Ruben
308,Clair
309,Ellsworth
310,Forest
311,Hugo
312,Jackson
313,Luke
314,Morgan
315,Newton
316,Pedro
317,Solomon
318,Van
319,Allan
320,Tommie
321,Ward
322,Arch
323,Carlton
324,Delbert
325,Jefferson
326,Loren
327,Lucius
328,Mathew
329,Neil
330,Rex
331,Wilbert
332,Burton
333,Garland
334,Johnny
335,Noble
336,Alton
337,Chauncey
338,Cyril
339,Dale
340,Dean
341,Dorsey
342,Freddie
343,Jeremiah
344,Junius
345,Lemuel
346,Lynn
347,Pat
348,Wilford
349,Basil
350,Cyrus
351,Elisha
352,Fletcher
353,Freeman
354,Morton
355,Murray
356,Sanford
357,Spencer
358,Al
359,Cleve
360,Emile
361,General
362,Lyman
363,Porter
364,Russel
365,Stewart
366,Valentine
367,Archibald
368,Carlos
369,Dallas
370,Dick
371,Dwight
372,Evan
373,Lon
374,Lorenzo
375,Milo
376,Antonio
377,Arther
378,Christ
379,Clem
380,Francisco
381,Herschel
382,Jason
383,Joshua
384,Omer
385,Randolph
386,Zack
387,Abner
388,Chas
389,Dee
390,Emerson
391,Hal
392,Lacy
393,Matt
394,Myron
395,Noel
396,Royal
397,Ted
398,Wilmer
399,Allie
400,Early
401,Elzie
402,Gabriel
403,Green
404,Harris
405,Merritt
406,Napoleon
407,Reginald
408,Shirley
409,Sol
410,Taylor
411,Walker
412,Elliott
413,Haywood
414,Irwin
415,Ronald
416,Sydney
417,Turner
418,Wendell
419,Addison
420,Alvie
421,Anna
422,Casper
423,Corbett
424,Eldridge
425,Eric
426,Garfield
427,Granville
428,Gust
429,Harmon
430,King
431,Lionel
432,Nels
433,Oren
434,Parker
435,Urban
436,Vance
437,Webster
438,Winfield
439,Abram
440,Aloysius
441,Alphonse
442,Angelo
443,Emmet
444,Gene
445,Gustav
446,Hans
447,Hardy
448,Isadore
449,Jean
450,Judson
451,Lafayette
452,Lawson
453,Mckinley
454,Melville
455,Ole
456,Orval
457,Otha
458,Phil
459,Raleigh
460,Rupert
461,Sandy
462,Truman
463,Wm
464,Adrian
465,Avery
466,Benjiman
467,Bruno
468,Cary
469,Dominick
470,Elvin
471,Essie
472,Houston
473,Josh
474,Mason
475,Nat
476,Odie
477,Otho
478,Palmer
479,Wyatt
480,Arlie
481,Ashley
482,Bertram
483,Buford
484,Clare
485,Cliff
486,Dewey
487,Frances
488,Fritz
489,Harlan
490,Lowell
491,Lucian
492,Luis
493,Milford
494,Olin
495,Oral
496,Ramon
497,Thad
498,Thurman
499,Tillman
500,Verner
501,Waldo
502,Albin
503,Artie
504,Carter
505,Elton
506,Emmitt
507,Frederic
508,Henderson
509,Jonathan
510,Jordan
511,Logan
512,Merrill
513,Micheal
514,Olaf
515,Pink
516,Rollie
517,Saul
518,Son
519,Stuart
520,Warner
521,Abel
522,Bessie
523,Buster
524,Elza
525,Emma
526,Ernst
527,Guss
528,Jimmy
529,Justin
530,Levy
531,Lige
532,Margaret
533,Merton
534,Orrin
535,Ruth
536,Sterling
537,Theron
538,Verne
539,Vernie
540,Vester
541,Washington
542,Wilber
543,Bennett
544,Bertha
545,Beverly
546,Burt
547,Coleman
548,Eldon
549,Ezekiel
550,Hallie
551,Jodie
552,Judge
553,Jules
554,Loy
555,Maynard
556,Mortimer
557,Obie
558,Orlando
559,Reid
560,Seth
561,Shelby
562,Sid
563,Sim
564,Smith
565,Tommy
566,Wylie
567,Angus
568,Bernie
569,Billie
570,Boss
571,Dalton
572,Dana
573,Dayton
574,Dell
575,Eduardo
576,Florence
577,Ford
578,Howell
579,Jesus
580,Jonas
581,Jonnie
582,Josiah
583,Lem
584,Lenard
585,Maude
586,Miguel
587,Norris
588,Oswald
589,Prince
590,Ransom
591,Ruby
592,Steven
593,Toney
594,Alphonso
595,Audley
596,Berry
597,Buck
598,Burl
599,Carey
600,Carson
601,Davis
602,Elmo
603,Gale
604,Graham
605,Hervey
606,Hollis
607,Hyman
608,Irl
609,Israel
610,Jones
611,Kelly
612,Linwood
613,Llewellyn
614,Lonie
615,Lou
616,Lucien
617,Madison
618,Minor
619,Nolan
620,Paris
621,Reed
622,Seymour
623,Terry
624,Theo
625,Tobe
626,Tracy
627,Unknown
628,Vaughn
629,Vivian
630,Williams
631,Adolphus
632,Alan
633,Bailey
634,Bartholomew
635,Bryant
636,Chesley
637,Cleo
638,Cloyd
639,Coy
640,Crawford
641,Elmore
642,Enos
643,Ephriam
644,Ernie
645,Ethel
646,Finis
647,Garrett
648,Golden
649,Hampton
650,Heber
651,Henery
652,Issac
653,June
654,Keith
655,Loyal
656,Marshal
657,Monte
658,Nellie
659,Okey
660,Orin
661,Ottis
662,Price
663,Randall
664,Rolla
665,Thornton
666,Weldon
667,Wilburn
668,Ace
669,Alford
670,Algie
671,Alonza
672,Alvah
673,Alvis
674,Annie
675,Art
676,Author
677,Axel
678,Benjaman
679,Billy
680,Brooks
681,Carlyle
682,Cicero
683,Cletus
684,Clint
685,Duncan
686,Elie
687,Eliga
688,Elizabeth
689,Fate
690,Gail
691,Gary
692,Gertrude
693,Gregorio
694,Gregory
695,Hayward
696,Hazel
697,Hudson
698,Isom
699,Ivy
700,Jennie
701,Kyle
702,Lamar
703,Leander
704,Lincoln
705,Louise
706,Lucious
707,Lum
708,Marcellus
709,Newman
710,Norbert
711,Ocie
712,Olen
713,Omar
714,Pablo
715,Roderick
716,Rollin
717,Roman
718,Roswell
719,Rowland
720,Rubin
721,Sarah
722,Seward
723,Stanford
724,Thaddeus
725,Tomas
726,Walton
727,Watson
728,Winfred
729,Wong
730,Adelbert
731,Alpha
732,Andres
733,Anson
734,Aron
735,Benjamine
736,Benny
737,Blaine
738,Bonnie
739,Bradley
740,Bryan
741,Burr
742,Butler
743,Cal
744,Carlisle
745,Casey
746,Clara
747,Clarance
748,Doc
749,Dolphus
750,Egbert
751,Eligah
752,Elsie
753,Ephraim
754,Evans
755,Fleming
756,Gerard
757,Helmer
758,Hezekiah
759,Hilliard
760,Humphrey
761,Hunter
762,Ida
763,Ignatius
764,Lew
765,Loran
766,Mathias
767,Melton
768,Miller
769,Norval
770,Octave
771,Odis
772,Oran
773,Pierce
774,Pierre
775,Raphael
776,Reese
777,Richmond
778,Rodney
779,Rush
780,Shelton
781,Spurgeon
782,Squire
783,Talmage
784,Wellington
785,West
786,Zeno
787,Addie
788,Alden
789,Antone
790,Arley
791,Arvel
792,Bart
793,Bee
794,Bernhard
795,Brown
796,Byrd
797,Carleton
798,Claudie
799,Collie
800,Courtney
801,Craig
802,Delmer
803,Dexter
804,Doyle
805,Ella
806,Emmit
807,Ennis
808,Erby
809,Essex
810,Eva
811,Fernando
812,Floy
813,Gabe
814,Guadalupe
815,Harve
816,Hector
817,Helen
818,Hillard
819,Holly
820,Hughey
821,Isidore
822,Ivey
823,Ivory
824,Kirby
825,Lawerence
826,Leigh
827,Len
828,Lennie
829,Linton
830,Lonzo
831,Love
832,Lucas
833,Malcom
834,Manford
835,Maxwell
836,May
837,Mont
838,Murphy
839,Orie
840,Orla
841,Ovid
842,Park
843,Percival
844,Pleasant
845,Rafael
846,Rolland
847,Stacy
848,Sylvanus
849,Tim
850,Travis
851,Wash
852,Weaver
853,Werner
854,Wilton
855,Woodson
856,Wright
857,Agnes
858,Alfonso
859,Alfredo
860,Alston
861,Ansel
862,Arvid
863,Audrey
864,Augusta
865,Bascom
866,Baxter
867,Benedict
868,Bertie
869,Bertrand
870,Birt
871,Blake
872,Brice
873,Buddy
874,Burrell
875,Claire
876,Cleave
877,Clemmie
878,Clemon
879,Collins
880,Cora
881,Cullen
882,Danial
883,Dempsey
884,Donnie
885,Dorothy
886,Durward
887,Einar
888,Elliot
889,Elwin
890,Estel
891,Esther
892,Everette
893,Fern
894,Franz
895,Garnet
896,Garnett
897,Gaston
898,Gay
899,Gerhard
900,Glover
901,Gurney
902,Hamilton
903,Hebert
904,Hermon
905,Hezzie
906,Hill
907,Hobart
908,Hosea
909,Hoyt
910,Huey
911,Hughie
912,Isham
913,Kurt
914,Lillian
915,Lindsey
916,Linus
917,Lois
918,Lula
919,Mahlon
920,Marie
921,Martha
922,Mattie
923,Mearl
924,Murl
925,Nicolas
926,Nora
927,Oakley
928,Oddie
929,Odell
930,Orange
931,Osborne
932,Parley
933,Ramsey
934,Reinhold
935,Rene
936,Roe
937,Romeo
938,Rueben
939,Ruel
940,Sammie
941,Sampson
942,Shelly
943,Simeon
944,Sullivan
945,Tolbert
946,Toy
947,Vicente
948,Vinton
949,Wayman
950,Webb
951,Winston
952,Yee
953,Zed
954,Ada
955,Adolfo
956,Alec
957,Alf
958,Allison
959,Alois
960,Ammon
961,Audy
962,Augustine
963,Auther
964,Barnie
965,Barton
966,Benjamen
967,Bernice
968,Berton
969,Bishop
970,Blair
971,Blanche
972,Burnie
973,Caleb
974,Camille
975,Carrie
976,Colonel
977,Conley
978,Connie
979,Creed
980,Delmar
981,Denis
982,Denver
983,Dominic
984,Donat
985,Drew
986,Eben
987,Edna
988,Effie
989,Elige
990,Ellen
991,Emmons
992,Erich
993,Erle
994,Esau
995,Esley
996,Estill
997,Eston
998,Evert
999,Ferd
1000,Flem
