Rank,Girl Name,Boy Name
1,Linda,James
2,Mary,Robert
3,Patricia,John
4,Deborah,Michael
5,Barbara,David
6,Susan,William
7,Nancy,Richard
8,Karen,Thomas
9,Sandra,Charles
10,Kathleen,Gary
11,Carol,Larry
12,Donna,Ronald
13,Sharon,Steven
14,Brenda,Joseph
15,Diane,Donald
16,Pamela,Kenneth
17,Margaret,Dennis
18,Debra,Paul
19,Janet,Stephen
20,Cynthia,Mark
21,Janice,Daniel
22,Carolyn,George
23,Elizabeth,Edward
24,Christine,Jerry
25,Judith,Gregory
26,Judy,Bruce
27,Shirley,Douglas
28,Joyce,Timothy
29,Betty,Roger
30,Cheryl,Terry
31,Gloria,Frank
32,Rebecca,Raymond
33,Beverly,Lawrence
34,Catherine,Anthony
35,Kathy,Jeffrey
36,Gail,Gerald
37,Bonnie,Wayne
38,Martha,Peter
39,Joan,Patrick
40,Peggy,Alan
41,Marilyn,Danny
42,Dorothy,Walter
43,Jane,Carl
44,Connie,Arthur
45,Kathryn,Willie
46,Ann,Harold
47,Virginia,Henry
48,Denise,Jack
49,Jean,Dale
50,Diana,Johnny
51,Paula,Ralph
52,Wanda,Roy
53,Ruth,Kevin
54,Helen,Stanley
55,Katherine,Philip
56,Jacqueline,Randy
57,Phyllis,Joe
58,Vicki,Glenn
59,Frances,Keith
60,Laura,Albert
61,Rita,Christopher
62,Alice,Jimmy
63,Teresa,Craig
64,Theresa,Billy
65,Rose,Eugene
66,Elaine,Randall
67,Jo,Samuel
68,Ellen,Scott
69,Sheila,Andrew
70,Sherry,Harry
71,Cathy,Barry
72,Lynn,Allen
73,Joanne,Russell
74,Marcia,Howard
75,Maria,Brian
76,Marsha,Louis
77,Sally,Bobby
78,Marie,Frederick
79,Darlene,Phillip
80,Doris,Leonard
81,Victoria,Martin
82,Anne,Ronnie
83,Suzanne,Ernest
84,Charlotte,Rodney
85,Lois,Francis
86,Constance,Steve
87,Vickie,Fred
88,Evelyn,Melvin
89,Glenda,Eddie
90,Dianne,Norman
91,Sarah,Curtis
92,Roberta,Lee
93,Maureen,Eric
94,Anna,Tommy
95,Eileen,Earl
96,Anita,Marvin
97,Sylvia,Micheal
98,Jeanne,Clarence
99,Julie,Theodore
100,Valerie,Alfred
101,Yvonne,Clifford
102,Lorraine,Ricky
103,Charlene,Jerome
104,Joann,Vincent
105,Irene,Dean
106,Sue,Calvin
107,Norma,Bernard
108,Geraldine,Gordon
109,Wendy,Darrell
110,Rosemary,Victor
111,Rhonda,Leroy
112,Gwendolyn,Herbert
113,Annie,Jose
114,Colleen,Ray
115,Terry,Jesse
116,Lynda,Jay
117,Louise,Don
118,Marlene,Warren
119,Jennifer,Edwin
120,Kay,Alvin
121,Patsy,Nicholas
122,Robin,Leon
123,Claudia,Benjamin
124,Gayle,Lloyd
125,Michele,Leslie
126,Juanita,Gene
127,Julia,Glen
128,Marjorie,Mike
129,Stephanie,Joel
130,Jill,Duane
131,Janis,Vernon
132,Jeanette,Clyde
133,Leslie,Jackie
134,Arlene,Dwight
135,Loretta,Lewis
136,Andrea,Dan
137,Regina,Allan
138,Vivian,Jon
139,Laurie,Lonnie
140,Ruby,Floyd
141,Delores,Tony
142,June,Gilbert
143,Annette,Rick
144,Lynne,Juan
145,Jan,Bradley
146,Mildred,Jimmie
147,Carla,Jonathan
148,Paulette,Marc
149,Dolores,Neil
150,Angela,Donnie
151,Michelle,Lester
152,Sara,Franklin
153,Penny,Charlie
154,Cindy,Lynn
155,Joy,Garry
156,Beth,Leo
157,Josephine,Bill
158,Christina,Manuel
159,Carole,Harvey
160,Rosa,Randolph
161,Sheryl,Jeffery
162,Georgia,Johnnie
163,Jacquelyn,Matthew
164,Renee,Jim
165,Edith,Freddie
166,Shelley,Herman
167,Lillian,Rickey
168,Audrey,Tom
169,Esther,Milton
170,Edna,Rex
171,Belinda,Wesley
172,Kristine,Chris
173,Candace,Kim
174,Emma,Reginald
175,Debbie,Karl
176,Janie,Mitchell
177,Lisa,Arnold
178,Wilma,Chester
179,Yolanda,Guy
180,Pauline,Ted
181,Priscilla,Cecil
182,Grace,Kent
183,Eva,Gerard
184,Carmen,Roland
185,Terri,Dana
186,Clara,Stuart
187,Dianna,Nathaniel
188,Dawn,Claude
189,Thelma,Carlos
190,Bonita,Alexander
191,Ethel,Kerry
192,Bobbie,Perry
193,Toni,Terrence
194,Lucille,Fredrick
195,Veronica,Maurice
196,Marianne,Daryl
197,Jackie,Marshall
198,Margie,Darryl
199,Gladys,Oscar
200,Amy,Ruben
201,Vicky,Sam
202,Rachel,Sidney
203,Maryann,Hugh
204,Billie,Wallace
205,Melinda,Kirk
206,Ella,Jessie
207,Marion,Robin
208,Bertha,Neal
209,Monica,Clifton
210,Eleanor,Kurt
211,Florence,Brent
212,Emily,Edgar
213,Bernice,Benny
214,Beatrice,Terrance
215,Willie,Antonio
216,Lucy,Morris
217,Becky,Clinton
218,Maxine,Tyrone
219,Faye,Sammy
220,Marian,Ross
221,Lana,Nathan
222,Lillie,Wendell
223,Nora,Aaron
224,Shelia,Mario
225,Lydia,Marion
226,Hazel,Elmer
227,Francine,Byron
228,Patti,Rudolph
229,Melissa,Laurence
230,Ramona,Otis
231,Vera,Jesus
232,Mona,Lyle
233,Rosie,Clayton
234,Roxanne,Ira
235,Dana,Bryan
236,Ida,Bennie
237,Holly,Bob
238,Carrie,Max
239,Claire,Earnest
240,Stella,Nelson
241,Nina,Todd
242,Dora,Virgil
243,Myra,Willard
244,Melanie,Everett
245,Bernadette,Lance
246,Alma,Dave
247,Cecilia,Greg
248,Patrice,Jan
249,Jessie,Luis
250,Dale,Tim
251,Harriet,Raul
252,Patty,Kelly
253,Trudy,Francisco
254,Caroline,Alex
255,Irma,Ben
256,Deanna,Luther
257,Antoinette,Ricardo
258,Iris,Loren
259,Lee,Carlton
260,Melody,Myron
261,Susie,Randal
262,Betsy,Roberto
263,Miriam,Rudy
264,Lynette,Alton
265,Rosalie,Frankie
266,Rosemarie,Sylvester
267,Ginger,Gregg
268,Jeannette,Clark
269,Laurel,Sherman
270,Marguerite,Edmund
271,Tina,Troy
272,Alicia,Hubert
273,Johnnie,Brad
274,Doreen,Delbert
275,Gale,Darrel
276,Mattie,Horace
277,Velma,Tommie
278,Lucinda,Salvatore
279,Minnie,Leland
280,Deloris,Hector
281,Kathie,Archie
282,Cathleen,Malcolm
283,Naomi,Marcus
284,Bessie,Rodger
285,Cecelia,Bradford
286,Dixie,Jeff
287,Nadine,Lowell
288,Madeline,Geoffrey
289,Jennie,Teddy
290,Mae,Ramon
291,Jeannie,Roosevelt
292,Karla,Isaac
293,Geneva,Wade
294,Marla,Oliver
295,Margo,Mickey
296,Hilda,Denis
297,Ernestine,Wilbert
298,Marcella,Felix
299,Cassandra,Homer
300,Cora,Pete
301,Sherri,Jerald
302,Leona,Rickie
303,Verna,Pedro
304,Olivia,Doyle
305,Candice,Preston
306,Jenny,Carroll
307,Agnes,Stewart
308,Della,Julius
309,Lola,Grant
310,Glenna,Willis
311,Debora,Jacob
312,Guadalupe,Forrest
313,Viola,Van
314,Elsie,Armando
315,Lena,Julian
316,Laverne,Mack
317,Alberta,Kenny
318,Darla,Monte
319,Gretchen,Grady
320,Molly,Roderick
321,Therese,Ervin
322,Nellie,Miguel
323,Susanne,Nick
324,Janette,Angelo
325,Celeste,Rufus
326,Cheri,Stephan
327,Faith,Cary
328,Olga,Unknown
329,Celia,Wilbur
330,Hattie,Dallas
331,Kim,Andy
332,Penelope,Percy
333,Christy,Dewey
334,Unknown,Ivan
335,Gertrude,Conrad
336,Jody,Lanny
337,Jayne,Freddy
338,Crystal,Fernando
339,Katie,Terence
340,Jamie,Ellis
341,Sherrie,Lorenzo
342,Gay,Sammie
343,Daisy,Elbert
344,Rochelle,Spencer
345,Lula,Garland
346,Amelia,Dwayne
347,Lori,Hal
348,Pearl,Alonzo
349,Eunice,Bert
350,Adrienne,Rocky
351,Diann,Andre
352,Lorna,Galen
353,Ada,Louie
354,Flora,Owen
355,Rosalind,Travis
356,April,Arturo
357,Margarita,Rene
358,Claudette,Buddy
359,Bette,Irvin
360,Helene,Merle
361,Noreen,Boyd
362,Kerry,Woodrow
363,Bettie,Adrian
364,Erma,Royce
365,Eloise,Wilson
366,Kimberly,Alfonso
367,Sallie,Alfredo
368,Sheri,Edmond
369,Rosanne,Kyle
370,Leah,Aubrey
371,Myrna,Lionel
372,Saundra,Guadalupe
373,Jeri,Dominic
374,Polly,Salvador
375,Roseann,Gale
376,Tamara,Cornelius
377,Hope,Emmett
378,Karin,Darwin
379,Freda,Monty
380,Jessica,Sheldon
381,Sandy,Cleveland
382,Violet,Noel
383,Bettye,Moses
384,Fannie,Pat
385,Rosetta,Dominick
386,Henrietta,Wilfred
387,Lora,Vance
388,Joanna,Ernie
389,Lou,Harlan
390,Reba,Adam
391,Teri,Miles
392,Corinne,Grover
393,Camille,Rodolfo
394,Adele,Vaughn
395,Frankie,Ken
396,Gwen,Ned
397,Cherie,Amos
398,Ilene,Carey
399,Melba,Tracy
400,Kristin,Eldon
401,Janine,Phil
402,Nanette,Ron
403,Delia,Irving
404,Alison,Abraham
405,Dona,Alphonso
406,Kaye,Lamar
407,Lauren,Jerrold
408,Natalie,Derek
409,Lenora,Jeffry
410,Sondra,Angel
411,Amanda,Rafael
412,Jeanie,Elton
413,Marta,Murray
414,Robyn,Christian
415,Shelly,Denny
416,Sharron,Junior
417,Mamie,Marlin
418,Myrtle,Dannie
419,Sonja,Al
420,Sonia,Barney
421,Rena,Sterling
422,Fay,Blaine
423,Nelda,Elliott
424,Jolene,Gerry
425,Maggie,Harley
426,Ava,Orville
427,Tanya,Norris
428,Inez,Austin
429,Ronda,Winston
430,Marcy,Emanuel
431,Shannon,Kirby
432,Earnestine,Dick
433,Terrie,Gabriel
434,Jana,Ernesto
435,Jeannine,Frederic
436,Randi,Reed
437,Rosalyn,Enrique
438,Isabel,Dewayne
439,Lila,Dexter
440,Eugenia,Lon
441,Meredith,Ronny
442,Mable,Kermit
443,Genevieve,Jess
444,Jacalyn,Levi
445,Shari,Loyd
446,Dee,Reynaldo
447,Earlene,Thurman
448,Estella,Evan
449,Rae,Sanford
450,Blanche,Clay
451,Yvette,Alberto
452,Christie,Brett
453,Cathryn,Elijah
454,Muriel,Donny
455,Althea,Jorge
456,Kristina,Marty
457,Coleen,Reuben
458,Marva,Linwood
459,Robbie,Derrick
460,Antonia,Harrison
461,Ladonna,Christophe
462,Marilynn,Burton
463,Gracie,Donn
464,Maryanne,Darnell
465,Pat,Emil
466,Katharine,Norbert
467,Heidi,Elliot
468,Jerri,Jasper
469,Jerry,Roscoe
470,Lorene,Michel
471,Nona,Billie
472,Ruthie,Elwood
473,Heather,Randell
474,Lenore,Kennith
475,Lavonne,Lamont
476,Mindy,August
477,Sadie,Carmen
478,Lesley,Joesph
479,Jimmie,Ward
480,Maryellen,Dudley
481,Winifred,Blair
482,Elise,Joey
483,Jewel,Drew
484,Carlene,Simon
485,Ollie,Colin
486,Dorothea,Curt
487,Eula,Javier
488,Nita,Terrell
489,Gayla,Odell
490,Jeanine,Cornell
491,Chris,Will
492,Beverley,Julio
493,Jocelyn,Jason
494,Sharlene,Nolan
495,Bridget,Thaddeus
496,Elva,Timmy
497,Kristi,Pablo
498,Lynnette,Rocco
499,Delois,Garrett
500,Earline,Abel
501,Essie,Ramiro
502,Cherry,Kelvin
503,Ora,Lane
504,Elena,Russel
505,Cathie,Bobbie
506,Colette,Gail
507,Georgette,Jake
508,Gilda,Sandy
509,Rosalinda,Weldon
510,Bernadine,Solomon
511,Merry,Eddy
512,Harriett,Fredric
513,Rhoda,Ulysses
514,Tommie,Merlin
515,Rene,Wiley
516,Ana,Orlando
517,James,Domingo
518,Benita,Tomas
519,Clare,Eduardo
520,Candy,Gilberto
521,Lucia,Millard
522,Marylou,Carter
523,Melva,Elvin
524,Alexis,Israel
525,Allison,Denver
526,Etta,Geary
527,Fern,Jaime
528,Nikki,Luke
529,Nola,Felipe
530,Suzette,Joshua
531,Denice,Maynard
532,Kathi,Jefferson
533,Ina,Shelby
534,Roslyn,Dane
535,Nettie,Erwin
536,Estelle,Mary
537,Addie,Bryant
538,Edwina,Jackson
539,Pearlie,Reid
540,Roxann,Barton
541,Suzan,Delmar
542,Jannie,Ivory
543,Janelle,Elias
544,Johanna,Roman
545,Julianne,Casey
546,Dolly,Cedric
547,Willa,Danial
548,Dinah,Jody
549,Rosanna,Noah
550,Lela,Rogers
551,Roxie,Sean
552,Debby,Hollis
553,Francis,Morgan
554,Josie,Erik
555,Nan,Vern
556,Beulah,Carson
557,Kristie,Jeremiah
558,Shelby,Jerold
559,Valarie,Zachary
560,Helena,Coy
561,Kitty,Gus
562,Leola,Alejandro
563,Lupe,Merrill
564,Patrica,Jacky
565,Lizzie,Otto
566,Marietta,Chuck
567,Randy,Emery
568,Caren,Nicky
569,Millie,Ollie
570,Clarice,Riley
571,Dena,Santiago
572,Jewell,Winfred
573,Mari,Kendall
574,Sybil,Kris
575,Lyn,Monroe
576,Madelyn,Stan
577,May,Bennett
578,Daphne,Charley
579,Sherrill,Davis
580,Gina,Irwin
581,Kathrine,Toby
582,Opal,Eli
583,Dorthy,Jean
584,Leanne,Doug
585,Angie,Armand
586,Arleen,Blake
587,Freida,Clement
588,Angelina,Connie
589,Cheryle,Emory
590,Iva,Bryce
591,Aileen,Duncan
592,Barbra,Dwain
593,Malinda,Ismael
594,Kyle,Shawn
595,Robert,Val
596,Loraine,Clair
597,Queen,Harris
598,Sydney,Booker
599,Eddie,Justin
600,Elvira,Mitchel
601,Karol,Andres
602,Tonya,Donnell
603,Nanci,Isaiah
604,John,Johnie
605,Roseanne,Lonny
606,Valorie,Major
607,Blanca,Rory
608,Mabel,Royal
609,Katrina,Santos
610,Dian,Damon
611,Peggie,Guillermo
612,Portia,Kenton
613,Joe,Robbie
614,Ola,Earle
615,Bonny,Reggie
616,Darcy,Stevie
617,Greta,Wilford
618,Cornelia,Carmine
619,Katheryn,Emilio
620,Kristen,Rogelio
621,Leann,Arlen
622,Tracy,Lindsey
623,Charmaine,Dickie
624,Alyce,Ignacio
625,Pam,Patricia
626,Debrah,Mac
627,Lottie,Hershel
628,Marlys,Mervin
629,Vickey,Vito
630,Alana,Benito
631,Aurora,Ed
632,Mollie,Linda
633,Ronnie,Mathew
634,Sonya,Shelton
635,Karon,Anton
636,Alfreda,Burt
637,Mercedes,Errol
638,Mickey,Laverne
639,Cecile,Rolando
640,Delilah,Saul
641,Effie,Dalton
642,Elisabeth,Lenard
643,Leigh,Scotty
644,Sherryl,Stanford
645,Eve,Herschel
646,Freddie,Bernie
647,Celestine,Nickolas
648,Caryn,Seth
649,Doretha,Gearld
650,Elsa,Stevan
651,Esperanza,Adolph
652,Madonna,Douglass
653,Retha,Mikel
654,Roxanna,Myles
655,Twila,Stacy
656,Gaye,Butch
657,Vanessa,Rusty
658,Consuelo,Lemuel
659,Corrine,Emerson
660,Marcie,Emmitt
661,Reva,Fletcher
662,Sharyn,Quentin
663,Charleen,Sonny
664,Jacklyn,Wilton
665,Angeline,Everette
666,Karyn,Nicolas
667,Kristy,Carol
668,Jacque,Basil
669,Michael,Freeman
670,Lea,Garth
671,Judi,Shannon
672,Lilly,Jere
673,Margery,Lawerence
674,Pamala,Wilmer
675,Annmarie,Buford
676,Avis,Felton
677,Cinda,Stanton
678,Ingrid,Graham
679,Minerva,Lindsay
680,Ivy,Randel
681,Alta,Hiram
682,Elisa,Ryan
683,Hannah,Dee
684,Kelly,Ian
685,Ophelia,Milo
686,Darleen,Rolland
687,Mavis,Sergio
688,Nannette,Anderson
689,Vikki,Artis
690,Carmella,Bart
691,Dottie,Gayle
692,Felicia,Hank
693,Juana,Forest
694,Carlotta,Isiah
695,Valeria,Pierre
696,Louella,Rand
697,Daryl,Cameron
698,Mariann,Dirk
699,Marilee,Alden
700,Neva,Houston
701,Catharine,Odis
702,Gerry,Augustine
703,Graciela,Dwaine
704,Luann,Glynn
705,Leila,Lucius
706,Carmela,Otha
707,Josefina,Arnulfo
708,Lorrie,Kip
709,Sophia,Marcel
710,Charles,Rayford
711,Reta,Burl
712,Beryl,Chad
713,Deanne,Cleo
714,Elnora,Kimberly
715,Odessa,Marco
716,Fran,Eloy
717,Kris,Gerardo
718,Madeleine,Brady
719,Frieda,Bud
720,Leticia,Coleman
721,Janell,Mckinley
722,Debbra,Mose
723,Rebekah,Silas
724,Terese,Lyman
725,Bethany,Matt
726,Leanna,Raleigh
727,Tana,Augustus
728,Aleta,Buster
729,Dollie,Gaylord
730,Ester,Sherwood
731,Imogene,Theron
732,Winnie,Fidel
733,Angelita,Lynwood
734,Glinda,Noe
735,Leta,Ritchie
736,Luanne,Brooks
737,Charla,Gaylon
738,Concetta,Hoyt
739,Delphine,Napoleon
740,Roseanna,Curtiss
741,Magdalena,Cyril
742,Marybeth,Humberto
743,Nell,Lupe
744,Camilla,Pasquale
745,Bennie,Carlo
746,Corliss,Haywood
747,Deidre,Jamie
748,Louisa,Jeremy
749,Abigail,Benedict
750,Deirdre,Bertram
751,Evangeline,Cletus
752,Maryjane,Cruz
753,Alexandra,Cyrus
754,Callie,Donovan
755,Merle,Elmo
756,Pattie,Gustavo
757,Shirlene,Lauren
758,Vonda,Lesley
759,Bobby,Mason
760,Cathey,Ezzard
761,Georgina,Lannie
762,Lily,Lavern
763,Maryjo,Alphonse
764,Virgie,Jonathon
765,Cleo,Rubin
766,Donita,Bruno
767,Jacquline,Cleve
768,Lorena,Del
769,Margot,Foster
770,Marleen,Hilton
771,Sharleen,Huey
772,Letha,Leigh
773,Ruthann,Normand
774,Georgianna,Woody
775,Oralia,Berry
776,Carleen,Dorsey
777,Nedra,Garold
778,Treva,Judson
779,Carolann,Marcos
780,Eliza,Regis
781,Geri,Adolfo
782,Juliana,Dewitt
783,Krista,King
784,Matilda,Toney
785,Melodie,Avery
786,Vernell,Boyce
787,Janna,Delmer
788,Sophie,Dennie
789,Cassie,Domenic
790,Goldie,Ricki
791,Lelia,Claud
792,Silvia,Clint
793,Wilhelmina,Hayward
794,Adela,Lyndon
795,Elma,Verne
796,Kathlyn,Waymon
797,Lona,Wilburn
798,Ricki,Xavier
799,Deana,Ezra
800,Deena,Milford
801,Elida,Rod
802,Sanjuanita,Shirley
803,Caryl,Alvis
804,Erlinda,Courtney
805,Laureen,Wally
806,Marina,Erick
807,Renae,Fritz
808,Shawn,Lincoln
809,Susanna,Mcarthur
810,Danielle,Olen
811,Dorene,Olin
812,Isabelle,Truman
813,Lucretia,Columbus
814,Maura,Efrain
815,Rosalee,Hans
816,Selma,Jordan
817,Ofelia,Jules
818,Sharen,Lacy
819,Clementine,Wardell
820,Elouise,Joaquin
821,Jerilyn,Layne
822,Libby,Von
823,Meryl,Zane
824,Justine,Jacques
825,Lonnie,Jerel
826,Luella,Rollin
827,Maribeth,Scot
828,Wilda,Vicente
829,Annetta,Walton
830,Claudine,Artie
831,Rachelle,Skip
832,Carroll,Walker
833,Ronna,Hugo
834,Joellen,Newton
835,Cathrine,Raphael
836,Fonda,Raymundo
837,Lauretta,Tyler
838,Marianna,Barbara
839,Rowena,Darold
840,Carolina,Emmanuel
841,Elissa,Hardy
842,Jacquelin,Rolf
843,Lessie,Elroy
844,Linnea,Hosea
845,Rhea,Jame
846,Bobbi,Marlon
847,Ila,Randle
848,Kate,Agustin
849,Lindsay,Gil
850,Rosita,Kit
851,Suzann,Kurtis
852,George,Chauncey
853,Letitia,Cliff
854,Lorelei,Corey
855,Rosario,Gregorio
856,Elinor,Taylor
857,Corine,Alva
858,Georgene,Darell
859,Lorie,Emile
860,Luz,Gaylen
861,Phoebe,Gerold
862,Toby,Hobert
863,Allyson,Jonas
864,Jerrie,Leander
865,Nicki,Lucious
866,Rosella,Prince
867,Stacy,Farrell
868,William,Federico
869,Mimi,Jarvis
870,Raquel,Jed
871,Georgiana,Lucian
872,Hollis,Margarito
873,Juliette,Maxwell
874,Mara,Carrol
875,Socorro,Issac
876,Aida,Leonardo
877,Elvia,Lorenza
878,Evangelina,Meredith
879,Kendra,Trinidad
880,Margret,Winfield
881,Martina,Alfonzo
882,Adeline,Allyn
883,Carolynn,Arden
884,Deann,Cory
885,Florine,Enoch
886,Jann,Lawrance
887,Laraine,Levon
888,Shirlee,Lorin
889,Theodora,Maxie
890,Winona,Omar
891,Angelia,Quinton
892,Dina,Carnell
893,Donnie,Deborah
894,Geralyn,Ezell
895,Hilary,Logan
896,Jannette,Orval
897,Jodie,Parker
898,Marty,Raymon
899,Nicolette,Scottie
900,Twyla,Terrill
901,Zelma,Tod
902,Charlie,Brant
903,David,Brice
904,Evon,Derrell
905,Jonnie,Edwardo
906,Kathaleen,Harmon
907,Stacey,Howell
908,Danna,Ike
909,Enid,Murphy
910,Judie,Rosendo
911,Mickie,Rupert
912,Nila,Alford
913,Phillis,Stefan
914,Clarissa,Sydney
915,Francisca,Alonza
916,Joleen,Glendon
917,Larry,Wayland
918,Marita,Winford
919,Shellie,Arlin
920,Sheron,Aurelio
921,Cheryll,Bonnie
922,Joycelyn,Carleton
923,Kathyrn,Donell
924,Lindy,Granville
925,Romona,Len
926,Rona,Melton
927,Tara,Patric
928,Aline,Theadore
929,Christi,Duwayne
930,Karan,Erasmo
931,Leslee,Jerrell
932,Millicent,Rudolfo
933,Mitzi,Verlin
934,Pansy,Arlie
935,Pennie,Authur
936,Petra,Cordell
937,Sammie,Lafayette
938,Collette,Lex
939,Erin,Lindell
940,Karolyn,Noble
941,Lawanda,Oren
942,Lizabeth,Williams
943,Sidney,Alec
944,Starr,Crawford
945,Adrian,Harland
946,Amber,Lou
947,Daria,Morton
948,Evonne,Whitney
949,Rosann,Arther
950,Roselyn,Brendan
951,Zoe,Cody
952,Elyse,Eliseo
953,Ginny,Ferdinand
954,Joetta,Franklyn
955,Lavern,Jared
956,Lourdes,Kelley
957,Erica,Mel
958,Esmeralda,Rodrick
959,Nicole,Stacey
960,Richard,Thad
961,Suellen,Valentine
962,Estela,Vernell
963,Janeen,Antone
964,Juliet,Arlan
965,Pamella,Arvin
966,Rachael,Benton
967,Teena,Daryle
968,Tracey,Talmadge
969,Veda,Warner
970,Candis,Windell
971,Cristina,Aron
972,Gwenda,Beverly
973,Kathlene,Dayton
974,Sherilyn,Delton
975,Shiela,Denzil
976,Velda,Edsel
977,Alva,Eldridge
978,Delma,Erich
979,Drema,Jewel
980,Herlinda,Obie
981,Vonnie,Refugio
982,Gaynell,Richmond
983,Glynda,Vince
984,Juliann,Davie
985,Noel,Ford
986,Thomas,Lennie
987,Allyn,Madison
988,Flossie,Milan
989,Gerri,Orin
990,Kathern,Ottis
991,Lonna,Rollie
992,Regenia,Sherwin
993,Rhona,Ashley
994,Tammy,Brandon
995,Tonia,Cole
996,Bernita,Donal
997,Brinda,Esteban
998,Christa,Giles
999,Jenifer,Gonzalo
1000,Pauletta,Greggory
