Rank,Name
1,James
2,Robert
3,John
4,William
5,Richard
6,David
7,Charles
8,Thomas
9,Ronald
10,Michael
11,Donald
12,Larry
13,Joseph
14,George
15,Kenneth
16,Gary
17,Jerry
18,Edward
19,Paul
20,Dennis
21,Frank
22,Raymond
23,Gerald
24,Roger
25,Daniel
26,Walter
27,Harold
28,Douglas
29,Stephen
30,Arthur
31,Henry
32,Lawrence
33,Carl
34,Jack
35,Joe
36,Willie
37,Billy
38,Roy
39,Peter
40,Ralph
41,Wayne
42,Jimmy
43,Albert
44,Anthony
45,Fred
46,Bobby
47,Eugene
48,Howard
49,Terry
50,Harry
51,Bruce
52,Johnny
53,Louis
54,Stanley
55,Leonard
56,Norman
57,Philip
58,Steven
59,Dale
60,Earl
61,Ernest
62,Samuel
63,Melvin
64,Francis
65,Bill
66,Marvin
67,Alan
68,Clarence
69,Patrick
70,Frederick
71,Ronnie
72,Don
73,Russell
74,Leroy
75,Jim
76,Allen
77,Tommy
78,Alfred
79,Andrew
80,Eddie
81,Phillip
82,Barry
83,Martin
84,Ray
85,Glenn
86,Herbert
87,Tom
88,Danny
89,Gene
90,Mike
91,Lee
92,Bernard
93,Steve
94,Clifford
95,Jimmie
96,Theodore
97,Victor
98,Gordon
99,Timothy
100,Curtis
101,Mark
102,Warren
103,Leon
104,Lloyd
105,Jesse
106,Vincent
107,Edwin
108,Keith
109,Jerome
110,Bob
111,Harvey
112,Floyd
113,Alvin
114,Clyde
115,Lewis
116,Jeffrey
117,Vernon
118,Rodney
119,Franklin
120,Brian
121,Leslie
122,Charlie
123,Gilbert
124,Jackie
125,Lester
126,Calvin
127,Jon
128,Joel
129,Herman
130,Benjamin
131,Arnold
132,Cecil
133,Leo
134,Jay
135,Johnnie
136,Allan
137,Chester
138,Duane
139,Dan
140,Darrell
141,Milton
142,Dean
143,Freddie
144,Lonnie
145,Tony
146,Glen
147,Lynn
148,Nicholas
149,Manuel
150,Roland
151,Jose
152,Claude
153,Sam
154,Elmer
155,Wesley
156,Wallace
157,Ted
158,Dwight
159,Willard
160,Hugh
161,Eric
162,Neil
163,Gregory
164,Craig
165,Maurice
166,Jessie
167,Dave
168,Edgar
169,Oscar
170,Marion
171,Randall
172,Marshall
173,Sidney
174,Everett
175,Virgil
176,Benny
177,Earnest
178,Alexander
179,Stuart
180,Donnie
181,Morris
182,Karl
183,Sammy
184,Christopher
185,Lyle
186,Max
187,Clifton
188,Dick
189,Bennie
190,Luther
191,Nathaniel
192,Ben
193,Juan
194,Garry
195,Carroll
196,Guy
197,Matthew
198,Kent
199,Wendell
200,Lowell
201,Homer
202,Fredrick
203,Nelson
204,Delbert
205,Gerard
206,Clayton
207,Hubert
208,Willis
209,Otis
210,Clinton
211,Carlos
212,Perry
213,Horace
214,Loren
215,Leland
216,Malcolm
217,Oliver
218,Wilbur
219,Edmund
220,Randolph
221,Rudolph
222,Alex
223,Alton
224,Micheal
225,Laurence
226,Pete
227,Kevin
228,Troy
229,Mack
230,Terrence
231,Jerald
232,Ira
233,Tim
234,Archie
235,Rex
236,Reginald
237,Salvatore
238,Julius
239,Roosevelt
240,Wilbert
241,Byron
242,Randy
243,Ross
244,Nathan
245,Jonathan
246,Myron
247,Antonio
248,Dewey
249,Tommie
250,Jesus
251,Woodrow
252,Nick
253,Julian
254,Rudy
255,Aaron
256,Jan
257,Carlton
258,Ivan
259,Winston
260,Ruben
261,Sherman
262,Scott
263,Neal
264,Rodger
265,Ron
266,Doyle
267,Pat
268,Mitchell
269,Teddy
270,Clark
271,Darrel
272,Sylvester
273,Elbert
274,Ellis
275,Dallas
276,Frankie
277,Ervin
278,Rufus
279,Isaac
280,Jeff
281,Jacob
282,Orville
283,Grady
284,Terrance
285,Wilson
286,Sheldon
287,Conrad
288,Forrest
289,Eldon
290,Merle
291,Chris
292,Preston
293,Garland
294,Ken
295,Kenny
296,Buddy
297,Billie
298,Stewart
299,Ramon
300,Owen
301,Felix
302,Grant
303,Bert
304,Irvin
305,Junior
306,Phil
307,Boyd
308,Sammie
309,Darryl
310,Wade
311,Noel
312,Mickey
313,Wilfred
314,Percy
315,Roberto
316,Aubrey
317,Royce
318,Raul
319,Angelo
320,Daryl
321,Grover
322,Ronny
323,Francisco
324,Pedro
325,Harley
326,Harlan
327,Spencer
328,Brent
329,Andy
330,Denis
331,Bobbie
332,Tyrone
333,Freddy
334,Darwin
335,Emmett
336,Louie
337,Mario
338,Marlin
339,Bradley
340,Irving
341,Kermit
342,Edmond
343,Colin
344,Bryan
345,Ed
346,Luis
347,Loyd
348,Travis
349,Jeffery
350,Burton
351,Gale
352,Moses
353,Denny
354,Geoffrey
355,Thurman
356,Kurt
357,Lance
358,Lanny
359,Murray
360,Austin
361,Cleveland
362,Elwood
363,Sanford
364,Lionel
365,Dominick
366,Marcus
367,Ned
368,Amos
369,Kelly
370,Guadalupe
371,Gerry
372,Norbert
373,Alfonso
374,Dominic
375,Merlin
376,Cornelius
377,Terence
378,Alonzo
379,Emil
380,Cary
381,Lorenzo
382,Elton
383,Van
384,Mary
385,Adam
386,Jasper
387,August
388,Simon
389,Frederic
390,Doug
391,Armando
392,Merrill
393,Roscoe
394,Lamar
395,Hector
396,Norris
397,Mac
398,Rene
399,Maynard
400,Rick
401,Robin
402,Elliott
403,Millard
404,Arturo
405,Harrison
406,Carol
407,Linwood
408,Carmen
409,Alfredo
410,Ernie
411,Marc
412,Wiley
413,Weldon
414,Adrian
415,Roderick
416,Odell
417,Barney
418,Elijah
419,Elvin
420,Johnie
421,Fredric
422,Sterling
423,Delmar
424,Miguel
425,Gail
426,Truman
427,Erwin
428,Laverne
429,Kerry
430,Ricardo
431,Kirk
432,Charley
433,Hal
434,Jerold
435,Hollis
436,Nolan
437,Monroe
438,Will
439,Jackson
440,Salvador
441,Galen
442,Vaughn
443,Al
444,Coy
445,Errol
446,Ollie
447,Reuben
448,Shelby
449,Abraham
450,Buford
451,Gabriel
452,Dwayne
453,Otto
454,Emanuel
455,Monty
456,Dannie
457,Jess
458,Emory
459,Wilmer
460,Chuck
461,Irwin
462,Dana
463,Shirley
464,Dudley
465,Ricky
466,Levi
467,Melvyn
468,Ward
469,Armand
470,Bradford
471,Mcarthur
472,Monte
473,Russel
474,Riley
475,Rodolfo
476,Clement
477,Jerrold
478,Booker
479,Vance
480,Clair
481,Blaine
482,Dewayne
483,Fernando
484,Jean
485,Gus
486,Todd
487,Dexter
488,Enrique
489,Harris
490,Mervin
491,Freeman
492,Jake
493,Earle
494,Tomas
495,Domingo
496,Reynaldo
497,Dickie
498,Noah
499,Ulysses
500,Miles
501,Solomon
502,Connie
503,Rocco
504,Vern
505,Carrol
506,Barbara
507,Wilburn
508,Alva
509,Evan
510,Lavern
511,Tracy
512,Winfred
513,Alberto
514,Elliot
515,Ernesto
516,Gaylord
517,Patricia
518,Barton
519,Felipe
520,Greg
521,Alphonso
522,Denver
523,Lupe
524,Garrett
525,Sandy
526,Stan
527,Stephan
528,Wilford
529,Bernie
530,Eddy
531,Gilberto
532,Kennith
533,Rafael
534,Kirby
535,Dalton
536,Hershel
537,Jason
538,Lenard
539,Linda
540,Pablo
541,Silas
542,Christian
543,Cleo
544,Basil
545,Andre
546,Emery
547,Gayle
548,Joey
549,Milford
550,Rolland
551,Carey
552,Carmine
553,Carter
554,Davis
555,Everette
556,Wilton
557,Anton
558,Lyman
559,Adolph
560,Forest
561,Thaddeus
562,Joesph
563,Kendall
564,Sonny
565,Alden
566,Luke
567,Major
568,Clay
569,Julio
570,Delmer
571,Morgan
572,Carson
573,Pasquale
574,Roman
575,Royal
576,Elmo
577,Jeremiah
578,Kyle
579,Arden
580,Art
581,Foster
582,Ignacio
583,Morton
584,Terrell
585,Vito
586,Eli
587,Angel
588,Blair
589,Olen
590,Gregg
591,Toby
592,Cyril
593,Emerson
594,Arlie
595,Jere
596,Theron
597,Gearld
598,Olin
599,Donny
600,Isaiah
601,Reed
602,Ramiro
603,Rogers
604,Andres
605,Burl
606,Hiram
607,Elias
608,Glynn
609,Houston
610,Raleigh
611,Milo
612,Bart
613,Duncan
614,Sherwood
615,Isiah
616,Jacky
617,Justin
618,Lucius
619,Sandra
620,Kim
621,Normand
622,Rickey
623,Elroy
624,Herschel
625,Nicky
626,Orlando
627,Rayford
628,Claud
629,Fletcher
630,Harmon
631,Ivory
632,Lyndon
633,Anderson
634,Bennett
635,Cletus
636,Emilio
637,Odis
638,Shelton
639,Augustus
640,Otha
641,Santiago
642,Hilton
643,Augustine
644,Jefferson
645,Judson
646,Kay
647,Orval
648,Saul
649,Woody
650,Boyce
651,Jules
652,Lacy
653,Reggie
654,Sharon
655,Coleman
656,Columbus
657,Dee
658,Emmitt
659,Joshua
660,Lemuel
661,Wally
662,Hoyt
663,Lamont
664,Newton
665,Dewitt
666,Graham
667,Haywood
668,Alphonse
669,Bonnie
670,Lincoln
671,Maxie
672,Abel
673,Benito
674,Curtiss
675,Eduardo
676,Israel
677,Betty
678,Felton
679,Judith
680,Mason
681,Beverly
682,Bryant
683,Bryce
684,Bud
685,Hayward
686,Lynwood
687,Marty
688,Quentin
689,Santos
690,Warner
691,Randal
692,Burt
693,Emile
694,Garth
695,King
696,Lauren
697,Buster
698,Nickolas
699,Rollin
700,Regis
701,Seth
702,Taylor
703,Ambrose
704,Donn
705,Lawerence
706,Marcel
707,Mathew
708,Mckinley
709,Walton
710,Dwain
711,Ellsworth
712,Hobert
713,Winford
714,Derek
715,Douglass
716,Joyce
717,Lon
718,Meredith
719,Noble
720,Verlin
721,Arlen
722,Elden
723,Jorge
724,Delmas
725,Guillermo
726,Jeffry
727,Lonny
728,Loran
729,Myles
730,Palmer
731,Erik
732,Jamie
733,Jordan
734,Oren
735,Reid
736,Arvid
737,Dennie
738,Leigh
739,Michel
740,Avery
741,Carolyn
742,Huey
743,Raymon
744,Sydney
745,Waymon
746,Adolfo
747,Cruz
748,Dorsey
749,Hardy
750,Lucien
751,Alford
752,Benedict
753,Cliff
754,Darold
755,Drew
756,Fidel
757,Gaylon
758,Lindsey
759,Loy
760,Rogelio
761,Stanford
762,Verne
763,Willian
764,Donovan
765,Ferdinand
766,Granville
767,Melton
768,Arther
769,Damon
770,Durwood
771,Mose
772,Omer
773,Windell
774,Brady
775,Mel
776,Rod
777,Sherrill
778,Val
779,Walker
780,Alvis
781,Carlo
782,Eloy
783,Elwin
784,Merlyn
785,Napoleon
786,Theadore
787,Alejandro
788,Arlin
789,Cyrus
790,Garold
791,Kenton
792,Lane
793,Mitchel
794,Nancy
795,Ottis
796,Randell
797,Artis
798,Harland
799,Jerrell
800,Lesley
801,Merritt
802,Patsy
803,Berry
804,Domenic
805,Franklyn
806,Jewell
807,Loyal
808,Dorothy
809,Glendon
810,Howell
811,Hugo
812,Maxwell
813,Porter
814,Rupert
815,Seymour
816,Talmadge
817,Brad
818,Brooks
819,Gregorio
820,Obie
821,Vicente
822,Wardell
823,Wilber
824,Enoch
825,Ian
826,Pierre
827,Robbie
828,Bertram
829,Bruno
830,Curt
831,Farrell
832,Gerold
833,Matt
834,Murphy
835,Parker
836,Sal
837,Zane
838,Denzil
839,Duwayne
840,Hermon
841,Jewel
842,Newell
843,Nicolas
844,Prince
845,Reynold
846,Arlan
847,Benton
848,Claudie
849,Dillard
850,Edsel
851,Jame
852,Les
853,Margaret
854,Theo
855,Winfield
856,Albin
857,Cedric
858,Curley
859,Early
860,Elvis
861,General
862,Ike
863,Lorin
864,Macarthur
865,Orrin
866,Sebastian
867,Stanton
868,Terrill
869,Arvin
870,Carleton
871,Dayton
872,Ezra
873,Fritz
874,Thad
875,Ashley
876,Blake
877,Cameron
878,Elmore
879,Junius
880,Lindell
881,Raphael
882,Rubin
883,Russ
884,Waldo
885,Allyn
886,Artie
887,Courtney
888,Frances
889,Haskell
890,Ora
891,Quinton
892,Willam
893,Asa
894,Cleve
895,Rondal
896,Valentine
897,Abe
898,Aron
899,Brendan
900,Collin
901,Cordell
902,Delton
903,Dwaine
904,Lawson
905,Merton
906,Oran
907,Rayburn
908,Ezell
909,Issac
910,Javier
911,Jennings
912,Karen
913,Leeroy
914,Logan
915,Lucious
916,Timmy
917,Clarance
918,Dell
919,Joan
920,Lavon
921,Milan
922,Refugio
923,Antone
924,Dock
925,Elwyn
926,Judy
927,Lenwood
928,Lonzo
929,Reese
930,Rosevelt
931,Rowland
932,Wayland
933,Cornell
934,Derrell
935,Giles
936,Jaime
937,Johnson
938,Jonas
939,Lindsay
940,Lorenza
941,Marco
942,Verl
943,Wylie
944,Alvie
945,Garnett
946,Hans
947,Rocky
948,Scotty
949,Shannon
950,Stacy
951,Susan
952,Vince
953,Williams
954,Wyatt
955,Arlo
956,Armond
957,Butch
958,Clem
959,Clint
960,Del
961,Denton
962,Edd
963,Edison
964,Ennis
965,Hayden
966,Ismael
967,Jared
968,Rollie
969,Arvil
970,Barrie
971,Bertrand
972,Delano
973,Elisha
974,Leonardo
975,Margarito
976,Miller
977,Rosendo
978,Sean
979,Tex
980,Danial
981,Eliseo
982,Esteban
983,Orin
984,Prentiss
985,Quincy
986,Romeo
987,Duke
988,Herb
989,Janet
990,Linden
991,Niles
992,Randle
993,Roddy
994,Thornton
995,Tillman
996,Trinidad
997,Vernell
998,Alfonzo
999,Author
1000,Evans
