Rank,Girl Name,Boy Name
1,Olivia,Liam
2,Charlotte,Noah
3,Emma,Oliver
4,Amelia,Theodore
5,Sophia,Henry
6,Mia,James
7,Isabella,Elijah
8,Evelyn,Mateo
9,Sofia,William
10,Eliana,Lucas
11,Ava,Benjamin
12,Eleanor,Levi
13,Violet,Elias
14,Ailany,Luca
15,Aurora,Jack
16,Harper,Sebastian
17,Elizabeth,Hudson
18,Lily,Samuel
19,Camila,Leo
20,Nora,Ezra
21,Hazel,Michael
22,Penelope,Daniel
23,Chloe,John
24,Ellie,Ethan
25,Lucy,Julian
26,Aria,Santiago
27,Luna,Cooper
28,Isla,Asher
29,Ella,Joseph
30,Lainey,Alexander
31,Zoe,Owen
32,Scarlett,Matthew
33,Gianna,Luke
34,Emily,Thomas
35,Valentina,David
36,Layla,Jackson
37,Avery,Gabriel
38,Grace,Wyatt
39,Ivy,Mason
40,Madison,Bennett
41,Abigail,Dylan
42,Elena,Roman
43,Mila,Jacob
44,Willow,Miles
45,Emilia,Carter
46,Nova,Anthony
47,Naomi,Isaac
48,Riley,Charles
49,Eloise,Maverick
50,Sadie,Thiago
51,Delilah,Grayson
52,Stella,Wesley
53,Josephine,Logan
54,Victoria,Josiah
55,Sophie,Weston
56,Hannah,Waylon
57,Lillian,Isaiah
58,Leah,Caleb
59,Adeline,Rowan
60,Leilani,Beau
61,Iris,Ezekiel
62,Maya,Aiden
63,Clara,Nathan
64,Ruby,Brooks
65,Alice,Nolan
66,Genesis,Joshua
67,Paisley,Angel
68,Claire,Christopher
69,Zoey,Lincoln
70,Eden,Jayden
71,Madelyn,Silas
72,Vivian,Enzo
73,Millie,Andrew
74,Emery,Adrian
75,Daisy,Atlas
76,Maeve,Cameron
77,Ayla,Everett
78,Liliana,Walker
79,Melody,Axel
80,Lyla,Aaron
81,Madeline,August
82,Josie,Theo
83,Lucia,Ian
84,Addison,Adriel
85,Kennedy,Luka
86,Audrey,Gael
87,Maria,Arthur
88,Autumn,Jeremiah
89,Natalie,Jonathan
90,Sarah,Micah
91,Everly,Leonardo
92,Lydia,Robert
93,Kinsley,Kai
94,Sienna,Emiliano
95,Jade,Jose
96,Caroline,Christian
97,Quinn,Eithan
98,Amara,Archer
99,Georgia,Ryan
100,Juniper,Myles
101,Aaliyah,Adam
102,Margot,Parker
103,Allison,Colton
104,Hailey,Eli
105,Gabriella,Amir
106,Parker,Dominic
107,Anna,Vincent
108,Cecilia,Xavier
109,Athena,Damian
110,Juliette,Easton
111,Catalina,River
112,Margaret,Nicholas
113,Cora,Austin
114,Rose,Jace
115,Eliza,Jaxon
116,Raelynn,Harrison
117,Alaia,Lorenzo
118,Brooklyn,Callum
119,Esther,Milo
120,Hallie,Graham
121,Hadley,Emmett
122,Emerson,Sawyer
123,Elsie,Giovanni
124,Magnolia,Carson
125,Mary,Dean
126,Scottie,George
127,Valerie,Landon
128,Ariana,Jonah
129,Serenity,Jasper
130,Alina,Hunter
131,Julia,Jordan
132,Amira,Calvin
133,Charlie,Ryder
134,Eva,Malachi
135,Savannah,Kayden
136,Bella,Stetson
137,Rylee,Jameson
138,Emersyn,Leon
139,Elliana,Declan
140,Alana,Nathaniel
141,Sloane,Beckett
142,Melanie,Zion
143,Brielle,Dawson
144,Natalia,Luis
145,Remi,Charlie
146,Aubrey,Matteo
147,Evangeline,Elian
148,Genevieve,Arlo
149,Kehlani,Greyson
150,June,Carlos
151,Samantha,Elliot
152,Summer,Bryson
153,Oaklynn,Evan
154,Ember,Emilio
155,Piper,Jude
156,Oakley,Jaxson
157,Phoebe,Colter
158,Arya,Diego
159,Wrenley,Juan
160,Sage,Elliott
161,Alani,Hayden
162,Valeria,Hayes
163,Anastasia,Ivan
164,Ashley,Ace
165,Nevaeh,Jason
166,Isabelle,Connor
167,Skylar,Jayce
168,Ailani,Beckham
169,Blair,Jett
170,Gemma,Matias
171,Rosalie,Barrett
172,Vivienne,Braxton
173,Ruth,Jesus
174,Ariella,Nico
175,Callie,Felix
176,Freya,Antonio
177,Isabel,Nicolas
178,Daphne,Judah
179,Lilah,Emmanuel
180,Amaya,Max
181,Sutton,Tucker
182,Annie,Cole
183,Ximena,Ryker
184,Adalynn,Jesse
185,Kaylani,Amari
186,Katherine,Aziel
187,Lila,Peter
188,Celeste,Rhett
189,Tatum,Maxwell
190,Haven,Callan
191,Blakely,Alan
192,Reese,Chase
193,Kaia,Legend
194,Everleigh,Tate
195,Alora,Alejandro
196,Molly,Knox
197,Olive,Ashton
198,Sara,Jaziel
199,Peyton,Rory
200,Lia,Andres
201,Mabel,Caden
202,Noelle,Tatum
203,Stevie,Timothy
204,Kylie,Kingston
205,Vera,Camden
206,Jasmine,Finn
207,Celine,Messiah
208,Adaline,Riley
209,Bailey,Abraham
210,Myla,Maddox
211,Aitana,Victor
212,Zara,Miguel
213,Arabella,Malakai
214,Lennon,Zayden
215,Dahlia,Bentley
216,Selah,Zachary
217,Saylor,Baker
218,Elianna,Rafael
219,Ada,Joel
220,River,Tyler
221,Jane,Kevin
222,Brianna,Griffin
223,Elise,Oscar
224,Alaina,Edward
225,Presley,Cohen
226,Noa,Kairo
227,Gracie,Callahan
228,Mackenzie,Grant
229,Kiara,Brayden
230,Rory,Simon
231,Wren,Abel
232,Palmer,Alex
233,Maisie,Justin
234,Arianna,Richard
235,Andrea,Patrick
236,Nyla,Brody
237,Alexandra,Kaiden
238,Cataleya,Dallas
239,Lucille,Muhammad
240,Camille,Warren
241,Collins,Adonis
242,Delaney,Milan
243,Brynlee,Ellis
244,Diana,Kyrie
245,Ana,Mark
246,Miriam,Shepherd
247,Amora,Ronan
248,Reagan,Cade
249,Rowan,Louis
250,Rachel,Lane
251,Rosemary,Harvey
252,Lilly,Walter
253,Kailani,Zayn
254,Faith,Emerson
255,Kaylee,Nash
256,Juliana,Crew
257,Amy,Ayden
258,Journee,Marcus
259,Leila,Xander
260,Adalyn,Omar
261,Mariana,Brandon
262,Norah,Paul
263,Aliyah,Ismael
264,Ophelia,Kayson
265,Talia,Bodhi
266,Aspen,Bowen
267,Elaina,Saint
268,Selena,Cyrus
269,Arleth,Koa
270,Evie,Karter
271,Nayeli,Steven
272,Khloe,Malcolm
273,Luciana,Eric
274,Juliet,Javier
275,Lola,Bodie
276,Harmony,Maximus
277,Lilith,Otto
278,Azalea,Shiloh
279,Lena,Benson
280,Alanna,Maximiliano
281,Shiloh,Atticus
282,Sylvie,Jensen
283,Rosie,Tobias
284,Antonella,Derek
285,Julieta,Colt
286,Meadow,Kash
287,Gia,Cash
288,Milani,Lukas
289,Adelaide,Lennox
290,Aurelia,Ares
291,Sawyer,Avery
292,Poppy,Jeremy
293,Aylani,Reid
294,Maggie,Kenneth
295,Blake,Kaleb
296,Dakota,Kohen
297,Leia,Holden
298,Esme,Sonny
299,Elowyn,Preston
300,Sylvia,Clayton
301,Evelynn,Archie
302,Daniela,Romeo
303,Kimberly,Gavin
304,Adelina,Angelo
305,Elaine,Luciano
306,Joanna,Ali
307,Francesca,Remington
308,Octavia,Dante
309,Harlow,Tristan
310,Elodie,Banks
311,Tessa,Colson
312,Morgan,Mathias
313,Brooke,Eliam
314,Catherine,Sullivan
315,Amina,Israel
316,Colette,Blake
317,Gabriela,Zyaire
318,Frances,Cody
319,Madisson,Dakota
320,Samara,Casey
321,Sabrina,Brady
322,Marley,Francisco
323,Kali,Jorge
324,Nina,Zane
325,Serena,Niko
326,Alessia,Aidan
327,Navy,Dariel
328,Kendall,Kaden
329,Zuri,Phoenix
330,Fatima,Josue
331,Viviana,Cruz
332,Alayna,Sutton
333,Lorelai,Finley
334,Hattie,Orion
335,Mira,Martin
336,Anaya,Bryan
337,Aisha,Gideon
338,Miley,Paxton
339,Emory,Brian
340,Heidi,Marshall
341,Teagan,Cairo
342,Leighton,Jax
343,Annabelle,Colin
344,Ryleigh,Wade
345,Aylin,Russell
346,Paige,Sterling
347,Angelina,Wells
348,Sydney,Ezequiel
349,Malia,Kade
350,Rebecca,Leonel
351,Maryam,Ibrahim
352,Hope,Damien
353,Thea,Santino
354,Elora,Hendrix
355,Adelyn,Joaquin
356,Ariel,Briggs
357,Kamila,Bryce
358,Wrenlee,Titus
359,Itzel,Franklin
360,Gwendolyn,Spencer
361,Camilla,Jaylen
362,Briella,Cristian
363,Helena,Anderson
364,Kayla,Kaizen
365,Matilda,Onyx
366,Adriana,Erick
367,Ariyah,Kyaire
368,Alaya,Andre
369,Raya,Miller
370,Adhara,Marco
371,Jordyn,Manuel
372,Mallory,Matthias
373,Esmeralda,Grady
374,Malani,Forrest
375,Anya,Kayce
376,Astrid,Desmond
377,Vanessa,Clark
378,Ivory,Hugo
379,Laura,Daxton
380,Amari,Ricardo
381,Demi,Lawson
382,Giselle,Winston
383,Nicole,Stephen
384,Blaire,Khalil
385,Kira,Cesar
386,Liana,Baylor
387,Kalani,Fernando
388,Londyn,Elio
389,Carmen,Kieran
390,Sunny,Iker
391,Florence,Kamari
392,Kaliyah,Jay
393,Jocelyn,Ari
394,Danna,Raphael
395,Regina,Raymond
396,Bonnie,Jared
397,Murphy,Zander
398,Julianna,Edwin
399,Melany,Marcelo
400,Briar,Kashton
401,Lauren,Kian
402,Logan,Kylo
403,Taylor,Bradley
404,Raven,Kyler
405,Carolina,King
406,Lana,Leandro
407,Brynn,Augustus
408,Angela,Remy
409,Annalise,Hector
410,Mckenna,Eduardo
411,Journey,Koda
412,Alayah,Rhys
413,Laila,Hank
414,Nalani,Cayden
415,Finley,Kaysen
416,Holly,Rylan
417,Charlee,Conrad
418,Harley,Killian
419,Joy,Reed
420,Melissa,Francis
421,Dorothy,Jaden
422,Willa,Solomon
423,Opal,Boone
424,Marceline,Julius
425,Sarai,Lucca
426,Winter,Isaias
427,Veronica,Tadeo
428,Trinity,Lian
429,Leona,Nehemiah
430,Katalina,Pablo
431,London,Wilder
432,Dream,Raiden
433,Maia,Lewis
434,Vienna,Travis
435,Lyra,Frederick
436,Salem,Moshe
437,Hayden,Malik
438,Macie,Mario
439,Maddison,Jasai
440,Payton,Sylas
441,Lorelei,Sergio
442,Gracelynn,Chance
443,Alessandra,Jalen
444,Mya,Valentino
445,Emmy,Apollo
446,Lilliana,Uriel
447,Adelynn,Prince
448,Mariah,Dalton
449,Alma,Bo
450,Zariah,Yusuf
451,Calliope,Kane
452,Reign,Rome
453,Alyssa,Karson
454,Carter,Oakley
455,Madeleine,Pedro
456,Clementine,Sage
457,Wynter,Jake
458,Elisa,Johnny
459,Kataleya,Rocco
460,Alicia,Reece
461,Elle,Esteban
462,Helen,Lucian
463,Xiomara,Mack
464,Madilyn,Soren
465,Michelle,Ayaan
466,Gracelyn,Kameron
467,Monroe,Quinn
468,Daniella,Fabian
469,Meredith,Alijah
470,Fiona,Musa
471,Jaylani,Kyson
472,Maren,Azariah
473,Felicity,Zayne
474,Alexandria,Ford
475,Winnie,Tanner
476,Alison,Royal
477,Camryn,Samson
478,Rylie,Noel
479,Haisley,Cassian
480,Saige,Ruben
481,Renata,Makai
482,Anahi,Adan
483,Ainsley,Asa
484,Alivia,Kasen
485,Aniyah,Hezekiah
486,Arielle,Edgar
487,Cameron,Nasir
488,Brooklynn,Rowen
489,Aubree,Sean
490,Amirah,Arjun
491,Kora,Caspian
492,Miracle,Rodrigo
493,Amanda,Collin
494,Arlette,Leland
495,Solana,Armani
496,Charli,Donovan
497,Maxine,Alessandro
498,Lakelynn,Jasiah
499,Edith,Brantley
500,Bianca,Royce
501,Mae,Damon
502,Raelyn,Odin
503,Emely,Zaire
504,Nylah,Ronin
505,Mariam,Pierce
506,Raegan,Gunner
507,Yara,Cillian
508,Beatrice,Johnathan
509,Estella,Kyle
510,Scarlet,Leonidas
511,Alisson,Alonzo
512,Hanna,Corbin
513,Remington,Alexis
514,Analeia,Frank
515,Faye,Moses
516,Louise,Callen
517,Clover,Marcos
518,Jream,Denver
519,Eve,Kobe
520,Amber,Lawrence
521,Jovie,Truett
522,Kate,Tripp
523,Marlowe,Chozen
524,Madelynn,Gianni
525,Iyla,Roy
526,Virginia,Finnegan
527,Amoura,Mohamed
528,Lottie,Philip
529,Cecelia,Azriel
530,Jayla,Ridge
531,Romina,Tyson
532,Skye,Rio
533,Nellie,Troy
534,Phoenix,Scott
535,Oaklee,Kendrick
536,Marlee,Bruce
537,Jazlyn,Eiden
538,Daleyza,Zachariah
539,Lenora,Dorian
540,Zahra,Kaison
541,Cassidy,Hamza
542,April,Akari
543,Heaven,Cal
544,Priscilla,Eden
545,Everlee,Augustine
546,Angel,Erik
547,Capri,Fletcher
548,Kyomi,Devin
549,Danielle,Ozzy
550,Holland,Eliseo
551,Fernanda,Emir
552,Frankie,Jeffrey
553,Emerie,Drew
554,Alexis,Ledger
555,Amaia,Chosen
556,Kamryn,Armando
557,Stephanie,Saul
558,Jacqueline,Ariel
559,Margo,Morgan
560,Lilian,Porter
561,Mavis,Deacon
562,Armani,Mohammad
563,Della,Zakai
564,Izabella,Garrett
565,Nadia,Andy
566,Amalia,Colsen
567,Ivanna,Zain
568,Makayla,Rocky
569,Allie,Jakai
570,Hadassah,Roberto
571,Miller,Enrique
572,Lina,Johan
573,Estelle,Clay
574,Cali,Emanuel
575,Sevyn,Rhodes
576,Mckenzie,Jamari
577,Cleo,Jamie
578,Jimena,Allen
579,Imani,Kylan
580,Kyla,Maximo
581,Kailany,Seth
582,Reina,Atreus
583,Noemi,Cassius
584,Jordan,Kyren
585,Lylah,Camilo
586,Jennifer,Eliel
587,Alia,Moises
588,Chaya,Rayan
589,Mara,Vicente
590,Marigold,Maximilian
591,Meilani,Tru
592,Paris,Jamir
593,Makenna,Gregory
594,Reyna,Kolton
595,Avianna,Mohammed
596,Halle,Louie
597,Mina,Kason
598,Tiana,Alden
599,Elliott,Jonas
600,Seraphina,Kolter
601,Emelia,Krew
602,Marina,Caiden
603,Aliana,Reese
604,Alejandra,Amiri
605,Mylah,Nikolai
606,Loretta,Lachlan
607,Flora,Abdiel
608,Brinley,Roland
609,Rosalia,Zaiden
610,Siena,Eziah
611,Leyla,Kyro
612,Estrella,Gunnar
613,Halo,Jakari
614,Ari,Albert
615,Ariya,Colby
616,Sierra,Yahya
617,Campbell,Harlan
618,Marie,Jaiden
619,Anne,Westley
620,Amiyah,Boston
621,Goldie,Keegan
622,Keira,Dominick
623,Selene,Koen
624,Noah,Kylian
625,Sariyah,Gustavo
626,Maliyah,Hassan
627,Winona,Arturo
628,Lexi,Danny
629,Rivka,Jayceon
630,Azariah,Kenzo
631,Cassandra,Sincere
632,Andi,Nathanael
633,Gabrielle,Zayd
634,Indie,Raul
635,Destiny,Izaiah
636,Ariah,Shane
637,Oaklyn,Leonard
638,Azaria,Ronald
639,Rhea,Kasai
640,Lyric,Memphis
641,Violeta,Julio
642,Arlet,Amias
643,Ellianna,Samir
644,Aya,Lochlan
645,Zariyah,Azael
646,Katie,Chris
647,Galilea,Sam
648,Thalia,Anakin
649,Shelby,Keanu
650,Andie,Uriah
651,Irene,Phillip
652,Alara,Otis
653,Rosa,Princeton
654,Eileen,Quincy
655,Gloria,Wayne
656,Miranda,Azrael
657,Aleena,Jaime
658,Hana,Tommy
659,Noor,Lionel
660,Melina,Valentin
661,Briana,Aries
662,Legacy,Layne
663,Myra,Creed
664,Isabela,Mauricio
665,Jessica,Yosef
666,Jolene,Chaim
667,Marisol,Jaxton
668,Oakleigh,Davis
669,Paislee,Ahmad
670,Birdie,Major
671,Skyler,Wylder
672,Yaretzi,Benicio
673,Lakelyn,Wilson
674,Laney,Vincenzo
675,Aliza,Houston
676,Lillie,Madden
677,Whitley,Zaid
678,Amani,Gerardo
679,Jenna,Salem
680,Alondra,Trevor
681,Rosalina,Aurelio
682,Ellis,Shawn
683,Coraline,Jasiel
684,Sasha,Peyton
685,Wrenleigh,Taylor
686,Chana,Briar
687,Dallas,Omari
688,Emberly,Dereck
689,Georgina,Westin
690,Khaleesi,Donald
691,Billie,Tomas
692,Kinley,Dax
693,Lara,Dexter
694,Baylor,Idris
695,Emmie,Duke
696,Leilany,Mac
697,Louisa,Sevyn
698,Romy,Evander
699,Rowyn,Marvin
700,Makenzie,Jayson
701,Averie,Bridger
702,Nia,Kareem
703,Merritt,Ahmed
704,Robin,Bryer
705,Angie,Robin
706,Drew,Ryland
707,Alena,Dennis
708,Angelica,Ozias
709,Kennedi,Julien
710,Jazmin,Aarav
711,Analia,Aron
712,Leslie,Carmelo
713,Martha,Kenai
714,Mckinley,Layton
715,Ryan,Ryatt
716,Dayana,Wes
717,Lennox,Jase
718,Ila,Kamden
719,Karsyn,Nikolas
720,Macy,Ocean
721,Remy,Bellamy
722,Sol,Cannon
723,Samira,Neithan
724,Bridget,Westyn
725,Gwen,Braylen
726,Theodora,Jahmir
727,Keilani,Lee
728,Bristol,Ander
729,Kathryn,Dustin
730,Iliana,Amos
731,Abby,Marcel
732,Taytum,Hugh
733,Ramona,Case
734,Laurel,Misael
735,Persephone,Ambrose
736,Kenzie,Huxley
737,Monica,Mylo
738,Lacey,Zahir
739,Veda,Rudy
740,Penny,Bruno
741,Emerald,Yehuda
742,Kensley,Abram
743,Kiana,Clyde
744,Valery,Brixton
745,Maisy,Yousef
746,Araceli,Enoch
747,Dani,Franco
748,Mikayla,Bode
749,Davina,Azaiah
750,Karina,Forest
751,Adele,Matheo
752,Bethany,Junior
753,Milan,Chandler
754,Amaris,Murphy
755,Rynlee,Noe
756,Kaeli,Salvador
757,Lettie,Finnley
758,Soleil,Trace
759,Kenna,Zyair
760,Charley,Dario
761,Marilyn,Mustafa
762,Neriah,Ayan
763,Xyla,Abdullah
764,Elina,Campbell
765,Kiyomi,Magnus
766,Azari,Santos
767,Keziah,Izael
768,Indy,Brayan
769,Laylani,Boden
770,Christina,Emmitt
771,Dulce,Keaton
772,Freyja,Reign
773,Maci,Asaiah
774,Celia,Truce
775,Malaya,Harry
776,Inaya,Riggs
777,Pearl,Alvaro
778,Evelina,Corey
779,Fallon,Dutton
780,Luella,Zamir
781,Ruthie,Blaze
782,Royalty,Kyree
783,Janiyah,Skyler
784,Paulina,Tony
785,Belen,Alonso
786,Journi,Jamison
787,Ocean,Remi
788,Elouise,Darius
789,Emiliana,Elisha
790,Judith,Barron
791,Klarity,Fisher
792,Alaiya,Ray
793,Paloma,Jaxxon
794,Yareli,Teo
795,Cielo,Haziel
796,Rayna,Everest
797,Bellamy,Crue
798,Elowen,Thaddeus
799,Aileen,Calum
800,Dalia,Kaisen
801,Janelle,Keith
802,Kaitlyn,Raylan
803,Karla,Zeke
804,Kayleigh,Brewer
805,Adley,Dilan
806,Avani,Mccoy
807,Brynleigh,Douglas
808,Dylan,Lennon
809,Treasure,Azai
810,Zainab,Brock
811,Charleigh,Jones
812,Milana,Rohan
813,Naya,Ty
814,Kelsey,Benedict
815,Quincy,Emery
816,Jenesis,Yahir
817,Aura,Jrue
818,Romi,Yael
819,Julietta,Alberto
820,Livia,Alfredo
821,Keyla,Dane
822,Nola,Ira
823,Aliya,Teddy
824,Jessie,Jettson
825,Nyomi,Nelson
826,Promise,Yisroel
827,Aila,Drake
828,Amelie,Flynn
829,Celina,Bjorn
830,Kyra,Ignacio
831,Layan,Jefferson
832,Zelda,Avi
833,Erin,Rayden
834,Ezra,Roger
835,Zaniyah,Cayson
836,Denver,Kaiser
837,Braelynn,Dakari
838,Jaliyah,Alvin
839,Luz,Yadiel
840,Sloan,Alfred
841,Amayah,Benny
842,Hunter,Casen
843,Michaela,Ben
844,Elani,Coleson
845,Ensley,Conor
846,Honey,Cason
847,Tara,Jimmy
848,Lea,Braylon
849,Kendra,Waylen
850,Magdalena,Derrick
851,Chelsea,Neil
852,Kelly,Ramon
853,Anaiah,Bear
854,Indigo,Jeremias
855,Paula,Santana
856,Nala,Zechariah
857,Darcy,Evren
858,Jamie,Avyaan
859,Lilia,Rex
860,Madilynn,Aslan
861,Haley,Eddie
862,Arisbeth,Lance
863,Ayleen,Stanley
864,Deborah,Conner
865,Eleanora,Jesiah
866,Jemma,Zev
867,Mercy,Alessio
868,Soraya,Brycen
869,Aspyn,Carlo
870,Ayah,Edison
871,Johanna,Adler
872,Adrianna,Aryan
873,Julie,Orlando
874,Marianna,Abner
875,Kahlani,Coast
876,Kylee,Jedidiah
877,Lyanna,Joey
878,Giovanna,Ernesto
879,Siya,Kylen
880,Tiffany,Denim
881,Colbie,Jireh
882,Emi,Eren
883,Odette,Emory
884,Rebekah,Izan
885,Tilly,Jagger
886,Vada,Jericho
887,Aviana,Kolson
888,Berkley,Leroy
889,Megan,Reuben
890,Leanna,Trey
891,Lilianna,Boaz
892,Anais,Shepard
893,Mariel,Eliezer
894,Violette,Hollis
895,Chandler,Ishaan
896,Liv,Laith
897,Naylani,Alistair
898,Ainara,Kaleo
899,Guinevere,Lucien
900,Liora,Marcello
901,Maizie,Foster
902,Linda,Guillermo
903,Luisa,Kael
904,Khalani,Kannon
905,Kollyns,Nael
906,Rayne,Axton
907,Nataly,Jerry
908,Greta,Rey
909,Micah,Scottie
910,Stormi,Vihaan
911,Teresa,Yitzchok
912,Bennett,Koah
913,Anayah,Beck
914,Eliora,Ezrah
915,Giuliana,Issac
916,Raina,Stone
917,Sarahi,Leif
918,Elyse,Makari
919,Zaylee,Wesson
920,Cheyenne,Aspen
921,Giana,Eitan
922,Emmeline,Frankie
923,Winifred,Shmuel
924,Clare,Casper
925,Elisabeth,Kiaan
926,Ivey,Neythan
927,Maddie,Caius
928,Brittany,Darian
929,Emberlynn,Agastya
930,Etta,Dillon
931,Hadlee,Halo
932,Ailanny,Heath
933,Aleia,Isa
934,Kallie,Judson
935,Landry,Jairo
936,Kimber,Kreed
937,Salma,Krue
938,Alianna,Massimo
939,Ayra,Syaire
940,Tallulah,Khalid
941,Darla,Rowdy
942,Elara,Veer
943,Mariella,Eugene
944,Saanvi,Kenji
945,Zaria,Salvatore
946,Madalyn,Zymir
947,Sunday,Zyon
948,Marcella,Meir
949,Sky,Ricky
950,Milena,Josias
951,Sariah,Jon
952,Yuna,Agustin
953,Zyla,Jethro
954,Rosalee,Mitchell
955,Anika,Felipe
956,Kinslee,Gian
957,Love,Legacy
958,Malaysia,Damari
959,Yasmin,Melvin
960,Aadhya,Aldo
961,Ainhoa,Darwin
962,August,Montgomery
963,Bexley,Shimon
964,Amiri,Wallace
965,Aleah,Arian
966,Mazie,Colten
967,Nancy,Mordechai
968,Barbara,Quentin
969,Zora,Imran
970,Elia,Beaux
971,Leylani,Harlem
972,Ashlyn,Van
973,Jianna,Gage
974,Tru,Kaycen
975,Arden,Mathew
976,Marleigh,Quinton
977,Novalee,Alec
978,Kori,Azlan
979,Roselyn,Toby
980,Ashlynn,Ameer
981,Cordelia,Byron
982,Khadija,Damir
983,Akira,Loyal
984,Arely,Anders
985,Kamiyah,Curtis
986,Skyla,Dominik
987,Adalee,Joan
988,Addilyn,Ephraim
989,Karter,Isael
990,Laken,Jiraiya
991,Lisa,Aurelius
992,Brylee,Blaine
993,Jazmine,Harold
994,Kaiya,Joe
995,Annika,Palmer
996,Jaslyn,Landry
997,Scout,Oziel
998,Simone,Macklin
999,Corinne,Kabir
1000,Harmoni,Langston
