Rank,Girl Name,Boy Name
1,Mary,Robert
2,Shirley,James
3,Barbara,John
4,Betty,William
5,Patricia,Richard
6,Dorothy,Charles
7,Joan,Donald
8,Nancy,Thomas
9,Margaret,George
10,Carol,David
11,Helen,Joseph
12,Joyce,Ronald
13,Marilyn,Edward
14,Virginia,Kenneth
15,Doris,Paul
16,Ruth,Frank
17,Beverly,Raymond
18,Elizabeth,Jerry
19,Frances,Gerald
20,Jean,Jack
21,Janet,Harold
22,Donna,Billy
23,Carolyn,Joe
24,Martha,Bobby
25,Phyllis,Larry
26,Lois,Walter
27,Alice,Carl
28,Ann,Henry
29,Norma,Eugene
30,Dolores,Arthur
31,Janice,Ralph
32,Gloria,Willie
33,Marie,Michael
34,Evelyn,Albert
35,Peggy,Roger
36,Anna,Fred
37,Rose,Lawrence
38,Sandra,Gary
39,Marlene,Harry
40,Mildred,Howard
41,Geraldine,Daniel
42,Jane,Roy
43,Judith,Norman
44,Catherine,Louis
45,Annie,Wayne
46,Louise,Jimmy
47,Eleanor,Earl
48,Joanne,Anthony
49,Marjorie,Marvin
50,Elaine,Francis
51,Ruby,Don
52,Patsy,Clarence
53,Sylvia,Melvin
54,Arlene,Leonard
55,Joann,Ernest
56,Wanda,Peter
57,Irene,Leroy
58,Delores,Stanley
59,Sally,Dale
60,Sharon,Alfred
61,Charlotte,Bill
62,June,Herbert
63,Sarah,Philip
64,Roberta,Franklin
65,Bonnie,Ray
66,Jacqueline,Gene
67,Kathleen,Samuel
68,Audrey,Bernard
69,Rita,Russell
70,Loretta,Frederick
71,Edna,Jimmie
72,Jo,Johnny
73,Carole,Bruce
74,Thelma,Dennis
75,Juanita,Gordon
76,Lorraine,Lee
77,Josephine,Bob
78,Wilma,Douglas
79,Lillian,Eddie
80,Florence,Glenn
81,Yvonne,Allen
82,Pauline,Leon
83,Darlene,Andrew
84,Gladys,Edwin
85,Emma,Jim
86,Grace,Floyd
87,Edith,Theodore
88,Theresa,Lloyd
89,Anne,Clyde
90,Ethel,Clifford
91,Clara,Tommy
92,Lucille,Martin
93,Marion,Vernon
94,Jeanette,Leo
95,Bernice,Warren
96,Hazel,Alvin
97,Linda,Harvey
98,Kay,Jerome
99,Ellen,Stephen
100,Katherine,Lewis
101,Margie,Patrick
102,Gail,Phillip
103,Eileen,Charlie
104,Anita,Jesse
105,Julia,Herman
106,Laura,Jackie
107,Esther,Curtis
108,Willie,Alan
109,Sue,Vincent
110,Susan,Duane
111,Rosemary,Arnold
112,Diane,Tom
113,Kathryn,Gilbert
114,Marian,Cecil
115,Vivian,Lester
116,Eva,Victor
117,Billie,Johnnie
118,Judy,Roland
119,Bobbie,Glen
120,Maria,Milton
121,Beatrice,Elmer
122,Bertha,Keith
123,Elsie,Benjamin
124,Lillie,Calvin
125,Annette,Dean
126,Ella,Terry
127,Maxine,Chester
128,Georgia,Leslie
129,Sara,Max
130,Ida,Wallace
131,Christine,Sam
132,Karen,Claude
133,Constance,Darrell
134,Connie,Freddie
135,Nellie,Manuel
136,Bessie,Willard
137,Alma,Maurice
138,Marcia,Allan
139,Agnes,Jose
140,Jessie,Jay
141,Jeanne,Dick
142,Vera,Hugh
143,Mattie,Edgar
144,Joy,Ted
145,Charlene,Wesley
146,Rosa,Joel
147,Lucy,Ronnie
148,Minnie,Marion
149,Myrna,Virgil
150,Glenda,Lowell
151,Suzanne,Jessie
152,Pat,Rodney
153,Geneva,Oscar
154,Harriet,Everett
155,Maureen,Dan
156,Gertrude,Sidney
157,Sheila,Nicholas
158,Rosemarie,Neil
159,Naomi,Lyle
160,Myrtle,Tony
161,Leona,Hubert
162,Faye,Bennie
163,Rachel,Delbert
164,Rebecca,Morris
165,Viola,Karl
166,Carrie,Homer
167,Velma,Billie
168,Dora,Jon
169,Violet,Ben
170,Mae,Earnest
171,Emily,Luther
172,Pearl,Carroll
173,Rosie,Wilbur
174,Dixie,Mike
175,Lula,Willis
176,Claire,Danny
177,Caroline,Lonnie
178,Shelby,Steve
179,Eunice,Nathaniel
180,Alberta,Roosevelt
181,Cora,Benny
182,Maryann,Mark
183,Patty,Guy
184,Cynthia,Marshall
185,Paula,Barry
186,Stella,Clayton
187,Lola,Otis
188,Jeannette,Horace
189,Verna,Alton
190,Jackie,Clinton
191,Gwendolyn,Archie
192,Hattie,Rudolph
193,Johnnie,Clifton
194,Nina,Junior
195,Lena,Nelson
196,Deloris,Wendell
197,Ramona,Bobbie
198,Colleen,Fredrick
199,Carmen,Lynn
200,Rosalie,Alexander
201,Erma,Rex
202,Diana,Matthew
203,Bettie,Doyle
204,Hilda,Leland
205,Fannie,Oliver
206,Jennie,Wilbert
207,Claudia,Juan
208,Ernestine,Salvatore
209,Marguerite,Merle
210,Nora,Alex
211,Iris,Pete
212,Daisy,Edmund
213,Miriam,Julius
214,Genevieve,Loren
215,Priscilla,Stuart
216,Janie,Eldon
217,Ada,Carlos
218,Flora,Troy
219,Irma,Malcolm
220,Inez,Dave
221,Beulah,Buddy
222,Mabel,Orville
223,Susie,Ivan
224,Madeline,Donnie
225,Melba,Tommie
226,Della,Perry
227,Bette,Ira
228,Gayle,Myron
229,Mable,Dewey
230,Laverne,Jacob
231,Opal,Elbert
232,Claudette,Antonio
233,Regina,Sherman
234,Mamie,Carlton
235,Muriel,Ervin
236,Jacquelyn,Ramon
237,Lydia,Sylvester
238,Marianne,Ruben
239,Teresa,Ross
240,Marcella,Jesus
241,Antoinette,Gerard
242,Maggie,Grady
243,Mona,Nathan
244,Lila,Byron
245,Blanche,Sammy
246,Bettye,Mack
247,Katie,Sheldon
248,Arline,Rufus
249,Eula,Julian
250,Eloise,Aaron
251,Reba,Irvin
252,Janis,Steven
253,Angela,Timothy
254,Amelia,Clark
255,Myra,Kent
256,Frankie,Burton
257,Sherry,Conrad
258,Nadine,Laurence
259,Sadie,Teddy
260,Henrietta,Ellis
261,Imogene,Isaac
262,Ina,Nick
263,Fay,Pat
264,Jimmie,Wilfred
265,Nelda,Neal
266,Sallie,Dwight
267,Lorene,Darrel
268,Dawn,Angelo
269,Victoria,Harlan
270,Cecilia,Felix
271,Lou,Jerald
272,Rosetta,Forrest
273,Freda,Gregory
274,Essie,Wilson
275,Ollie,Rudy
276,Estelle,Owen
277,Nettie,Shirley
278,Cecelia,Bert
279,Winifred,Reginald
280,Lavonne,Irwin
281,Willa,Norbert
282,Gracie,Aubrey
283,Valerie,Dallas
284,Julie,Percy
285,Etta,Boyd
286,Iva,Loyd
287,Jerry,Harley
288,Helene,Huey
289,Natalie,Brian
290,Ora,Louie
291,Rochelle,Frankie
292,Lee,Garland
293,Sondra,Irving
294,Dorthy,Marlin
295,Mavis,Travis
296,Glenna,Preston
297,Jewel,Noel
298,Celia,Sammie
299,Veronica,Royce
300,Jeannine,Pedro
301,Lela,Emmett
302,Leola,Edmond
303,Fern,Francisco
304,Clarice,Delmar
305,Lenora,Darwin
306,Olga,Kermit
307,Betsy,Johnie
308,Lynn,Wade
309,Bernadette,Elwood
310,Dianne,Eric
311,Olivia,Mario
312,Isabel,Amos
313,Rhoda,Mary
314,Ola,Cornelius
315,Earline,Lionel
316,Lenore,August
317,Beverley,Maynard
318,Polly,Alfonso
319,Sybil,Phil
320,Lottie,Woodrow
321,Ruthie,Grover
322,Dorothea,Raul
323,Marlys,Christopher
324,Joanna,Otto
325,Adele,Randall
326,Cecile,Laverne
327,Angelina,Morton
328,Estella,Randolph
329,Faith,Merlin
330,Bernadine,Stewart
331,Adrienne,Emil
332,Nell,Jan
333,Cleo,Mitchell
334,Marva,Thurman
335,Leah,Garry
336,Earnestine,Ned
337,Addie,Dominic
338,Merle,Carol
339,Elinor,Roberto
340,Luella,Ed
341,Earlene,Wiley
342,Amy,Elton
343,Elva,Grant
344,Josie,Austin
345,Alta,Gale
346,Dolly,Erwin
347,Goldie,Norris
348,Jewell,Roscoe
349,Marsha,Millard
350,Beth,Charley
351,Lupe,Dominick
352,Effie,Jasper
353,Francis,Will
354,Gay,Merrill
355,May,Rodger
356,Molly,Elvin
357,Virgie,Moses
358,Pearlie,Luis
359,Lizzie,Clair
360,Ila,Sanford
361,Elnora,Andy
362,Dona,Monroe
363,Gretchen,Murray
364,Gwen,Cleveland
365,Renee,Weldon
366,Deborah,Elijah
367,Nola,Gail
368,Harriett,Odell
369,Rena,Scott
370,Yolanda,Adrian
371,Tommie,Adam
372,Lorna,Terrence
373,Marilynn,Bradley
374,Robbie,Abraham
375,Angeline,Dwayne
376,Lynne,Armand
377,Carlene,Ken
378,Marylou,Reuben
379,Elvira,Carmen
380,Janette,Alonzo
381,Corrine,Daryl
382,Olive,Marcus
383,Dollie,Barney
384,Eddie,Craig
385,Alicia,Gabriel
386,Melva,Emanuel
387,Monica,Ollie
388,Edwina,Al
389,Lora,Lamar
390,Corinne,Emory
391,Adeline,Mervin
392,Ilene,Jake
393,Winnie,Sterling
394,Nona,Spencer
395,Therese,Adolph
396,Elma,Lorenzo
397,Guadalupe,Wilburn
398,Cornelia,Arlen
399,Eleanore,Chris
400,Eugenia,Salvador
401,Margarita,Basil
402,Christina,Freddy
403,Nannie,Rolland
404,Delia,Wilmer
405,Sonia,Harrison
406,Johanna,Darryl
407,Millie,Delmer
408,Alyce,Gayle
409,Rosella,Gus
410,Darla,Monte
411,Carla,Roderick
412,Neva,Cleo
413,Joe,Coy
414,Selma,Jean
415,Frieda,Miles
416,Marietta,Alva
417,Wilda,Simon
418,Marylyn,Alfredo
419,Reva,Hollis
420,Doreen,Truman
421,Mollie,Frederic
422,Greta,Winston
423,Bonita,Lavern
424,Lucile,Russel
425,Carmela,Landon
426,Avis,Mickey
427,Louella,Jonathan
428,James,Van
429,Jan,Carrol
430,Odessa,Levi
431,Freddie,Rene
432,Isabelle,Armando
433,Robert,Jackson
434,Pamela,Denis
435,Antonia,Hector
436,Noreen,Nolan
437,Francine,Vance
438,Angie,Dewayne
439,Margery,Guadalupe
440,Annabelle,Olin
441,Corine,Dudley
442,Letha,Seymour
443,Bennie,Clement
444,Rae,Buford
445,Patti,Eli
446,John,Rocco
447,Lynda,Jess
448,Queen,Ricardo
449,Lily,Wilford
450,Flossie,Bud
451,Denise,Linwood
452,Hope,Riley
453,Terry,Miguel
454,Lilly,Elliott
455,Sophie,Vern
456,Camille,Kevin
457,Dale,Solomon
458,Matilda,Shelby
459,Rosalind,Dalton
460,Shirlee,Delano
461,Sonya,Earle
462,Aurora,Fredric
463,Bobby,Booker
464,Marlyn,Hal
465,Amanda,Noah
466,Aileen,Blaine
467,Kaye,Hershel
468,Carmella,Silas
469,Ginger,Elmo
470,Florine,Tomas
471,Zelma,Emery
472,Susanne,Harris
473,Leila,Vito
474,Jeanine,Ernie
475,Katharine,Wilton
476,Pansy,Ward
477,Consuelo,Denny
478,Jill,Ernesto
479,Sonja,Galen
480,Leslie,Carmine
481,Allie,Kelly
482,Elouise,Denver
483,Helena,Kay
484,Aline,Lenard
485,Bertie,Terrance
486,Jannie,Warner
487,Sharlene,Winfred
488,Callie,Freeman
489,Hannah,Gerry
490,Jenny,Tim
491,Lucia,Cyril
492,Delois,Kenny
493,Ophelia,Lanny
494,Saundra,Milford
495,Twila,Everette
496,Peggie,Rodolfo
497,Stephanie,Connie
498,Dana,Elroy
499,Lessie,Arden
500,Clare,Herschel
501,Nita,Jeff
502,Retha,Micheal
503,Winona,Royal
504,Concetta,Bernie
505,Rosalyn,Burl
506,Shelba,Claud
507,Ladonna,Cletus
508,Meredith,Kennith
509,Georgie,Clay
510,Loraine,Davis
511,Brenda,Enrique
512,Delphine,Fernando
513,Maude,Alden
514,Mercedes,Melvyn
515,Iona,Milo
516,Evangeline,Saul
517,Lorena,Ulysses
518,Roxie,Alphonse
519,Leota,Forest
520,Shirlene,Jerold
521,Millicent,Morgan
522,Leta,Sonny
523,William,Vaughn
524,Ardis,Dana
525,Delma,Gaylord
526,Toby,Gilberto
527,Andrea,Rafael
528,Annetta,Roman
529,Ester,Betty
530,Belva,Elias
531,Elena,Ferdinand
532,Reta,Luke
533,Ima,Patsy
534,Sharron,Alberto
535,Hester,Hoyt
536,Roslyn,Pablo
537,Caryl,Arturo
538,Eliza,Bryan
539,Emilie,Lyman
540,Lelia,Normand
541,Toni,Ramiro
542,Vernell,Dickie
543,Lorine,Jerrold
544,Nan,Maxie
545,Pearline,Hiram
546,Syble,Odis
547,Donnie,Barbara
548,Freida,Pasquale
549,Sammie,Emerson
550,Ardith,Jeremiah
551,Gerry,Terence
552,Esperanza,Alphonso
553,Phoebe,Anton
554,Beryl,Dwain
555,Carroll,Raymon
556,Gearldine,Anderson
557,Claudine,Bennett
558,Dessie,Ellsworth
559,Lauretta,Gearld
560,Marjory,Kurt
561,Roseann,Thaddeus
562,Jaunita,Buster
563,Kathy,Isaiah
564,Benita,Olen
565,Lavon,Rogers
566,Madonna,Augustus
567,Alene,Felipe
568,Charles,Major
569,Dottie,Merlyn
570,Gussie,Orval
571,Sherrill,Sherwood
572,Harriette,Bradford
573,Ione,Arlie
574,Maryanne,Dorothy
575,Allene,Wilber
576,Roma,Dee
577,Velda,Houston
578,Charlie,Isiah
579,Dortha,Joshua
580,Elsa,Patricia
581,Margot,Barton
582,Pattie,Carter
583,Rosalee,Emilio
584,Maryjane,Ezra
585,Maudie,Winford
586,Adelaide,Angel
587,Lucinda,Dewitt
588,George,Evan
589,Verla,Jason
590,Jeanie,Orlando
591,Louisa,Domingo
592,Madge,Harmon
593,Althea,Kyle
594,Zelda,Theron
595,Doretha,Graham
596,Myrtis,Waymon
597,Gale,Benito
598,Rowena,Haywood
599,Jeannie,Shelton
600,Elisabeth,Tracy
601,Iola,Coleman
602,Leora,Fletcher
603,Lona,Ignacio
604,Becky,Ron
605,Dorris,Rupert
606,Edythe,Santiago
607,Marylin,Talmadge
608,Tina,Beverly
609,Treva,Boyce
610,Verda,Waldo
611,Bobbye,Christian
612,Elise,Emile
613,Madeleine,Ronny
614,Rhea,Augustine
615,Alfreda,Columbus
616,Jayne,Stanford
617,Margo,Alford
618,Petra,Carson
619,Ursula,Jules
620,Ava,Lupe
621,Madelyn,Noble
622,Birdie,Andres
623,Darleen,Darold
624,Elisa,Felton
625,Maryellen,Verlin
626,Zella,Arlan
627,Berniece,Lacy
628,Emogene,Foster
629,Janelle,Joesph
630,Lue,Bruno
631,Carolee,Lemuel
632,Roselyn,Julio
633,Tillie,Dannie
634,Vonda,Mathew
635,Celestine,Palmer
636,Cherie,Verne
637,Clementine,Bonnie
638,Alva,Donal
639,Georgianna,Kirby
640,Germaine,Lynwood
641,Isabell,Mason
642,Maurine,Rayford
643,Vernice,Sydney
644,Dorene,Carey
645,Kitty,Eddy
646,Nedra,Elliot
647,Oma,Hayward
648,Vada,Hobert
649,Georgene,Kendall
650,Manuela,Margaret
651,Minerva,Rollin
652,Berta,Theadore
653,Cleta,Cary
654,Leatrice,Cyrus
655,Lynette,Doris
656,Penelope,Elden
657,Albertha,Israel
658,Aurelia,Joan
659,Nila,Robin
660,Marla,Ambrose
661,Penny,Bertram
662,Enid,Donovan
663,Hellen,Guillermo
664,Justine,Jewel
665,Veda,Kerry
666,Arleen,Monty
667,Elida,Otha
668,Lettie,Regis
669,Richard,Burt
670,Rubye,Jewell
671,Sophia,Marlyn
672,Camilla,Newton
673,Erna,Raleigh
674,Libby,Reed
675,Marianna,Andre
676,Sydney,Farrell
677,Una,Franklyn
678,Valeria,Lawerence
679,Carrol,Carlo
680,Gaye,Eduardo
681,Gertie,Hans
682,Josefina,Mac
683,Angelita,Omer
684,Celeste,Ora
685,Kate,Abel
686,Carolina,Rosevelt
687,Cassie,Val
688,Cheryl,Sandy
689,Florene,Sherrill
690,Georgette,Bertrand
691,Juliette,Chuck
692,Lavern,Haskell
693,Charleen,Jere
694,Jacklyn,Napoleon
695,Charline,Reynaldo
696,Cordelia,Theo
697,Lucretia,Art
698,Lulu,Arther
699,Wilhelmina,Bryant
700,Chloe,Elwin
701,Elda,Enoch
702,Charmaine,Garold
703,Darline,Hugo
704,Magdalene,Joyce
705,Ofelia,Lance
706,Rosanne,Lincoln
707,Catharine,Melton
708,Idella,Milan
709,Ouida,Ottis
710,Shelva,Abe
711,Donald,King
712,Felicia,Myles
713,Georgiana,Walton
714,Janell,Buck
715,Marilee,Damon
716,Ona,Domenic
717,Adell,Harland
718,Oleta,Ivory
719,Gaynell,Arvin
720,Socorro,Garrett
721,Easter,Granville
722,Norine,Jeffrey
723,Augusta,Leeroy
724,Cecil,Lon
725,Jacquelin,Mckinley
726,Kathrine,Meredith
727,Theda,Merritt
728,Alvina,Raphael
729,Billy,Arlin
730,Jolene,Delton
731,Katheryn,Dorsey
732,Lavina,Duncan
733,Dovie,Eldridge
734,Jeraldine,Jerrell
735,Linnie,Jordan
736,Margarette,Claudie
737,Paulette,Dexter
738,Vicki,Howell
739,Barbra,Jefferson
740,Crystal,Wally
741,Hallie,Donn
742,Jerrie,Loy
743,Juana,Matt
744,Larue,Nickolas
745,Lonnie,Oren
746,Margret,Valentine
747,Sidney,Avery
748,Ana,Benton
749,Eloisa,Brent
750,Francisca,Harlen
751,Isabella,Jennings
752,Johnie,Loran
753,Laurel,Sebastian
754,Patrica,Stan
755,Trudy,Terrell
756,Yvette,Arlo
757,Coleen,Denzil
758,Daphne,Emmitt
759,Hortencia,Frances
760,Karol,Fritz
761,Raquel,Glendon
762,Vesta,Lafayette
763,Zoe,Loyal
764,Georgina,Pierre
765,Joycelyn,Taylor
766,Mazie,Zane
767,Novella,Benedict
768,Vida,Bryce
769,Agatha,Carleton
770,Deanna,Hermon
771,Garnet,Lucius
772,Jonnie,Mose
773,Leatha,Nancy
774,Mariann,Stanton
775,Norene,Alejandro
776,Evonne,Clarance
777,Oralia,Lucien
778,Philomena,Merton
779,Thomas,Rayburn
780,Cathryn,Santo
781,Laurie,Aloysius
782,Lovie,Fay
783,Loyce,Gaylon
784,Willia,Judson
785,Bernita,Justin
786,Christene,Winfield
787,Gene,Alvie
788,Gilda,Dayton
789,Lura,Derald
790,Merlene,Dwaine
791,Alpha,Newell
792,Karla,Obie
793,Marvel,Randy
794,Tanya,Reynold
795,Bridget,Santos
796,Eldora,Walker
797,Floy,Alvis
798,Jocelyn,Artis
799,Venita,Asa
800,Adela,Durwood
801,Dorotha,Elvis
802,Evangelina,Garnett
803,Julianne,Garth
804,Melvina,Hilton
805,Willene,Maxwell
806,Carmel,Toby
807,Ivy,Cruz
808,Joseph,Lauren
809,Lavada,Porter
810,Billye,Sherwin
811,Dee,Dillard
812,Louann,Glynn
813,Marta,Hardy
814,Robin,Marcel
815,Annmarie,Wylie
816,Carma,Bernice
817,Mickey,Cliff
818,Ardella,Cloyd
819,Artie,Gregorio
820,Estela,Jacky
821,Hettie,Lane
822,Jeanetta,Quentin
823,Lawanda,Rogelio
824,Martina,Rubin
825,Rosita,Arvid
826,Wendy,Prince
827,Almeda,Gorden
828,Colette,Junius
829,Elna,Leigh
830,Ira,Madison
831,Katy,Oran
832,Leonora,Brady
833,Louvenia,Carlyle
834,Myrtice,Cleve
835,Phylis,Curtiss
836,Sherrie,Elmore
837,Twyla,Elwyn
838,Vonnie,Elzie
839,Wynona,Furman
840,Dena,Genaro
841,Florida,Kirk
842,Lyda,Mahlon
843,Mina,Willam
844,Nella,Early
845,Ruthann,Edsel
846,Vina,Ezell
847,Beverlee,Giles
848,Edward,Helen
849,Esta,Hosea
850,Mayme,Jonas
851,Ray,Mervyn
852,Aida,Seth
853,Annamae,Edd
854,Carmelita,Emmit
855,Cherry,General
856,Dorcas,Lavon
857,Ernestina,Lindsey
858,Joye,Parker
859,Maxie,Reid
860,Merilyn,Thad
861,Romona,Virginia
862,Cruz,Windell
863,Eartha,Agustin
864,Letitia,Blair
865,Luann,Clem
866,Margarett,Eloy
867,Mittie,Kim
868,Rutha,Margarito
869,Sandy,Romeo
870,Elois,Sal
871,Erlene,Willian
872,Lyla,Curley
873,Marina,Evans
874,Nada,Fidel
875,Susanna,Gerold
876,Carleen,Jamie
877,Carolann,Robbie
878,Clarissa,Rolf
879,Earlean,Trinidad
880,Eleanora,Vicente
881,Elease,Wardell
882,Kattie,Arlyn
883,Nancie,Cornell
884,Nanette,Deane
885,Theodora,Elisha
886,Velva,Garfield
887,Winnifred,Issac
888,Bethel,June
889,Judie,Louise
890,Laverna,Pierce
891,Lea,Ruby
892,Marge,Verle
893,Zora,Albin
894,Alda,Allison
895,Dorine,Aron
896,Eve,Arvil
897,Evon,Brice
898,Jeri,Duwayne
899,Romaine,Elizabeth
900,Vergie,Florian
901,Coral,Joy
902,Delilah,Leander
903,Golda,Lucian
904,Hortense,Lucious
905,Jettie,Wayland
906,Magnolia,Chauncey
907,Rosia,Cleon
908,Sheryl,Colin
909,Arla,Errol
910,Carlotta,Gustave
911,Corene,Joaquin
912,Dean,Llewellyn
913,Debra,Nicolas
914,Emilia,Rosario
915,Jacquline,Webster
916,Karlene,Werner
917,Lennie,Adolphus
918,Lidia,Darvin
919,Melissa,Hurley
920,Nova,Marc
921,Adella,Otho
922,Ardyce,Stacy
923,Glennis,Verlyn
924,Karin,Adolfo
925,Luanne,Arley
926,Malinda,Brooks
927,Marleen,Clarke
928,Merry,Foy
929,Annis,Hayden
930,Arthur,Humberto
931,Berneice,Ian
932,Elvera,Jonnie
933,Lolita,Josh
934,Magdalena,Lambert
935,Neoma,Lindsay
936,Palma,Murphy
937,Phillis,Omar
938,Rozella,Reggie
939,Verlene,Sol
940,Zona,Cedric
941,Aletha,Dock
942,Alexandra,Geoffrey
943,Cathy,Logan
944,Erlinda,Mel
945,Henry,Merl
946,Lilia,Norwood
947,Ocie,Rowland
948,Paul,Ruth
949,Roxanne,Sergio
950,Zola,Alois
951,Augustine,Arlis
952,Bernardine,Audrey
953,Concepcion,Aurelio
954,David,Author
955,Doloris,Dino
956,Dorla,Evert
957,Evalyn,Gonzalo
958,Harlene,Harrell
959,Heather,Herb
960,Vilma,Hilario
961,Alison,Hobart
962,Annamarie,Kenton
963,Frank,Lawson
964,Jacque,Lenwood
965,Mitzi,Nevin
966,Orpha,Orin
967,Prudence,Prentice
968,Armida,Rexford
969,Blanch,Todd
970,Dominga,Watson
971,Elayne,Wyman
972,Herminia,Ardell
973,Jeane,Burnell
974,Maralyn,Clare
975,Marilou,Clint
976,Merna,Del
977,Rosanna,Derrell
978,Shari,Douglass
979,Delora,Edison
980,Fanny,Federico
981,Holly,Harlow
982,Imelda,Henderson
983,Jamie,Huston
984,Johnny,Ike
985,Larae,Isadore
986,Lita,Layton
987,Luvenia,Lonzo
988,Marita,Quinton
989,Maybelle,Williams
990,Roxanna,Adan
991,Tressie,Brendan
992,Ardell,Burley
993,Ethelene,Claire
994,Gayla,Dell
995,Inell,Donnell
996,Lina,Gaston
997,Loris,Glenwood
998,Melinda,Hampton
999,Mozell,Hershell
1000,Rachael,Jorge
