Rank,Name
1,James
2,Robert
3,John
4,William
5,Richard
6,David
7,Charles
8,Thomas
9,Michael
10,Ronald
11,Larry
12,Donald
13,Gary
14,Joseph
15,George
16,Kenneth
17,Paul
18,Edward
19,Dennis
20,Jerry
21,Frank
22,Roger
23,Raymond
24,Daniel
25,Gerald
26,Stephen
27,Walter
28,Harold
29,Douglas
30,Lawrence
31,Willie
32,Jack
33,Terry
34,Arthur
35,Wayne
36,Joe
37,Henry
38,Peter
39,Carl
40,Roy
41,Jimmy
42,Billy
43,Steven
44,Ralph
45,Johnny
46,Anthony
47,Harry
48,Bruce
49,Albert
50,Eugene
51,Fred
52,Alan
53,Bobby
54,Howard
55,Louis
56,Danny
57,Leonard
58,Philip
59,Stanley
60,Ernest
61,Dale
62,Samuel
63,Patrick
64,Russell
65,Norman
66,Bill
67,Ronnie
68,Jim
69,Mike
70,Timothy
71,Earl
72,Mark
73,Don
74,Allen
75,Francis
76,Tommy
77,Frederick
78,Melvin
79,Steve
80,Marvin
81,Eddie
82,Clarence
83,Leroy
84,Barry
85,Phillip
86,Andrew
87,Lee
88,Tom
89,Alfred
90,Martin
91,Jeffrey
92,Ray
93,Glenn
94,Herbert
95,Victor
96,Gregory
97,Curtis
98,Bernard
99,Clifford
100,Gene
101,Theodore
102,Jimmie
103,Lloyd
104,Jesse
105,Rodney
106,Warren
107,Bob
108,Keith
109,Gordon
110,Vincent
111,Leon
112,Jon
113,Brian
114,Floyd
115,Leslie
116,Harvey
117,Edwin
118,Vernon
119,Franklin
120,Alvin
121,Clyde
122,Jerome
123,Lewis
124,Calvin
125,Jay
126,Dwight
127,Charlie
128,Dan
129,Tony
130,Gilbert
131,Lester
132,Jose
133,Johnnie
134,Craig
135,Joel
136,Dean
137,Allan
138,Duane
139,Leo
140,Benjamin
141,Darrell
142,Jackie
143,Lonnie
144,Chester
145,Freddie
146,Herman
147,Arnold
148,Glen
149,Randall
150,Manuel
151,Nicholas
152,Cecil
153,Eric
154,Milton
155,Ted
156,Lynn
157,Neil
158,Roland
159,Claude
160,Christopher
161,Sam
162,Randy
163,Wesley
164,Dave
165,Garry
166,Juan
167,Wallace
168,Donnie
169,Elmer
170,Marshall
171,Hugh
172,Willard
173,Micheal
174,Sammy
175,Jessie
176,Oscar
177,Maurice
178,Alexander
179,Jonathan
180,Edgar
181,Nathaniel
182,Scott
183,Virgil
184,Marion
185,Everett
186,Sidney
187,Benny
188,Earnest
189,Max
190,Bennie
191,Stuart
192,Tim
193,Morris
194,Lyle
195,Guy
196,Dick
197,Karl
198,Matthew
199,Clifton
200,Carlos
201,Ben
202,Kent
203,Fredrick
204,Luther
205,Otis
206,Nelson
207,Kevin
208,Perry
209,Clinton
210,Gerard
211,Jesus
212,Ira
213,Carroll
214,Randolph
215,Delbert
216,Homer
217,Alex
218,Clayton
219,Loren
220,Troy
221,Marc
222,Hubert
223,Lowell
224,Tommie
225,Horace
226,Terrence
227,Laurence
228,Reginald
229,Wendell
230,Antonio
231,Neal
232,Willis
233,Frankie
234,Pete
235,Rudolph
236,Roosevelt
237,Byron
238,Ruben
239,Oliver
240,Ross
241,Alton
242,Chris
243,Rodger
244,Ron
245,Archie
246,Mack
247,Leland
248,Truman
249,Jeff
250,Wilbert
251,Jerald
252,Ricky
253,Kenny
254,Mitchell
255,Malcolm
256,Rudy
257,Sherman
258,Sylvester
259,Wilbur
260,Rick
261,Woodrow
262,Carlton
263,Jan
264,Pat
265,Myron
266,Nick
267,Nathan
268,Raul
269,Rex
270,Aaron
271,Julius
272,Ken
273,Dewey
274,Edmund
275,Salvatore
276,Teddy
277,Ramon
278,Darryl
279,Van
280,Julian
281,Isaac
282,Terrance
283,Doyle
284,Preston
285,Forrest
286,Roberto
287,Ivan
288,Darrel
289,Clark
290,Ervin
291,Grady
292,Ellis
293,Jacob
294,Elbert
295,Sammie
296,Rufus
297,Felix
298,Junior
299,Lance
300,Mickey
301,Wilson
302,Daryl
303,Phil
304,Dallas
305,Ernie
306,Wade
307,Merle
308,Owen
309,Sheldon
310,Francisco
311,Luis
312,Pedro
313,Tyrone
314,Greg
315,Eldon
316,Irvin
317,Jeffery
318,Stewart
319,Andy
320,Mario
321,Grant
322,Percy
323,Dana
324,Freddy
325,Conrad
326,Orville
327,Louie
328,Bert
329,Denis
330,Guadalupe
331,Royce
332,Buddy
333,Harlan
334,Geoffrey
335,Boyd
336,Noel
337,Garland
338,Ed
339,Elliott
340,Bradley
341,Kerry
342,Bryan
343,Harley
344,Travis
345,Lionel
346,Emmett
347,Billie
348,Robin
349,Wilfred
350,Aubrey
351,Gale
352,Angelo
353,Cleveland
354,Ricardo
355,Marcus
356,Marlin
357,Armando
358,Gerry
359,Burton
360,Denny
361,Winston
362,Brent
363,Edmond
364,Irving
365,Spencer
366,Bobbie
367,Ronny
368,Kurt
369,Grover
370,Amos
371,Cornelius
372,Rickey
373,Alfonso
374,Hector
375,Salvador
376,Ned
377,Dwayne
378,Rene
379,Roderick
380,Chuck
381,Austin
382,Kermit
383,Terence
384,Lanny
385,Thurman
386,Kelly
387,Cary
388,Elijah
389,Loyd
390,Darwin
391,Dominick
392,Lorenzo
393,Dominic
394,Moses
395,Adrian
396,Linwood
397,Roscoe
398,Harrison
399,Miguel
400,Frederic
401,Alfredo
402,Emil
403,Doug
404,Elwood
405,Arturo
406,Elton
407,Fernando
408,Alonzo
409,Al
410,Sterling
411,Norris
412,Dannie
413,Barney
414,Hal
415,Adam
416,Kirk
417,Vance
418,Abraham
419,Odell
420,August
421,Rodolfo
422,Weldon
423,Millard
424,Galen
425,Lamar
426,Mary
427,Fredric
428,Norbert
429,Wiley
430,Carol
431,Will
432,Jasper
433,Murray
434,Emanuel
435,Kim
436,Maynard
437,Merlin
438,Irwin
439,Sanford
440,Bradford
441,Vaughn
442,Reuben
443,Harris
444,Ernesto
445,Levi
446,Simon
447,Russel
448,Elvin
449,Otto
450,Nolan
451,Ollie
452,Gregg
453,Rafael
454,Merrill
455,Carmen
456,Gilberto
457,Jerold
458,Jackson
459,Gail
460,Hollis
461,Jess
462,Alberto
463,Jake
464,Coy
465,Enrique
466,Gabriel
467,Miles
468,Todd
469,Tomas
470,Gus
471,Connie
472,Jerrold
473,Laverne
474,Dewayne
475,Emory
476,Johnie
477,Kennith
478,Andre
479,Elliot
480,Charley
481,Jean
482,Stan
483,Ward
484,Dudley
485,Felipe
486,Monroe
487,Stephan
488,Rolland
489,Shelby
490,Denver
491,Erwin
492,Tracy
493,Delmar
494,Eddy
495,Vern
496,Lupe
497,Dickie
498,Reynaldo
499,Royal
500,Shirley
501,Mac
502,Monty
503,Christian
504,Julio
505,Thaddeus
506,Winfred
507,Dexter
508,Monte
509,Riley
510,Evan
511,Ramiro
512,Armand
513,Blaine
514,Domingo
515,Alphonso
516,Clement
517,Booker
518,Noah
519,Terrell
520,Carey
521,Clair
522,Rocco
523,Santiago
524,Buford
525,Elias
526,Kendall
527,Bernie
528,Jorge
529,Wilford
530,Hershel
531,Pablo
532,Sandy
533,Davis
534,Angel
535,Colin
536,Eli
537,Carter
538,Rogers
539,Toby
540,Gayle
541,Justin
542,Randal
543,Santos
544,Emery
545,Major
546,Joey
547,Lavern
548,Errol
549,Garrett
550,Herschel
551,Marty
552,Jeremiah
553,Luke
554,Solomon
555,Adolph
556,Gaylord
557,Isaiah
558,Jason
559,Alva
560,Delano
561,Ignacio
562,Wilmer
563,Duncan
564,Freeman
565,Milford
566,Ulysses
567,Abel
568,Anton
569,Mcarthur
570,Theron
571,Wilburn
572,Donny
573,Lon
574,Morgan
575,Reed
576,Silas
577,Forest
578,Linda
579,Barton
580,Earle
581,Carrol
582,Morton
583,Andres
584,Cleo
585,Everette
586,Foster
587,Kirby
588,Lenard
589,Odis
590,Shelton
591,Alden
592,Art
593,Bennett
594,Jefferson
595,Mervin
596,Otha
597,Dalton
598,Raleigh
599,Donn
600,Joesph
601,Wally
602,Basil
603,Lamont
604,Quentin
605,Woody
606,Emilio
607,Lyman
608,Patricia
609,Sonny
610,Benito
611,Carson
612,Clay
613,Cliff
614,Houston
615,Joshua
616,Anderson
617,Bryant
618,Delmer
619,Erik
620,Reggie
621,Rogelio
622,Orlando
623,Rod
624,Carmine
625,Eduardo
626,Guillermo
627,Roman
628,Vito
629,Arden
630,Augustine
631,Mckinley
632,Elroy
633,Fletcher
634,Jacky
635,Pasquale
636,Hiram
637,Judson
638,Mathew
639,Wilton
640,Alvis
641,Augustus
642,Cyril
643,Jeffry
644,Lincoln
645,Cletus
646,Drew
647,Mose
648,Sydney
649,Barbara
650,Alejandro
651,Boyce
652,Haywood
653,Milo
654,Hilton
655,Rocky
656,Saul
657,Blair
658,Burl
659,Isiah
660,Ivory
661,Lonny
662,Stanford
663,Randell
664,Bud
665,Buster
666,Emerson
667,Israel
668,Orval
669,Gearld
670,Kyle
671,Emmitt
672,Jamie
673,King
674,Lane
675,Normand
676,Arlen
677,Avery
678,Curt
679,Felton
680,Glynn
681,Ismael
682,Nicky
683,Olin
684,Alphonse
685,Elmo
686,Graham
687,Javier
688,Leigh
689,Melvyn
690,Vicente
691,Waymon
692,Franklyn
693,Hoyt
694,Jaime
695,Jules
696,Olen
697,Rayford
698,Seth
699,Bart
700,Dennie
701,Emile
702,Michel
703,Raymon
704,Marcel
705,Regis
706,Sandra
707,Warner
708,Columbus
709,Dwain
710,Brad
711,Claud
712,Courtney
713,Harmon
714,Lemuel
715,Lucius
716,Russ
717,Sherwood
718,Bryce
719,Coleman
720,Cornell
721,Curtiss
722,Eloy
723,Hayward
724,Lynwood
725,Melton
726,Rollin
727,Taylor
728,Damon
729,Dewitt
730,Hardy
731,Rickie
732,Stanton
733,Val
734,Walker
735,Arlie
736,Dane
737,Edd
738,Eldridge
739,Hobert
740,Lindsey
741,Mason
742,Nicolas
743,Benedict
744,Burt
745,Elwin
746,Lawerence
747,Reid
748,Willian
749,Gerold
750,Lacy
751,Mel
752,Newton
753,Bertram
754,Brady
755,Brooks
756,Dorsey
757,Fidel
758,Jeremy
759,Jordan
760,Wardell
761,Willam
762,Arlan
763,Dee
764,Harland
765,Leeroy
766,Nickolas
767,Douglass
768,Gregorio
769,Huey
770,Ian
771,Myles
772,Pierre
773,Reynold
774,Timmy
775,Butch
776,Cameron
777,Darold
778,Garth
779,Hugo
780,Margarito
781,Verne
782,Adolfo
783,Arther
784,Betty
785,Hermon
786,Jere
787,Lauren
788,Rupert
789,Sharon
790,Benton
791,Leonardo
792,Nancy
793,Noble
794,Raphael
795,Robbie
796,Talmadge
797,Winford
798,Adan
799,Artie
800,Enoch
801,Humberto
802,Issac
803,Loy
804,Matt
805,Napoleon
806,Oren
807,Scotty
808,Stacy
809,Cruz
810,Elden
811,Ellsworth
812,Garfield
813,Jewell
814,Kenton
815,Meredith
816,Walton
817,Abe
818,Alvie
819,Bonnie
820,Bruno
821,Denzil
822,Donovan
823,Jennings
824,Joaquin
825,Judith
826,Lucious
827,Sal
828,Seymour
829,Trinidad
830,Ashley
831,Herb
832,Ike
833,Loyal
834,Lucien
835,Merlyn
836,Mitchel
837,Artis
838,Carleton
839,Danial
840,Darnell
841,Dell
842,Duwayne
843,Lenny
844,Rolf
845,Alford
846,Ferdinand
847,Fritz
848,Ottis
849,Susan
850,Cedric
851,Cordell
852,Domenic
853,Ezekiel
854,Jerrell
855,Lafayette
856,Len
857,Merritt
858,Omer
859,Agustin
860,Arlin
861,Geary
862,Lawrance
863,Maxie
864,Dorothy
865,Erick
866,General
867,Gonzalo
868,Granville
869,Karen
870,Leopoldo
871,Lorenza
872,Lorin
873,Marcos
874,Maxwell
875,Milan
876,Ora
877,Orrin
878,Parker
879,Prince
880,Roddy
881,Rowland
882,Shannon
883,Toney
884,Beverly
885,Blake
886,Clarance
887,Delton
888,Dillard
889,Eliseo
890,Elmore
891,Ezra
892,Garold
893,Kay
894,Refugio
895,Reyes
896,Sergio
897,Theadore
898,Wylie
899,Carlo
900,Carolyn
901,Cyrus
902,Dayton
903,Denton
904,Donnell
905,Federico
906,Howell
907,Les
908,Lindsay
909,Obie
910,Raymundo
911,Rubin
912,Sean
913,Thad
914,Thurston
915,Zane
916,Berry
917,Delmas
918,Early
919,Elvis
920,Farrell
921,Glendon
922,Hunter
923,Judy
924,Logan
925,Noe
926,Tex
927,Bertrand
928,Brendan
929,Gaylon
930,Gloria
931,Harrell
932,Isidro
933,Lesley
934,Lou
935,Lucky
936,Lyndon
937,Omar
938,Patsy
939,Rosevelt
940,Sherrill
941,Theo
942,Williams
943,Bernardo
944,Edison
945,Eusebio
946,Garey
947,Johnson
948,Jonnie
949,Mahlon
950,Palmer
951,Sebastian
952,Verlin
953,Walt
954,Ambrose
955,Donna
956,Elisha
957,Joyce
958,Loran
959,Terrill
960,Arvin
961,Cleve
962,Clint
963,Jonas
964,Leighton
965,Rayburn
966,Rondal
967,Clem
968,Curley
969,Dwaine
970,Whitney
971,Allyn
972,Antone
973,Darvin
974,Derrell
975,Farris
976,Gerardo
977,Gil
978,Giles
979,Hans
980,Jame
981,Layton
982,Lucian
983,Marshal
984,Oneal
985,Rollie
986,Angus
987,Durwood
988,Jewel
989,Kip
990,Richie
991,Tyler
992,Unknown
993,Wyman
994,Arlyn
995,Buck
996,Casey
997,Clarke
998,Del
999,Elzie
1000,Leamon
