Rank,Name
1,John
2,William
3,James
4,George
5,Robert
6,Charles
7,Joseph
8,Frank
9,Edward
10,Thomas
11,Henry
12,Walter
13,Willie
14,Harry
15,Arthur
16,Albert
17,Harold
18,Clarence
19,Paul
20,Fred
21,Raymond
22,Louis
23,Richard
24,Roy
25,Joe
26,Ralph
27,Carl
28,Ernest
29,Earl
30,Jack
31,David
32,Howard
33,Samuel
34,Charlie
35,Francis
36,Lawrence
37,Herbert
38,Theodore
39,Eugene
40,Alfred
41,Andrew
42,Elmer
43,Sam
44,Anthony
45,Kenneth
46,Michael
47,Leo
48,Daniel
49,Herman
50,Leonard
51,Donald
52,Lester
53,Russell
54,Floyd
55,Clyde
56,Stanley
57,Jesse
58,Lee
59,Peter
60,Ray
61,Chester
62,Leroy
63,Clifford
64,Oscar
65,Edwin
66,Eddie
67,Frederick
68,Cecil
69,Lewis
70,Lloyd
71,Benjamin
72,Harvey
73,Claude
74,Bernard
75,Martin
76,Norman
77,Jessie
78,Milton
79,Edgar
80,Tom
81,Everett
82,Ben
83,Melvin
84,Allen
85,Philip
86,Homer
87,Leon
88,Leslie
89,Luther
90,Jim
91,Johnnie
92,Will
93,Victor
94,Marvin
95,Alvin
96,Morris
97,Vernon
98,Glenn
99,Archie
100,Patrick
101,Sidney
102,Stephen
103,Virgil
104,Manuel
105,Alexander
106,Horace
107,Gilbert
108,Roosevelt
109,Maurice
110,Hugh
111,Vincent
112,Gerald
113,Julius
114,Jacob
115,Gordon
116,Otis
117,Earnest
118,Oliver
119,Marion
120,Willard
121,Curtis
122,Alex
123,Wilbur
124,Otto
125,Irving
126,Guy
127,Arnold
128,Isaac
129,Hubert
130,Wallace
131,Charley
132,Lonnie
133,Max
134,Rufus
135,Wesley
136,Jose
137,Ira
138,Ed
139,Nathan
140,Orville
141,Willis
142,Jerry
143,Nicholas
144,Warren
145,Johnie
146,Mike
147,Percy
148,Emil
149,Jimmie
150,Matthew
151,Bennie
152,Mack
153,Steve
154,Bill
155,Dan
156,Franklin
157,Roland
158,Rudolph
159,Sylvester
160,Calvin
161,Abraham
162,Edmund
163,Phillip
164,August
165,Glen
166,Amos
167,Wayne
168,Felix
169,Karl
170,Marshall
171,Alton
172,Bert
173,Adam
174,Clifton
175,Jerome
176,Julian
177,Ellis
178,Ervin
179,Nathaniel
180,Clayton
181,Clinton
182,Nelson
183,Douglas
184,Leland
185,Dave
186,Adolph
187,Perry
188,Aaron
189,Tony
190,Booker
191,Ollie
192,Cornelius
193,Emmett
194,Roger
195,Lyle
196,Roscoe
197,Delbert
198,Dennis
199,Ted
200,Irvin
201,Juan
202,Ross
203,Don
204,Jay
205,Alonzo
206,Claud
207,Elbert
208,Forrest
209,Gus
210,Mark
211,Wilbert
212,Johnny
213,Austin
214,Dewey
215,Jake
216,Simon
217,Owen
218,Laurence
219,Antonio
220,Ivan
221,Pete
222,Reuben
223,Tommie
224,Bruce
225,Mary
226,Ronald
227,Wilfred
228,Moses
229,Larry
230,Merle
231,Monroe
232,Barney
233,Sherman
234,Loyd
235,Bob
236,Wilson
237,Aubrey
238,Jess
239,Nick
240,Dale
241,Grady
242,Byron
243,Elijah
244,Erwin
245,Grover
246,Alva
247,Grant
248,Salvatore
249,Gene
250,Carroll
251,Emanuel
252,Millard
253,Marcus
254,Preston
255,Rex
256,Buster
257,Noah
258,Dwight
259,Jeff
260,Forest
261,Luke
262,Wade
263,Angelo
264,Jasper
265,Levi
266,Boyd
267,Louie
268,Lowell
269,Troy
270,Clark
271,Cleveland
272,Silas
273,Cleo
274,Edmond
275,Harley
276,Myron
277,Ruben
278,Timothy
279,Dock
280,Freddie
281,Abe
282,Burton
283,Carlos
284,Elmo
285,Pedro
286,Allan
287,Carlton
288,Christopher
289,Edd
290,Elwood
291,Isadore
292,Joel
293,Fredrick
294,Malcolm
295,Mose
296,Odell
297,Solomon
298,Loren
299,Lorenzo
300,Murray
301,Reginald
302,Anderson
303,Wiley
304,Andy
305,Clement
306,Cyril
307,Garland
308,Randolph
309,Anton
310,Conrad
311,Dominick
312,Eli
313,Harrison
314,Jesus
315,Ramon
316,Al
317,Earle
318,Jimmy
319,Neal
320,Freeman
321,Dallas
322,Foster
323,Alphonse
324,Clair
325,Francisco
326,Hyman
327,Lynn
328,Vern
329,Wendell
330,Bud
331,Emory
332,Kermit
333,Major
334,Mitchell
335,Dean
336,Dee
337,Eldon
338,Irwin
339,Royal
340,Russel
341,Scott
342,Ellsworth
343,Neil
344,Riley
345,Wilmer
346,Clay
347,Hiram
348,Lemuel
349,Lucius
350,Columbus
351,Elton
352,Mckinley
353,Pat
354,Rosevelt
355,Adrian
356,Emery
357,Ferdinand
358,Ora
359,Pasquale
360,Pearl
361,Steven
362,Ward
363,Ambrose
364,Christian
365,Cyrus
366,Davis
367,Dewitt
368,Elvin
369,Eric
370,Jackson
371,Maynard
372,Merrill
373,Newton
374,Noble
375,Noel
376,Sanford
377,Stuart
378,Basil
379,Dick
380,Dominic
381,Dudley
382,Herschel
383,Ned
384,Sammie
385,Sterling
386,Ulysses
387,Benny
388,Ezra
389,Garfield
390,Harris
391,Keith
392,Morton
393,Truman
394,Alfonso
395,Chris
396,Hollis
397,Milo
398,Rubin
399,Wm
400,Arlie
401,Buford
402,Fletcher
403,Isiah
404,Lyman
405,Maxwell
406,Rodney
407,Roman
408,Shelby
409,Spencer
410,Wilford
411,Alan
412,Armand
413,Bertram
414,Emerson
415,Enoch
416,Jean
417,King
418,Orval
419,Pablo
420,Sol
421,Tommy
422,Verne
423,Walker
424,Alphonso
425,Augustus
426,Hugo
427,Joshua
428,Lionel
429,Palmer
430,Ruby
431,Evan
432,Granville
433,Helen
434,Ike
435,Jewell
436,Lacy
437,Lenard
438,Norris
439,Olin
440,Stewart
441,Taylor
442,Webster
443,Chas
444,Elliott
445,Gerard
446,Hershel
447,Ivory
448,Jefferson
449,Johnson
450,Matt
451,Milford
452,Morgan
453,Norbert
454,Thurman
455,Van
456,Buck
457,Elzie
458,Harlan
459,Houston
460,Miles
461,Orin
462,Porter
463,Rocco
464,Wilber
465,Allie
466,Doyle
467,Hal
468,Isaiah
469,Junius
470,Omer
471,Shirley
472,Abner
473,Aloysius
474,Augustine
475,Cliff
476,Delmar
477,Emmitt
478,Felipe
479,Frances
480,Geo
481,Hobert
482,Jeremiah
483,Judge
484,Mac
485,Micheal
486,Otha
487,Theron
488,Weldon
489,Billie
490,Connie
491,Coy
492,Early
493,Emile
494,Garrett
495,Jewel
496,Jules
497,Lonzo
498,Mathew
499,Mervin
500,Rafael
501,Rene
502,Rupert
503,Alberto
504,Alice
505,Bennett
506,Bernice
507,Carmen
508,Dorothy
509,Enrique
510,Everette
511,Haskell
512,Kelly
513,Mason
514,Nolan
515,Odis
516,Oren
517,Otho
518,Prince
519,Sydney
520,Vaughn
521,Wilburn
522,Winston
523,Aron
524,Bruno
525,Dorsey
526,Elmore
527,Emmet
528,Frederic
529,General
530,Hobart
531,Hoyt
532,Israel
533,Linwood
534,Luis
535,Merritt
536,Miguel
537,Olaf
538,Reed
539,Rolland
540,Rose
541,Rudy
542,Ruth
543,Santos
544,Smith
545,Vance
546,Wilton
547,Abram
548,Adolphus
549,Arther
550,Burt
551,Cleve
552,Eldridge
553,Elias
554,Henderson
555,Ignatius
556,Jonas
557,Junior
558,Lincoln
559,Lindsey
560,Phil
561,Richmond
562,Sandy
563,Saul
564,Turner
565,Valentine
566,Waldo
567,Winfield
568,Albin
569,Asa
570,Avery
571,Chauncey
572,Clint
573,Green
574,Gustave
575,Hardy
576,Isidore
577,Lamar
578,Lawson
579,Loyal
580,Murphy
581,Orlando
582,Seth
583,Sheldon
584,Teddy
585,Theo
586,Thornton
587,Tomas
588,Travis
589,Warner
590,Alford
591,Archibald
592,Benito
593,Burl
594,Cary
595,Clarance
596,Craig
597,Ethel
598,Gabriel
599,Gary
600,Golden
601,Gregory
602,Hans
603,Hermon
604,Laverne
605,Lois
606,Margaret
607,Meyer
608,Odie
609,Olen
610,Parker
611,Salvador
612,Tracy
613,Adelbert
614,Alvie
615,Artie
616,Bailey
617,Benedict
618,Buddy
619,Carey
620,Carter
621,Coleman
622,Dana
623,Elisha
624,Elizabeth
625,Elwin
626,Fay
627,Guadalupe
628,Hillard
629,Hilton
630,Huston
631,Jason
632,Lon
633,Marie
634,Mario
635,Oswald
636,Raleigh
637,Rollin
638,Talmadge
639,Tim
640,Alden
641,Alfredo
642,Alois
643,Andres
644,Auther
645,Barton
646,Billy
647,Brady
648,Caleb
649,Carmine
650,Cletus
651,Darrell
652,Ernst
653,Estel
654,Evans
655,Felton
656,Florence
657,Godfrey
658,Gustav
659,Harmon
660,Haywood
661,Issac
662,Justin
663,Len
664,Levy
665,Lillian
666,Madison
667,Marcellus
668,Mildred
669,Miller
670,Napoleon
671,Obie
672,Oral
673,Oran
674,Alvis
675,Anna
676,Arch
677,Ashley
678,Benjiman
679,Blair
680,Carrol
681,Carson
682,Casimir
683,Clare
684,Claudie
685,Crawford
686,Earlie
687,Emmit
688,Ewell
689,Ford
690,Hallie
691,Hoke
692,Hosea
693,Hunter
694,Josh
695,Judson
696,Lucien
697,Melville
698,Raphael
699,Rogers
700,Romeo
701,Stanford
702,Sylvan
703,Terry
704,Vernie
705,Vivian
706,Walton
707,Wash
708,Watson
709,Alma
710,Alonza
711,Axel
712,Bernie
713,Beryl
714,Bishop
715,Bradley
716,Brooks
717,Casey
718,Casper
719,Christ
720,Clem
721,Evert
722,Gail
723,Garnett
724,Gaston
725,Gladys
726,Graham
727,Hamilton
728,Hayes
729,Hector
730,Jonathan
731,Jones
732,Lige
733,Llewellyn
734,Louise
735,Mahlon
736,Marlin
737,Mattie
738,Maxie
739,Merlin
740,Nat
741,Norval
742,Omar
743,Ottis
744,Pink
745,Roderick
746,Rosario
747,Rowland
748,Sigmund
749,Simeon
750,Thelma
751,Williams
752,Abel
753,Almer
754,Angus
755,Annie
756,Antoine
757,Arvel
758,Augusta
759,Barry
760,Bryant
761,Buddie
762,Cal
763,Clara
764,Clive
765,Cloyd
766,Coley
767,Collins
768,Dexter
769,Dillard
770,Duane
771,Duncan
772,Ellie
773,Ellwood
774,Elsie
775,Elza
776,Ernie
777,Gust
778,Hampton
779,Harper
780,Hayden
781,Hazel
782,Henery
783,Hezekiah
784,Isom
785,Joesph
786,Leander
787,Lenord
788,Logan
789,Lucian
790,Nels
791,Ocie
792,Orrin
793,Park
794,Pierce
795,Thad
796,Vito
797,Wayman
798,Arne
799,Audrey
800,Bartholomew
801,Bertha
802,Bertrand
803,Brown
804,Burley
805,Claire
806,Curley
807,Domenico
808,Edison
809,Einar
810,Elroy
811,Enos
812,Eunice
813,Evelyn
814,Fenton
815,Finis
816,Galen
817,Gaylord
818,Grace
819,Harland
820,Harrold
821,Hollie
822,Hosie
823,Hurley
824,Jennings
825,Jodie
826,Kyle
827,Lafayette
828,Lawton
829,Leeroy
830,Lucille
831,Lucious
832,Mabel
833,Maggie
834,Murry
835,Myles
836,Nora
837,Okey
838,Paris
839,Randall
840,Ransom
841,Rayfield
842,Rollie
843,Royce
844,Ryan
845,Santiago
846,Shelton
847,Sherwood
848,Waldemar
849,Washington
850,Willam
851,Zack
852,Adolf
853,Alf
854,Ansel
855,Antone
856,Arden
857,Authur
858,Beatrice
859,Benard
860,Berry
861,Blaine
862,Blake
863,Bonnie
864,Bryan
865,Cephus
866,Damon
867,Delmer
868,Donovan
869,Durward
870,Eligah
871,Elvis
872,Emilio
873,Ewald
874,Finley
875,Frazier
876,Gertrude
877,Goldie
878,Griffin
879,Guss
880,Gussie
881,Hayward
882,Hilbert
883,Huey
884,Ignacio
885,Isham
886,Johny
887,Jordan
888,Josiah
889,Julio
890,June
891,Lemon
892,Ludwig
893,Malvin
894,Manford
895,Marcel
896,Marshal
897,Michel
898,Minor
899,Monte
900,Mortimer
901,Myrl
902,Newell
903,Odus
904,Opal
905,Orie
906,Patsy
907,Prentice
908,Quinton
909,Raul
910,Raymon
911,Reinhold
912,Rodolfo
913,Ruel
914,Shelley
915,Thaddeus
916,Thedore
917,Tillman
918,Toy
919,Unknown
920,Vergil
921,Vincenzo
922,Volney
923,Wellington
924,West
925,Wheeler
926,Winthrop
927,Addie
928,Adolfo
929,Agnes
930,Algie
931,Allison
932,Almon
933,Armando
934,Augustin
935,Bart
936,Bernhard
937,Beverly
938,Blanche
939,Brice
940,Carleton
941,Cedric
942,Clarnce
943,Clovis
944,Dalton
945,Darrel
946,Dell
947,Delmas
948,Denzil
949,Domingo
950,Doris
951,Edna
952,Eduardo
953,Eino
954,Elie
955,Emma
956,Ezekiel
957,Fate
958,Florian
959,Fritz
960,Furman
961,Harlow
962,Harvie
963,Hattie
964,Helmer
965,Howell
966,Ivy
967,Johney
968,Jonnie
969,Josephine
970,Lavern
971,Leopold
972,Love
973,Luciano
974,Lucy
975,Lyndon
976,Martha
977,Meredith
978,Merton
979,Minnie
980,Nickolas
981,Pauline
982,Pierre
983,Reese
984,Romie
985,Rube
986,Rudolf
987,Samual
988,Sanders
989,Selmer
990,Seymour
991,Son
992,Terence
993,Theadore
994,Titus
995,Tobias
996,Tomie
997,Vera
998,Vester
999,Virgle
1000,Werner
