Rank,Name
1,Robert
2,James
3,John
4,William
5,Charles
6,Richard
7,Donald
8,George
9,Joseph
10,Edward
11,Thomas
12,Frank
13,Paul
14,Jack
15,Raymond
16,Harold
17,David
18,Kenneth
19,Walter
20,Eugene
21,Henry
22,Arthur
23,Billy
24,Albert
25,Herbert
26,Ralph
27,Harry
28,Carl
29,Willie
30,Joe
31,Howard
32,Louis
33,Gerald
34,Fred
35,Roy
36,Earl
37,Clarence
38,Lawrence
39,Francis
40,Norman
41,Alfred
42,Leonard
43,Ernest
44,Anthony
45,Ronald
46,Marvin
47,Daniel
48,Stanley
49,Melvin
50,Bobby
51,Leroy
52,Bernard
53,Samuel
54,Michael
55,Peter
56,Russell
57,Ray
58,Floyd
59,Andrew
60,Leo
61,Jerry
62,Lloyd
63,Bill
64,Roger
65,Theodore
66,Edwin
67,Frederick
68,Gene
69,Wayne
70,Elmer
71,Vernon
72,Clifford
73,Dale
74,Clyde
75,Herman
76,Philip
77,Alvin
78,Don
79,Gordon
80,Glenn
81,Leon
82,Vincent
83,Martin
84,Lewis
85,Lee
86,Allen
87,Charlie
88,Lester
89,Bob
90,Harvey
91,Gilbert
92,Warren
93,Jesse
94,Milton
95,Arnold
96,Chester
97,Douglas
98,Jimmie
99,Curtis
100,Victor
101,Cecil
102,Eddie
103,Johnnie
104,Roland
105,Sam
106,Wallace
107,Benjamin
108,Jose
109,Calvin
110,Jerome
111,Manuel
112,Bruce
113,Johnny
114,Willard
115,Jimmy
116,Edgar
117,Oscar
118,Marion
119,Claude
120,Patrick
121,Junior
122,Billie
123,Glen
124,Hubert
125,Maurice
126,Stephen
127,Virgil
128,Max
129,Jessie
130,Everett
131,Wilbur
132,Jim
133,Dean
134,Tom
135,Larry
136,Leslie
137,Duane
138,Keith
139,Hugh
140,Rudolph
141,Homer
142,Nicholas
143,Wesley
144,Tommy
145,Luther
146,Alan
147,Morris
148,Franklin
149,Sidney
150,Willis
151,Phillip
152,Lyle
153,Horace
154,Dennis
155,Earnest
156,Alexander
157,Delbert
158,Bennie
159,Ben
160,Allan
161,Salvatore
162,Steve
163,Oliver
164,Juan
165,Tony
166,Clayton
167,Ted
168,Dick
169,Jay
170,Julius
171,Edmund
172,Freddie
173,Guy
174,Orville
175,Dan
176,Otis
177,Angelo
178,Clifton
179,Jackie
180,Alex
181,Jesus
182,Leland
183,Clinton
184,Nathaniel
185,Irving
186,Antonio
187,Archie
188,Merle
189,Matthew
190,Lonnie
191,Alton
192,Carroll
193,Lowell
194,Darrell
195,Mike
196,Neil
197,Marshall
198,Ramon
199,Wilbert
200,Myron
201,Ira
202,Ivan
203,Jacob
204,Irvin
205,Ervin
206,Wendell
207,Karl
208,Dewey
209,Wilfred
210,Bobbie
211,Forrest
212,Elbert
213,Malcolm
214,Julian
215,Nelson
216,Nick
217,Laurence
218,Isaac
219,Pete
220,Norbert
221,Eldon
222,Mark
223,Perry
224,Sylvester
225,Rufus
226,Bert
227,Doyle
228,Carlos
229,Gerard
230,Loren
231,Burton
232,Ellis
233,Rodney
234,Gary
235,Francisco
236,Owen
237,Byron
238,Tommie
239,Nathan
240,Mack
241,Loyd
242,Troy
243,Fredrick
244,Grady
245,Sherman
246,Carlton
247,Irwin
248,Emil
249,Felix
250,Percy
251,Roosevelt
252,Rex
253,Johnie
254,Ruben
255,Benny
256,Pedro
257,Dwight
258,Aaron
259,Dominick
260,Seymour
261,Boyd
262,Otto
263,August
264,Conrad
265,Mario
266,Reginald
267,Murray
268,Grover
269,Emmett
270,Harley
271,Raul
272,Joel
273,Lynn
274,Ross
275,Elwood
276,Sheldon
277,Wilson
278,Dallas
279,Dominic
280,Aubrey
281,Morton
282,Rudy
283,Stuart
284,Garland
285,Louie
286,Erwin
287,Teddy
288,Amos
289,Luis
290,Cornelius
291,Laverne
292,Austin
293,Pat
294,Alfonso
295,Buddy
296,Harlan
297,Roberto
298,Roscoe
299,Preston
300,Abraham
301,Neal
302,Maynard
303,Adolph
304,Dave
305,Merlin
306,Mary
307,Charley
308,Millard
309,Edmond
310,Moses
311,Sanford
312,Danny
313,Wade
314,Sammie
315,Adam
316,Jasper
317,Elton
318,Delmar
319,Sammy
320,Elvin
321,Grant
322,Salvador
323,Steven
324,Odell
325,Timothy
326,Reuben
327,Jean
328,Clair
329,Ned
330,Royce
331,Weldon
332,Darwin
333,Will
334,Kermit
335,Rocco
336,Monroe
337,Christopher
338,Travis
339,Alfredo
340,Carmen
341,Wilmer
342,Merrill
343,Simon
344,Marlin
345,Lionel
346,Armand
347,Shirley
348,Earle
349,Mitchell
350,Russel
351,Gus
352,Andy
353,Lavern
354,Patsy
355,Emanuel
356,Sterling
357,Vito
358,Darrel
359,Ollie
360,Thurman
361,Marcus
362,Jake
363,Miguel
364,Rolland
365,Cleveland
366,Guadalupe
367,Clark
368,Elijah
369,Alva
370,Noel
371,Stewart
372,Alonzo
373,Basil
374,Gabriel
375,Gregory
376,Hollis
377,Wilburn
378,Armando
379,Buford
380,Clement
381,Norris
382,Wiley
383,Adrian
384,Frankie
385,Jess
386,Lorenzo
387,Emory
388,Harrison
389,Normand
390,Forest
391,Levi
392,Terry
393,Truman
394,Lamar
395,Wilford
396,Mervin
397,Harris
398,Woodrow
399,Randolph
400,Royal
401,Hershel
402,Carol
403,Rafael
404,Emery
405,Rodolfo
406,Barney
407,Ed
408,Hoover
409,Randall
410,Arturo
411,Eric
412,Ricardo
413,Solomon
414,Jackson
415,Coy
416,Winston
417,Cleo
418,Eli
419,Rene
420,Cyril
421,Noah
422,Claud
423,Hal
424,Hector
425,Huey
426,Delmer
427,Ward
428,Alphonse
429,Van
430,Winfred
431,Enrique
432,Roman
433,Dudley
434,Miles
435,Milford
436,Carrol
437,Vern
438,Carmine
439,Pablo
440,Bud
441,Freeman
442,Jerald
443,Lenard
444,Elias
445,Herschel
446,Orval
447,Elliott
448,Roderick
449,Silas
450,Everette
451,Jeff
452,Chris
453,Al
454,Elmo
455,Pasquale
456,Gale
457,Ellsworth
458,Frederic
459,Alden
460,Scott
461,Riley
462,Thaddeus
463,Wilton
464,Linwood
465,Cletus
466,Ulysses
467,Denver
468,Phil
469,Spencer
470,Odis
471,Saul
472,Anton
473,Booker
474,Blaine
475,Luke
476,Hugo
477,Lyman
478,Alberto
479,Elroy
480,Hiram
481,Fernando
482,Bruno
483,Barry
484,Gail
485,Hoyt
486,Emilio
487,Ernesto
488,Julio
489,Milo
490,Omer
491,Donnie
492,Nolan
493,Vance
494,Bertram
495,Domingo
496,Kelly
497,Houston
498,Tomas
499,Augustine
500,Ferdinand
501,Kent
502,Morgan
503,Olen
504,Gilberto
505,Mathew
506,Burl
507,Buster
508,Isaiah
509,Olin
510,Betty
511,Raymon
512,Angel
513,Benito
514,Dalton
515,Ignacio
516,Columbus
517,Arther
518,Carlo
519,Marcel
520,Emerson
521,Maxwell
522,Fletcher
523,Bryan
524,Elden
525,Isiah
526,Vaughn
527,Dana
528,Daryl
529,Donn
530,Galen
531,Major
532,Joesph
533,Jules
534,Jason
535,Mckinley
536,Arlie
537,Coleman
538,Dorothy
539,Evan
540,Hobert
541,Stanford
542,Warner
543,Foster
544,Newton
545,Verlin
546,Verne
547,Ernie
548,Harland
549,Waldo
550,Otha
551,Palmer
552,Rodger
553,Beverly
554,Jeremiah
555,Santiago
556,Talmadge
557,Alphonso
558,Brian
559,Emile
560,Reed
561,Dewitt
562,Harmon
563,Sol
564,Bradley
565,Davis
566,Hilton
567,Lemuel
568,Micheal
569,Rogers
570,Shelby
571,Dee
572,Doris
573,Elwin
574,Gaylord
575,Junius
576,Justin
577,Lupe
578,Aloysius
579,Clay
580,Craig
581,Ezra
582,Graham
583,Gregorio
584,Merton
585,Oren
586,Wilber
587,Augustus
588,Benedict
589,Bennett
590,Mickey
591,Ambrose
592,Dwayne
593,Freddy
594,Jewel
595,Judson
596,Noble
597,Ottis
598,Anderson
599,Avery
600,Monte
601,Santo
602,Lincoln
603,Orlando
604,Ronnie
605,Andres
606,Hermon
607,Rollin
608,Sherwood
609,Walker
610,Arden
611,Edsel
612,Lacy
613,Quentin
614,Vicente
615,Adolfo
616,Boyce
617,Mose
618,Sebastian
619,Valentine
620,Abel
621,Arlen
622,Eduardo
623,Felipe
624,Mason
625,Napoleon
626,Raphael
627,Eldridge
628,Frances
629,Theron
630,Guillermo
631,Jefferson
632,King
633,Alford
634,Christian
635,Dorsey
636,Jewell
637,Merlyn
638,Nickolas
639,Dexter
640,Felton
641,Granville
642,Romeo
643,Santos
644,Connie
645,Jonathan
646,Raleigh
647,Taylor
648,Winford
649,Bernice
650,Bernie
651,Eldred
652,Jordan
653,Rayford
654,Sydney
655,Davey
656,Ramiro
657,Casimir
658,Clarance
659,Domenic
660,Gustave
661,Dewayne
662,Hans
663,Fidel
664,Haywood
665,Donovan
666,Parker
667,Rupert
668,Bradford
669,Lindy
670,Ora
671,Porter
672,Rosario
673,Willian
674,Alejandro
675,Arlo
676,Bryant
677,Ivory
678,Bertrand
679,Cruz
680,Darold
681,Gayle
682,Lucien
683,Alvie
684,Alvis
685,Carey
686,Elvis
687,Leeroy
688,Walton
689,Donal
690,Fay
691,Kay
692,Kennith
693,Kyle
694,Lucius
695,Andre
696,Elwyn
697,Israel
698,Merritt
699,Nicolas
700,Rubin
701,Constantine
702,Edd
703,Hobart
704,Mahlon
705,Burt
706,Evert
707,Garfield
708,Garrett
709,Helen
710,Lois
711,Milan
712,Aron
713,Dillard
714,Dwain
715,Emmitt
716,Haskell
717,Joyce
718,Margaret
719,Sonny
720,Stanton
721,Blair
722,Cyrus
723,Derald
724,Enoch
725,Kevin
726,Lauren
727,Margarito
728,Theo
729,Americo
730,Jerrold
731,Joshua
732,Tim
733,Werner
734,Bonnie
735,Dock
736,Domenick
737,Franklyn
738,Garth
739,Jennings
740,Pearl
741,Reynaldo
742,Albin
743,Asa
744,Carson
745,Denis
746,Elzie
747,Hardy
748,Loy
749,Myles
750,Shelton
751,Terrence
752,Carleton
753,Carter
754,Clem
755,Curtiss
756,Duncan
757,Early
758,Hayward
759,Kirby
760,Loran
761,Waymon
762,Aldo
763,Arvid
764,Benton
765,Claudie
766,Denny
767,Estel
768,Johny
769,Rowland
770,Ruth
771,Cloyd
772,Florian
773,Giles
774,Hyman
775,Jonas
776,June
777,Logan
778,Lucian
779,Orin
780,Sandy
781,Fredric
782,Jerold
783,Leopoldo
784,Loyal
785,Marlyn
786,Regis
787,Rudolf
788,Bryce
789,Hazel
790,Kurt
791,Orrin
792,Rosevelt
793,Willam
794,Casper
795,Dante
796,Denzil
797,Edison
798,Glendon
799,Mac
800,Murphy
801,Clovis
802,Durward
803,Hillard
804,Matt
805,Maxie
806,Agustin
807,Arvin
808,Clare
809,Lawerence
810,Meredith
811,Prince
812,Ruby
813,Seth
814,Theadore
815,Arvil
816,Barbara
817,Barton
818,Berry
819,Crawford
820,Elmore
821,Guido
822,Ike
823,Omar
824,Wylie
825,Abe
826,Aurelio
827,Durwood
828,Gaston
829,Lawson
830,Lucious
831,Marcelino
832,Newell
833,Norval
834,Oran
835,Otho
836,Artis
837,Elizabeth
838,Elliot
839,Hilario
840,Humberto
841,Hunter
842,Issac
843,Armond
844,Carlyle
845,Claire
846,Eliseo
847,Elisha
848,Fritz
849,Gino
850,Leander
851,Merl
852,Reynold
853,Robin
854,Sumner
855,Verl
856,Virginia
857,Wardell
858,Winfield
859,Auther
860,Davie
861,Dayton
862,Gearld
863,Isadore
864,Kendall
865,Leonardo
866,Lorin
867,Louise
868,Zane
869,Audrey
870,Courtney
871,Hilbert
872,Joaquin
873,Johnson
874,Lon
875,Norton
876,Williams
877,Abner
878,Beryl
879,Ismael
880,Ken
881,Llewellyn
882,Meyer
883,Milburn
884,Norwood
885,Obie
886,Pierre
887,Webster
888,Alois
889,Arlin
890,Brooks
891,Deane
892,Gaetano
893,Lindsey
894,Melton
895,Murry
896,Ocie
897,Oneal
898,Orvil
899,Urban
900,Abram
901,Adolphus
902,Antone
903,Arvel
904,Eddy
905,Eloy
906,Emmit
907,Esteban
908,Garnett
909,Gustav
910,Joan
911,Madison
912,Orland
913,Sherwin
914,Tracy
915,Arley
916,Delton
917,Dolores
918,Evans
919,Lambert
920,Lavon
921,Sylvan
922,Thad
923,Vivian
924,Gerhard
925,Hamilton
926,Huston
927,Jere
928,Jon
929,Leamon
930,Art
931,Buck
932,Burnell
933,Cleve
934,Gonzalo
935,Gorden
936,Mildred
937,Miller
938,Refugio
939,Rose
940,Adelbert
941,Brady
942,Chauncey
943,Clint
944,Dwaine
945,Ennis
946,Ford
947,Garry
948,Harvie
949,Lynwood
950,Oswald
951,Terence
952,Benjiman
953,Cleon
954,Federico
955,Hayden
956,Henderson
957,Ignatius
958,Jonnie
959,Lonzo
960,Addison
961,Christ
962,Damon
963,Dempsey
964,Duwayne
965,Ellwood
966,Ezell
967,Genaro
968,Ivy
969,Lane
970,Reid
971,Rollie
972,Trinidad
973,Turner
974,Allison
975,Conley
976,Hilary
977,Kenny
978,Malvin
979,Marcos
980,Richmond
981,Verle
982,Vester
983,Alice
984,Annie
985,Clearence
986,Farrell
987,Glynn
988,Harrell
989,Judge
990,Lucio
991,Marco
992,Oral
993,Rogelio
994,Rolf
995,Alfonzo
996,Arnulfo
997,Dannie
998,Enrico
999,Ewell
1000,Howell
