Rank,Name
1,Mary
2,Helen
3,Anna
4,Margaret
5,Ruth
6,Elizabeth
7,Marie
8,Florence
9,Mildred
10,Dorothy
11,Ethel
12,Lillian
13,Alice
14,Gladys
15,Edna
16,Frances
17,Annie
18,Rose
19,Grace
20,Bertha
21,Bessie
22,Emma
23,Hazel
24,Clara
25,Gertrude
26,Irene
27,Mabel
28,Louise
29,Martha
30,Pearl
31,Catherine
32,Esther
33,Edith
34,Myrtle
35,Minnie
36,Eva
37,Thelma
38,Ida
39,Elsie
40,Josephine
41,Ruby
42,Agnes
43,Sarah
44,Nellie
45,Beatrice
46,Viola
47,Laura
48,Ella
49,Julia
50,Evelyn
51,Lillie
52,Mattie
53,Lucille
54,Carrie
55,Alma
56,Pauline
57,Lena
58,Mae
59,Virginia
60,Jessie
61,Willie
62,Blanche
63,Katherine
64,Hattie
65,Marion
66,Lucy
67,Mamie
68,Stella
69,Leona
70,Cora
71,Vera
72,Beulah
73,Fannie
74,Jennie
75,Bernice
76,Rosa
77,Lula
78,Ann
79,Ada
80,Eleanor
81,Maggie
82,Dora
83,Kathryn
84,Ellen
85,Daisy
86,Maude
87,Violet
88,Doris
89,Georgia
90,Lois
91,Betty
92,Sadie
93,Nora
94,Marguerite
95,Susie
96,Marjorie
97,Anne
98,Hilda
99,Lola
100,Opal
101,Velma
102,Della
103,Emily
104,Inez
105,Effie
106,Olive
107,Flora
108,Theresa
109,May
110,Charlotte
111,Nettie
112,Lydia
113,Alberta
114,Goldie
115,Nancy
116,Loretta
117,Eunice
118,Lottie
119,Sylvia
120,Katie
121,Mable
122,Jean
123,Sallie
124,Genevieve
125,Eula
126,Vivian
127,Rosie
128,Estelle
129,Essie
130,Ollie
131,Henrietta
132,Harriet
133,Lucile
134,Addie
135,Lela
136,Caroline
137,Verna
138,Iva
139,Lizzie
140,Ora
141,Marian
142,Jane
143,Madeline
144,Maria
145,Geneva
146,Rebecca
147,Kathleen
148,Irma
149,Sara
150,Sophie
151,Barbara
152,Rachel
153,Amelia
154,Wilma
155,Naomi
156,Nina
157,Erma
158,Estella
159,Juanita
160,Etta
161,Flossie
162,Mollie
163,Ola
164,Alta
165,Christine
166,Susan
167,Victoria
168,Olga
169,Amanda
170,Celia
171,Nannie
172,Matilda
173,Fern
174,Norma
175,Frieda
176,Sally
177,Audrey
178,Cecelia
179,Janie
180,Isabel
181,Bonnie
182,Allie
183,Hannah
184,Virgie
185,Adeline
186,Lila
187,Freda
188,Amy
189,Winifred
190,Cecilia
191,Luella
192,Leola
193,Elva
194,Selma
195,Cleo
196,Ina
197,Sophia
198,Jewel
199,Miriam
200,Nell
201,Rena
202,Isabelle
203,Jeanette
204,Geraldine
205,Faye
206,Muriel
207,Kate
208,Jeannette
209,Roberta
210,Josie
211,Belle
212,Eliza
213,Veronica
214,Winnie
215,Jewell
216,Margie
217,Regina
218,Zelma
219,Dollie
220,Anita
221,Tillie
222,Augusta
223,Bertie
224,Antoinette
225,Fay
226,Delia
227,Carolyn
228,Millie
229,Phyllis
230,Teresa
231,Gracie
232,Johnnie
233,Lessie
234,Cecile
235,Gussie
236,Rosalie
237,Callie
238,Madge
239,Hester
240,Dorothea
241,Maudie
242,Rita
243,Adele
244,Claire
245,Sue
246,Angelina
247,Mayme
248,Elma
249,Maud
250,Olivia
251,Lelia
252,Bettie
253,Elnora
254,Letha
255,Roxie
256,Angeline
257,Birdie
258,Lulu
259,Leah
260,Leila
261,Marcella
262,Hallie
263,Lora
264,Ila
265,Lorena
266,Nola
267,Lee
268,Cornelia
269,Dolores
270,Lenora
271,Neva
272,Shirley
273,June
274,Lilly
275,Lorene
276,Cecil
277,Dovie
278,Janet
279,Reba
280,Constance
281,Corinne
282,Lorraine
283,Zella
284,Dessie
285,Johanna
286,Angela
287,Patricia
288,Adelaide
289,Annette
290,Christina
291,Francis
292,Ernestine
293,Helene
294,Eileen
295,Eloise
296,Myra
297,Lou
298,Pearlie
299,Edythe
300,Elvira
301,Rhoda
302,Wanda
303,Eugenia
304,Hettie
305,Helena
306,Oma
307,Peggy
308,Jeanne
309,Katharine
310,Ophelia
311,Catharine
312,Leota
313,Yvonne
314,Odessa
315,Gertie
316,Pansy
317,Lily
318,Rosetta
319,Harriett
320,Louisa
321,Dolly
322,Erna
323,Linda
324,Lucinda
325,Mathilda
326,Tessie
327,Alvina
328,Claudia
329,Vesta
330,Carol
331,Clarice
332,Wilhelmina
333,Alpha
334,Corine
335,Leone
336,Bess
337,Lura
338,Rosella
339,Frankie
340,Hulda
341,Merle
342,Willa
343,Blanch
344,Iona
345,Ione
346,Aileen
347,Lona
348,Isabella
349,Era
350,Jimmie
351,Golda
352,Lauretta
353,Leta
354,Georgie
355,Leora
356,Linnie
357,Nona
358,Iris
359,Maxine
360,Avis
361,Floy
362,Lenore
363,Aline
364,Lettie
365,Abbie
366,Carmen
367,Polly
368,Priscilla
369,Vada
370,Verda
371,Paula
372,Carmela
373,Connie
374,Jannie
375,Louella
376,Vida
377,Annabelle
378,Cassie
379,Elsa
380,Gwendolyn
381,Mina
382,Maybelle
383,Orpha
384,Zula
385,Beryl
386,Isabell
387,Joan
388,Mazie
389,Mona
390,Ona
391,Rae
392,Molly
393,Eddie
394,Ivy
395,Mittie
396,Zelda
397,Billie
398,Artie
399,Bernadine
400,Eleanore
401,Loraine
402,Nelle
403,Fanny
404,Minerva
405,Ocie
406,Phoebe
407,Lida
408,Mercedes
409,Meta
410,Rubye
411,Vina
412,Antonia
413,Donna
414,Evie
415,Hortense
416,Iola
417,Melba
418,Arline
419,Cynthia
420,Wilda
421,Arlene
422,Clare
423,Elise
424,Maurine
425,Myrtie
426,Sybil
427,Tommie
428,Elaine
429,Lyda
430,Joyce
431,Lennie
432,Magdalene
433,Nan
434,Octavia
435,Queen
436,Tina
437,Clyde
438,Cordelia
439,Elda
440,Ellie
441,Monica
442,Reva
443,Rosemary
444,Zora
445,Crystal
446,Elisabeth
447,Estell
448,Glenna
449,Natalie
450,Agatha
451,Albina
452,Chloe
453,Elinor
454,Ester
455,Malinda
456,Berniece
457,Idella
458,Madeleine
459,Mandy
460,Margarita
461,Pinkie
462,Tressie
463,Ava
464,Camille
465,Dixie
466,Dona
467,Julie
468,Una
469,Allene
470,Alva
471,Hope
472,Rhea
473,Sudie
474,Albertha
475,Evangeline
476,Imogene
477,Marietta
478,Philomena
479,Susanna
480,Filomena
481,Laverne
482,Ludie
483,Melvina
484,Althea
485,Alyce
486,Bernadette
487,Guadalupe
488,Lucia
489,Retha
490,Zola
491,Juana
492,Ramona
493,Carmella
494,Carolina
495,Charity
496,Esta
497,Gretchen
498,Pearle
499,Robbie
500,Bella
501,Berta
502,Ethelyn
503,Garnet
504,Lina
505,Petra
506,Rowena
507,Tennie
508,Viva
509,Lovie
510,Magnolia
511,Adela
512,Anastasia
513,Arvilla
514,Eleanora
515,Eve
516,Leda
517,Maybell
518,Myrtis
519,Valeria
520,Adell
521,Aurelia
522,Elena
523,Freida
524,John
525,Lavina
526,Nita
527,Veda
528,Vergie
529,Angie
530,Dena
531,Francisca
532,Kay
533,Margery
534,Melva
535,Theodora
536,Vernie
537,Belva
538,Hilma
539,Jettie
540,Judith
541,Lorna
542,Maye
543,Onie
544,Rosalind
545,Adelia
546,Claudie
547,Cordie
548,Elna
549,Emilie
550,Joanna
551,Lue
552,Madelyn
553,Mallie
554,Margret
555,Novella
556,Therese
557,Ursula
558,Yetta
559,Celeste
560,Diana
561,Donnie
562,Ferne
563,Florida
564,Florine
565,Gail
566,Janice
567,Joy
568,Lilla
569,Vinnie
570,Altha
571,Bulah
572,Concetta
573,Leatha
574,Mabelle
575,Zona
576,Bell
577,Bennie
578,Camilla
579,Corrine
580,Easter
581,Ethyl
582,Georgiana
583,Juliette
584,Tena
585,Winnifred
586,Almeda
587,Audra
588,Grayce
589,Harriette
590,Hassie
591,Hildegarde
592,Ima
593,Lavinia
594,Lucretia
595,Madie
596,Marvel
597,Mozelle
598,Nadine
599,Verlie
600,Aletha
601,Clarissa
602,Dortha
603,Edwina
604,Emilia
605,Gloria
606,Manuela
607,Martina
608,Rosalee
609,Stephanie
610,Vallie
611,Winona
612,Amie
613,Aurora
614,Clemmie
615,Delphia
616,Elmira
617,Elvera
618,Eulalia
619,Freddie
620,Johnie
621,Luvenia
622,Neta
623,Patsy
624,Roma
625,Rosina
626,Savannah
627,Theo
628,Vena
629,Beth
630,Corrie
631,Dell
632,Eda
633,Eldora
634,Enid
635,Leslie
636,Lonie
637,Luna
638,Pearline
639,Ray
640,Alda
641,Amber
642,Annetta
643,Bridget
644,Dorthy
645,Erie
646,Garnett
647,Hedwig
648,Lavada
649,Leonora
650,Odell
651,Sadye
652,Sibyl
653,Alene
654,Audie
655,Charlie
656,Delores
657,Delphine
658,Dorotha
659,Hanna
660,Ira
661,Lilian
662,Lorine
663,Magdalena
664,Mertie
665,Sammie
666,Suzanne
667,Verdie
668,Annis
669,Antonette
670,Eulah
671,Faith
672,Germaine
673,Hildred
674,Ivory
675,James
676,Katheryn
677,Mellie
678,Rilla
679,Rosanna
680,Valerie
681,Zoe
682,Adaline
683,Alfreda
684,Berneice
685,Bobbie
686,Clementine
687,Earline
688,Emmie
689,George
690,Goldia
691,Idell
692,Jo
693,Lelah
694,Mammie
695,Marcia
696,Minna
697,Norine
698,Treva
699,Velva
700,Adella
701,Alverta
702,Berenice
703,Exie
704,Georgianna
705,Kathryne
706,Margarette
707,Oda
708,Ruthie
709,William
710,Adah
711,Ardella
712,Celestine
713,Charles
714,Electa
715,Elisa
716,Georgina
717,Hellen
718,Mariah
719,Melissa
720,Myrle
721,Neoma
722,Nova
723,Rachael
724,Retta
725,Rosia
726,Violette
727,Arie
728,Deborah
729,Delma
730,Delta
731,Dicie
732,Dorris
733,Elenora
734,Eloisa
735,Emmer
736,Ettie
737,Eura
738,Evalyn
739,Gene
740,Hildegard
741,Jacqueline
742,Kattie
743,Kitty
744,Louvenia
745,Lucie
746,Lupe
747,Macie
748,Maxie
749,Millicent
750,Ova
751,Reta
752,Salome
753,Trudie
754,Vernice
755,Anona
756,Elvie
757,Enola
758,Euna
759,Fairy
760,Flo
761,Frank
762,Freeda
763,Hertha
764,Janette
765,Kittie
766,Magdalen
767,Manda
768,Mavis
769,Olevia
770,Ossie
771,Thyra
772,Verona
773,Adrienne
774,Albertine
775,Andrea
776,Arizona
777,Arrie
778,Augustine
779,Beaulah
780,Bethel
781,Birtha
782,Bonita
783,Carmel
784,Fleta
785,Greta
786,Icie
787,Ines
788,Inga
789,Izora
790,Josefa
791,Juliet
792,Lenna
793,Letitia
794,Marry
795,Maymie
796,Missouri
797,Mozell
798,Myrna
799,Myrtice
800,Odelia
801,Rosamond
802,Rossie
803,Rubie
804,Sidney
805,Adelina
806,Alicia
807,Aurore
808,Cordia
809,Corene
810,Delilah
811,Elberta
812,Elouise
813,Elta
814,Fae
815,Hildur
816,Jackie
817,Kathrine
818,Laurette
819,Leana
820,Lera
821,Lexie
822,Luberta
823,Malissa
824,Maryann
825,Odie
826,Ouida
827,Paralee
828,Pattie
829,Pollie
830,Queenie
831,Rozella
832,Signe
833,Sophronia
834,Theresia
835,Vella
836,Veva
837,Annabel
838,Annabell
839,Claudine
840,Edyth
841,Evelina
842,Helga
843,Leo
844,Libbie
845,Libby
846,Naoma
847,Nelda
848,Nevada
849,Prudence
850,Syble
851,Velda
852,Zadie
853,Alida
854,Ara
855,Cathleen
856,Cathryn
857,Christena
858,Daisey
859,Elvina
860,Felicia
861,Gertha
862,Golden
863,Josefina
864,Joseph
865,Lilie
866,Lolita
867,Loma
868,Madaline
869,Marjory
870,Mathilde
871,Melinda
872,Mossie
873,Pluma
874,Ressie
875,Rosalia
876,Tressa
877,Vashti
878,Versie
879,Zelpha
880,Aggie
881,Almira
882,Berdie
883,Cathrine
884,Celesta
885,Cleora
886,Clora
887,Consuelo
888,Emeline
889,Eugenie
890,Flonnie
891,Florrie
892,Gaynell
893,Gwen
894,Icy
895,Joe
896,Leonie
897,Lollie
898,Lonnie
899,Loretto
900,Marcelle
901,Osa
902,Santos
903,Selena
904,Tilda
905,Tiny
906,Twila
907,Vennie
908,Verla
909,Zada
910,Alvena
911,Arlie
912,Claribel
913,Delpha
914,Dorcas
915,Edris
916,Emelia
917,Eveline
918,Gay
919,Huldah
920,Jenny
921,Jessica
922,Jossie
923,Justine
924,Laurel
925,Luisa
926,Monnie
927,Odile
928,Otelia
929,Ottie
930,Ottilie
931,Santa
932,Selina
933,Theola
934,Thomas
935,Thora
936,Vassie
937,Veola
938,Adelle
939,Betsy
940,Ceil
941,Cherry
942,Clifford
943,Donie
944,Drucilla
945,Florene
946,Henriette
947,Jeane
948,Katy
949,Lady
950,Lavon
951,Lea
952,Liddie
953,Liza
954,Louie
955,Lurline
956,Madlyn
957,Malvina
958,Myrl
959,Onnie
960,Sabina
961,Sula
962,Trula
963,Vernia
964,Zena
965,Almeta
966,Alverda
967,Dee
968,Diane
969,Dinah
970,Earl
971,Ellamae
972,Fronie
973,Glennie
974,Hazle
975,Henry
976,Ilene
977,Irine
978,Judy
979,Juliana
980,Lacy
981,Lannie
982,Lempi
983,Linnea
984,Lockie
985,Madalyn
986,Margarett
987,Matie
988,Nella
989,Nila
990,Norene
991,Oleta
992,Omie
993,Pearly
994,Roslyn
995,Serena
996,Tempie
997,Vernon
998,Vertie
999,Willia
1000,Zetta
