Rank,Name
1,John
2,William
3,James
4,Robert
5,Joseph
6,George
7,Charles
8,Edward
9,Frank
10,Thomas
11,Walter
12,Harold
13,Paul
14,Henry
15,Richard
16,Raymond
17,Albert
18,Arthur
19,Harry
20,Donald
21,Ralph
22,Carl
23,Louis
24,Clarence
25,Howard
26,Fred
27,Jack
28,Kenneth
29,Francis
30,Willie
31,David
32,Roy
33,Earl
34,Stanley
35,Ernest
36,Anthony
37,Lawrence
38,Joe
39,Samuel
40,Herbert
41,Eugene
42,Alfred
43,Michael
44,Leonard
45,Elmer
46,Andrew
47,Leo
48,Bernard
49,Peter
50,Norman
51,Russell
52,Frederick
53,Edwin
54,Chester
55,Daniel
56,Herman
57,Lester
58,Willard
59,Floyd
60,Melvin
61,Clifford
62,Lloyd
63,Clyde
64,Theodore
65,Vincent
66,Leroy
67,Ray
68,Sam
69,Philip
70,Lewis
71,Benjamin
72,Marvin
73,Milton
74,Victor
75,Charlie
76,Cecil
77,Jesse
78,Gerald
79,Martin
80,Vernon
81,Alvin
82,Leon
83,Woodrow
84,Lee
85,Edgar
86,Stephen
87,Glenn
88,Oscar
89,Everett
90,Gordon
91,Arnold
92,Wilbur
93,Morris
94,Sidney
95,Harvey
96,Claude
97,Wayne
98,Homer
99,Allen
100,Gilbert
101,Maurice
102,Max
103,Alexander
104,Nicholas
105,Warren
106,Leslie
107,Irving
108,Virgil
109,Julius
110,Steve
111,Hugh
112,Marion
113,Ben
114,Jessie
115,Luther
116,Hubert
117,Johnnie
118,Roland
119,Oliver
120,Eddie
121,Jacob
122,Horace
123,Glen
124,Roger
125,Dale
126,Wallace
127,Orville
128,Curtis
129,Mike
130,Tony
131,Alex
132,Franklin
133,Wesley
134,Manuel
135,Rudolph
136,Edmund
137,Willis
138,Emil
139,Nathan
140,Jerome
141,Otis
142,Tom
143,Earnest
144,Clifton
145,Guy
146,Ira
147,Jerry
148,Salvatore
149,Angelo
150,Matthew
151,Archie
152,Abraham
153,Otto
154,Wilson
155,Ronald
156,Don
157,Bill
158,Douglas
159,Lyle
160,Karl
161,Marshall
162,August
163,Sylvester
164,Patrick
165,Clayton
166,Calvin
167,Clinton
168,Irvin
169,Elbert
170,Jim
171,Bennie
172,Bruce
173,Ivan
174,Jose
175,Wilbert
176,Forrest
177,Nick
178,Adolph
179,Delbert
180,Phillip
181,Wilfred
182,Ellis
183,Jimmie
184,Nelson
185,Leland
186,Merle
187,Emmett
188,Rufus
189,Felix
190,Ervin
191,Julian
192,Dan
193,Jess
194,Adam
195,Alton
196,Isaac
197,Nathaniel
198,Aaron
199,Lonnie
200,Jay
201,Lowell
202,Bert
203,Pete
204,Elwood
205,Mark
206,Antonio
207,Carroll
208,Dominick
209,Dennis
210,Roscoe
211,Grady
212,Gene
213,Wendell
214,Percy
215,Myron
216,Owen
217,Grover
218,Perry
219,Amos
220,Dominic
221,Malcolm
222,Laurence
223,Byron
224,Johnie
225,Dean
226,Ross
227,Allan
228,Loyd
229,Harley
230,Mack
231,Reuben
232,Fredrick
233,Sherman
234,Austin
235,Erwin
236,Keith
237,Johnny
238,Troy
239,Charley
240,Millard
241,Ted
242,Eldon
243,Rex
244,Aubrey
245,Loren
246,Preston
247,Hyman
248,Cornelius
249,Will
250,Murray
251,Louie
252,Anton
253,Grant
254,Jake
255,Mario
256,Wilmer
257,Carlton
258,Cleo
259,Bruno
260,Juan
261,Emanuel
262,Garland
263,Dwight
264,Boyd
265,Jasper
266,Norbert
267,Conrad
268,Burton
269,Mitchell
270,Simon
271,Edmond
272,Gerard
273,Kermit
274,Ed
275,Clement
276,Thurman
277,Tommie
278,Elton
279,Harrison
280,Solomon
281,Monroe
282,Earle
283,Marcus
284,Lynn
285,Russel
286,Seymour
287,Elvin
288,Larry
289,Steven
290,Alphonse
291,Clair
292,Bob
293,Dave
294,Maynard
295,Rocco
296,Clark
297,Neil
298,Ollie
299,Gus
300,Moses
301,Dewey
302,Elmo
303,Morton
304,Freddie
305,Andy
306,Barney
307,Billy
308,Emery
309,Carlos
310,Cyril
311,Abe
312,Booker
313,Joel
314,Roosevelt
315,Sol
316,Claud
317,Eli
318,Alonzo
319,Dallas
320,Harlan
321,Wade
322,Isadore
323,Doyle
324,Alva
325,Irwin
326,Merrill
327,Pasquale
328,Ellsworth
329,Orval
330,Ruben
331,Thaddeus
332,Timothy
333,Forest
334,Ned
335,Stuart
336,Ferdinand
337,Cleveland
338,Reginald
339,Basil
340,Elijah
341,Christopher
342,Jesus
343,Frederic
344,Patsy
345,Wilford
346,Alan
347,Odell
348,Ward
349,Rodney
350,Roman
351,Adrian
352,Darrell
353,Laverne
354,Emerson
355,Neal
356,Herschel
357,Sanford
358,Emory
359,Lionel
360,Noel
361,Hollis
362,Randolph
363,Stewart
364,Weldon
365,Levi
366,Armand
367,Buster
368,Vern
369,Wiley
370,Carmen
371,Benny
372,Buford
373,Sterling
374,Saul
375,Delmar
376,Mathew
377,Meyer
378,Truman
379,Vito
380,Silas
381,Winston
382,Duane
383,Harris
384,Wilburn
385,Hugo
386,Milford
387,Pedro
388,Tommy
389,Ramon
390,Coy
391,Noah
392,Omer
393,Aloysius
394,Ambrose
395,Miles
396,Alfonso
397,Norris
398,Jeff
399,Isidore
400,Lyman
401,Milo
402,Merlin
403,Casimir
404,Maxwell
405,Al
406,Jackson
407,Waldo
408,Gabriel
409,Van
410,Carmine
411,Elliott
412,Micheal
413,Sydney
414,Freeman
415,Shirley
416,Billie
417,Dick
418,Dudley
419,Foster
420,Pat
421,Francisco
422,Mervin
423,Augustus
424,Jean
425,Hiram
426,Lorenzo
427,Travis
428,Wilber
429,Bertram
430,Mary
431,Sammie
432,Luke
433,Royal
434,Scott
435,Randall
436,Alden
437,Eric
438,Cletus
439,Olen
440,Spencer
441,Gustave
442,Hal
443,Odis
444,Olin
445,Christian
446,Major
447,Jefferson
448,Evan
449,Everette
450,Denver
451,Junior
452,Theron
453,Wilton
454,Orlando
455,Winfred
456,Chris
457,Houston
458,Rolland
459,Gail
460,Newton
461,Riley
462,Fay
463,Hershel
464,Noble
465,Rubin
466,Albin
467,Darwin
468,Fletcher
469,Sigmund
470,Israel
471,Valentine
472,Jimmy
473,Joshua
474,Morgan
475,Columbus
476,Ezra
477,Gregory
478,Lavern
479,Linwood
480,Palmer
481,Ora
482,Benedict
483,Ford
484,Ulysses
485,Clay
486,Teddy
487,Vance
488,Bud
489,Burl
490,Marlin
491,Mose
492,Emile
493,Avery
494,Lamar
495,Lucien
496,Sheldon
497,Cyrus
498,Elwin
499,Lucian
500,Raleigh
501,Verne
502,Walton
503,Arlie
504,Dewitt
505,Justin
506,Anderson
507,Dee
508,Phil
509,Elmore
510,Lucius
511,Vaughn
512,Winfield
513,Lincoln
514,Nolan
515,Harmon
516,Hoyt
517,Rupert
518,Coleman
519,Junius
520,Elias
521,Harland
522,Antone
523,Beverly
524,Delmer
525,Carlo
526,Oren
527,Sebastian
528,Domenic
529,Jules
530,King
531,Asa
532,Gaylord
533,Otho
534,Royce
535,Casper
536,Hector
537,Jewel
538,Otha
539,Lenard
540,Rosario
541,Taylor
542,Hobert
543,Matt
544,Blaine
545,Judson
546,Merton
547,Rene
548,Rudy
549,Terry
550,Davis
551,Elroy
552,Gale
553,Luis
554,Miguel
555,Jewell
556,Porter
557,Walker
558,Casimer
559,Eldred
560,Napoleon
561,Salvador
562,Durward
563,Edd
564,Garfield
565,Guido
566,Kelly
567,Reed
568,Webster
569,Raphael
570,Chas
571,Santo
572,Graham
573,Hans
574,Mason
575,Orrin
576,Aldo
577,Alvis
578,Carrol
579,Pearl
580,Armando
581,Isiah
582,Ottis
583,Carson
584,Granville
585,Lemuel
586,Romeo
587,Abner
588,Dorsey
589,Arden
590,Bennett
591,Bernice
592,Carleton
593,Dalton
594,Elden
595,Clem
596,Florian
597,Gustav
598,Isaiah
599,Nickolas
600,Oswald
601,Frances
602,Guadalupe
603,Haywood
604,Theo
605,Augustine
606,Emmitt
607,Marcel
608,Shelby
609,Alfredo
610,Dana
611,Elzie
612,Enoch
613,Lacy
614,Dock
615,Raul
616,Americo
617,Loy
618,Meredith
619,Rollin
620,Stanford
621,Alois
622,Arther
623,Constantine
624,Darrel
625,Emmet
626,Hobart
627,Sherwood
628,Warner
629,Dante
630,Emilio
631,Joesph
632,Alphonso
633,Cloyd
634,Eldridge
635,Hilton
636,Roderick
637,Hermon
638,Jonathan
639,Oral
640,Orin
641,Rogers
642,Newell
643,Abram
644,Edison
645,Ignatius
646,Jonas
647,Buck
648,Haskell
649,Merritt
650,Prince
651,Seth
652,Arvid
653,Connie
654,Evert
655,Felton
656,Fredric
657,Carol
658,Carter
659,Fritz
660,Gary
661,Jason
662,Alberto
663,Clare
664,Domingo
665,Reynold
666,Wm
667,Arlo
668,Jeremiah
669,Mortimer
670,Oran
671,Bernie
672,Beryl
673,Garrett
674,Ludwig
675,Eino
676,Garnett
677,Johnson
678,Talmadge
679,Werner
680,Elwyn
681,Alford
682,Angus
683,Carlyle
684,Craig
685,Domenick
686,Gaetano
687,Madison
688,Parker
689,Watson
690,Alvie
691,Aron
692,Brooks
693,Dayton
694,Early
695,Evans
696,Lambert
697,Olaf
698,Boyce
699,Chauncey
700,Dexter
701,Duncan
702,Franklyn
703,Ike
704,Omar
705,Allie
706,Blair
707,Bradford
708,Ernie
709,Gregorio
710,Julio
711,Obie
712,Raymon
713,Rowland
714,Verl
715,Adelbert
716,Enrique
717,Garth
718,Hazel
719,Howell
720,Leander
721,Loyal
722,Mahlon
723,Miller
724,Turner
725,Hamilton
726,Hayden
727,Lois
728,Loran
729,Melville
730,Rafael
731,Silvio
732,Urban
733,Vester
734,Bradley
735,Burt
736,Crawford
737,Elvis
738,Milan
739,Milburn
740,Sylvan
741,Clarance
742,Clovis
743,Gardner
744,Giles
745,Kyle
746,Mac
747,Reinhold
748,Rudolf
749,Vernie
750,Abel
751,Adolphus
752,Arne
753,Buddy
754,Lawson
755,Thornton
756,Thurston
757,Bonnie
758,Tomas
759,Addison
760,Bryant
761,Clemens
762,Cleve
763,Galen
764,Jordan
765,Lorin
766,Pablo
767,Benton
768,Murphy
769,Nat
770,Norval
771,Ransom
772,Santiago
773,Verner
774,Williard
775,Winford
776,Berry
777,Einar
778,General
779,Helen
780,Henderson
781,Lonzo
782,Mckinley
783,Regis
784,Smith
785,Carey
786,Kirby
787,Murry
788,Myles
789,Roberto
790,Theadore
791,Audrey
792,Brady
793,Carmelo
794,Cliff
795,Elisha
796,Estel
797,Foy
798,Ivy
799,Jennings
800,Lucious
801,Ruby
802,Shelton
803,Stanton
804,Alec
805,Archibald
806,Cedric
807,Leopold
808,Lindsey
809,Merl
810,Nicolas
811,Odie
812,Oris
813,Orland
814,Tillman
815,Verlin
816,Andres
817,Fernando
818,Hayward
819,Hilbert
820,Ignacio
821,Nels
822,Sandy
823,Arno
824,Dillard
825,Durwood
826,Ellwood
827,Hardy
828,Llewellyn
829,Logan
830,Marcellus
831,Reno
832,Arley
833,Arvel
834,Arvil
835,Earlie
836,Emmit
837,Ewald
838,Lon
839,Manley
840,Norton
841,Norwood
842,Richmond
843,Vergil
844,Waymon
845,Wyatt
846,Benjiman
847,Cary
848,Casey
849,Clint
850,Margaret
851,Maxie
852,Mitchel
853,Orvil
854,Williams
855,Worth
856,Wylie
857,Bertrand
858,Chalmer
859,Ennis
860,Enos
861,Ivory
862,Rosevelt
863,Claire
864,Claudie
865,Lafayette
866,Lawerence
867,Melton
868,Bryan
869,Burley
870,Elliot
871,Gaston
872,Gerhard
873,Hiroshi
874,Hunter
875,Murl
876,Rexford
877,Rueben
878,Sammy
879,Waldemar
880,Artie
881,Axel
882,Burnell
883,Doris
884,Ernesto
885,Garnet
886,Hillard
887,Judge
888,Malvin
889,Reino
890,Ruel
891,Tracy
892,Wilfrid
893,Allison
894,Arturo
895,Erling
896,Ernst
897,Ezekiel
898,Felipe
899,Nunzio
900,Pierce
901,Reese
902,Rodger
903,Washington
904,Winthrop
905,Woodroe
906,Ashley
907,Collins
908,Denzil
909,Garold
910,Glenwood
911,Linus
912,Merwin
913,Osborne
914,Rollie
915,Talmage
916,Arlin
917,Barton
918,Ewell
919,Godfrey
920,June
921,Kent
922,Myer
923,Ruth
924,Vivian
925,Adolf
926,Alvah
927,Artis
928,Donovan
929,Frankie
930,Gerrit
931,Golden
932,Heber
933,Hosea
934,Kendall
935,Kurt
936,Nello
937,Nevin
938,Rodolfo
939,Toney
940,Whitney
941,Conley
942,Courtney
943,Dorothy
944,Elza
945,Finley
946,Fulton
947,Lauren
948,Manford
949,Pierre
950,Rayford
951,Yoshio
952,Armond
953,Arvo
954,Farris
955,Hilliard
956,Oakley
957,Olan
958,Reid
959,Vincenzo
960,Weston
961,Zack
962,Almon
963,Ansel
964,Bobbie
965,Bobby
966,Donnie
967,Elgin
968,Ferris
969,Gayle
970,Gino
971,Gorden
972,Hudson
973,Issac
974,Levy
975,Masao
976,Raoul
977,Reece
978,Verle
979,Wellington
980,Bernhard
981,Burdette
982,Caesar
983,Damon
984,Deward
985,Estill
986,Finis
987,Hayes
988,Kirk
989,Lucas
990,Mayo
991,Mickey
992,Ocie
993,Ole
994,Price
995,Sumner
996,Alma
997,Baxter
998,Bishop
999,Camille
1000,Curley
