Rank,Name
1,Michael
2,Robert
3,James
4,John
5,David
6,William
7,Richard
8,Thomas
9,Gary
10,Charles
11,Steven
12,Mark
13,Joseph
14,Donald
15,Ronald
16,Paul
17,Kenneth
18,Daniel
19,Larry
20,Stephen
21,Dennis
22,Edward
23,Jeffrey
24,George
25,Gregory
26,Timothy
27,Terry
28,Kevin
29,Douglas
30,Bruce
31,Jerry
32,Anthony
33,Randy
34,Roger
35,Raymond
36,Frank
37,Peter
38,Patrick
39,Lawrence
40,Scott
41,Wayne
42,Danny
43,Alan
44,Gerald
45,Keith
46,Ricky
47,Carl
48,Brian
49,Walter
50,Dale
51,Craig
52,Arthur
53,Willie
54,Johnny
55,Randall
56,Roy
57,Jack
58,Stanley
59,Henry
60,Harold
61,Ralph
62,Philip
63,Glenn
64,Christopher
65,Billy
66,Rodney
67,Joe
68,Barry
69,Russell
70,Andrew
71,Samuel
72,Bobby
73,Albert
74,Jimmy
75,Phillip
76,Steve
77,Eugene
78,Ronnie
79,Martin
80,Howard
81,Louis
82,Allen
83,Frederick
84,Curtis
85,Leonard
86,Harry
87,Ernest
88,Micheal
89,Eric
90,Jeffery
91,Eddie
92,Melvin
93,Fred
94,Francis
95,Darrell
96,Lee
97,Marvin
98,Earl
99,Norman
100,Tommy
101,Jay
102,Rick
103,Victor
104,Vincent
105,Tony
106,Bradley
107,Jose
108,Clarence
109,Kim
110,Dean
111,Jon
112,Clifford
113,Rickey
114,Jerome
115,Theodore
116,Alfred
117,Calvin
118,Ray
119,Jesse
120,Don
121,Jonathan
122,Gordon
123,Bernard
124,Matthew
125,Leroy
126,Warren
127,Joel
128,Herbert
129,Edwin
130,Mike
131,Glen
132,Benjamin
133,Marc
134,Alvin
135,Nicholas
136,Duane
137,Leslie
138,Garry
139,Dan
140,Leon
141,Mitchell
142,Lloyd
143,Guy
144,Vernon
145,Dwight
146,Lonnie
147,Neil
148,Gilbert
149,Allan
150,Jackie
151,Gene
152,Floyd
153,Juan
154,Brad
155,Wesley
156,Lewis
157,Franklin
158,Reginald
159,Chris
160,Robin
161,Clyde
162,Donnie
163,Randolph
164,Lester
165,Dana
166,Karl
167,Kent
168,Kurt
169,Manuel
170,Kerry
171,Jimmie
172,Carlos
173,Leo
174,Jim
175,Milton
176,Bill
177,Gerard
178,Stuart
179,Freddie
180,Daryl
181,Harvey
182,Charlie
183,Johnnie
184,Terrence
185,Chester
186,Herman
187,Lynn
188,Tom
189,Rex
190,Kirk
191,Ted
192,Darryl
193,Roland
194,Cecil
195,Todd
196,Arnold
197,Oscar
198,Ruben
199,Perry
200,Fredrick
201,Alexander
202,Brent
203,Nathaniel
204,Bryan
205,Maurice
206,Tyrone
207,Antonio
208,Claude
209,Terrance
210,Marshall
211,Ricardo
212,Neal
213,Mario
214,Byron
215,Clifton
216,Sidney
217,Luis
218,Rickie
219,Ross
220,Jessie
221,Jeff
222,Wallace
223,Aaron
224,Kelly
225,Nathan
226,Greg
227,Gregg
228,Nelson
229,Wendell
230,Hugh
231,Lance
232,Morris
233,Benny
234,Edgar
235,Marcus
236,Randal
237,Lyle
238,Sam
239,Clayton
240,Carlton
241,Dave
242,Marion
243,Francisco
244,Tim
245,Jesus
246,Clinton
247,Rocky
248,Raul
249,Bradford
250,Earnest
251,Sammy
252,Jan
253,Everett
254,Roberto
255,Wade
256,Ben
257,Otis
258,Bennie
259,Virgil
260,Alex
261,Max
262,Clark
263,Andre
264,Laurence
265,Ira
266,Bob
267,Frankie
268,Troy
269,Loren
270,Willard
271,Elmer
272,Rudy
273,Geoffrey
274,Luther
275,Terence
276,Rudolph
277,Hector
278,Salvatore
279,Sylvester
280,Myron
281,Rodger
282,Grant
283,Ramon
284,Horace
285,Miguel
286,Darrel
287,Roosevelt
288,Edmund
289,Delbert
290,Pedro
291,Malcolm
292,Alton
293,Julius
294,Stewart
295,Isaac
296,Mickey
297,Fernando
298,Denis
299,Roderick
300,Van
301,Kenny
302,Angelo
303,Armando
304,Monte
305,Felix
306,Jacob
307,Sherman
308,Unknown
309,Archie
310,Dwayne
311,Oliver
312,Tommie
313,Lorenzo
314,Stephan
315,Doyle
316,Leland
317,Cary
318,Wilbert
319,Hubert
320,Derrick
321,Forrest
322,Jerald
323,Andy
324,Joey
325,Ivan
326,Jeffry
327,Rene
328,Julian
329,Pete
330,Preston
331,Teddy
332,Rufus
333,Lowell
334,Homer
335,Mack
336,Ervin
337,Willis
338,Tracy
339,Angel
340,Kelvin
341,Dirk
342,Nick
343,Brett
344,Shawn
345,Carroll
346,Wilbur
347,Grady
348,Marty
349,Rafael
350,Arturo
351,Hal
352,Sean
353,Alfonso
354,Sheldon
355,Alfredo
356,Conrad
357,Dallas
358,Ron
359,Freddy
360,Carey
361,Kyle
362,Owen
363,Derek
364,Dewey
365,Ellis
366,Alonzo
367,Ken
368,Adrian
369,Royce
370,Percy
371,Travis
372,Lionel
373,Monty
374,Sammie
375,Dominic
376,Garland
377,Shane
378,Miles
379,Christian
380,Noel
381,Irvin
382,Elbert
383,Bert
384,Jorge
385,Jerrold
386,Boyd
387,Rodolfo
388,Clay
389,Guadalupe
390,Aubrey
391,Marlin
392,Gerry
393,Wilson
394,Cornelius
395,Buddy
396,Alberto
397,Dexter
398,Kirby
399,Blaine
400,Cleveland
401,Darwin
402,Louie
403,Dominick
404,Ronny
405,Pat
406,Al
407,Curt
408,Stevie
409,Galen
410,Merle
411,Edmond
412,Jason
413,Salvador
414,Woodrow
415,Abraham
416,Rory
417,Jaime
418,Elton
419,Dewayne
420,Darnell
421,Gabriel
422,Lamar
423,Spencer
424,Evan
425,Murray
426,Emmett
427,Amos
428,Adam
429,Enrique
430,Dane
431,Donny
432,Vance
433,Alphonso
434,Blake
435,Joesph
436,Eldon
437,Blair
438,Orlando
439,Christophe
440,Ernie
441,Harlan
442,Moses
443,Winston
444,Garth
445,Sandy
446,Junior
447,Drew
448,Ned
449,Barney
450,Elliott
451,Thaddeus
452,Wilfred
453,Elijah
454,Gale
455,Linwood
456,Jamie
457,Reed
458,Sterling
459,Timmy
460,Julio
461,Irving
462,Billie
463,Javier
464,Jess
465,Colin
466,Norris
467,Orville
468,Harley
469,Michel
470,Lanny
471,Vaughn
472,Austin
473,Casey
474,Phil
475,Ernesto
476,Lamont
477,Randell
478,Lon
479,Robbie
480,Frederic
481,Ramiro
482,Cedric
483,Simon
484,Abel
485,Sanford
486,Denny
487,Erik
488,Kermit
489,Reynaldo
490,Dannie
491,Emanuel
492,Kendall
493,Eddy
494,Grover
495,Seth
496,Carmen
497,Levi
498,Scot
499,Damon
500,Justin
501,Jasper
502,Rusty
503,Will
504,Vern
505,Cornell
506,Harrison
507,Rocco
508,Kris
509,Danial
510,Marlon
511,Nolan
512,Norbert
513,Chad
514,Jody
515,Zachary
516,Dudley
517,Eduardo
518,Gus
519,Luke
520,Bart
521,Hollis
522,Ward
523,Terrell
524,Burton
525,Joshua
526,Elwood
527,Loyd
528,Carter
529,Kennith
530,August
531,Pablo
532,Roscoe
533,Stan
534,Bennett
535,Thurman
536,Toby
537,Lane
538,Mathew
539,Reuben
540,Bryant
541,Elvin
542,Emil
543,Morgan
544,Reid
545,Doug
546,Dwain
547,Felipe
548,Jefferson
549,Millard
550,Erwin
551,Gilberto
552,Odell
553,Hank
554,Roman
555,Cameron
556,Fredric
557,Ulysses
558,Ian
559,Tomas
560,Emory
561,Jeremiah
562,Domingo
563,Garrett
564,Jake
565,Lindsey
566,Donn
567,Mary
568,Russel
569,Dick
570,Ed
571,Jerold
572,Pierre
573,Ivory
574,Riley
575,Solomon
576,Wiley
577,Elias
578,Israel
579,Nicky
580,Brandon
581,Jacky
582,Alejandro
583,Barton
584,Elliot
585,Ismael
586,Santos
587,Jean
588,Arlen
589,Duncan
590,Bryce
591,Kenton
592,Lonny
593,Coy
594,Merrill
595,Mitchel
596,Sergio
597,Delmar
598,Rolando
599,Shelby
600,Bobbie
601,Brady
602,Merlin
603,Otto
604,Donnell
605,Chuck
606,Corey
607,Geary
608,Guillermo
609,Val
610,Rogelio
611,Adolph
612,Bernie
613,Winfred
614,Davis
615,Kimberly
616,Weldon
617,Audie
618,Vito
619,Armand
620,Scotty
621,Burt
622,Harris
623,Rod
624,Andres
625,Matt
626,Mikel
627,Ricki
628,Benito
629,Cory
630,Clement
631,Ollie
632,Carson
633,Eli
634,Lenard
635,Stanford
636,Isaiah
637,Jonathon
638,Quentin
639,Rogers
640,Ryan
641,Stacy
642,Emilio
643,Noah
644,Emery
645,Jed
646,Charley
647,Maynard
648,Sonny
649,Cliff
650,Shelton
651,Avery
652,Freeman
653,Santiago
654,Shannon
655,Del
656,Hans
657,Reggie
658,Ritchie
659,Anton
660,Hiram
661,Kip
662,Saul
663,Irwin
664,Anderson
665,Denver
666,Emerson
667,Ignacio
668,Tyler
669,Douglass
670,Linda
671,Marco
672,Huey
673,Jackson
674,Silas
675,Stanton
676,Everette
677,Johnie
678,Gerardo
679,Monroe
680,Wilfredo
681,Basil
682,Dickie
683,Rob
684,Connie
685,Gustavo
686,Major
687,Randel
688,Felton
689,Glynn
690,Raphael
691,Royal
692,Jordan
693,Wilford
694,Efrain
695,Gail
696,Jeremy
697,Nickolas
698,Rand
699,Stevan
700,Carmine
701,Hershel
702,Laverne
703,Marcel
704,Mckinley
705,Tod
706,Kurtis
707,Nicolas
708,Xavier
709,Clair
710,Lemuel
711,Myles
712,Vince
713,Zane
714,Dwaine
715,Forest
716,Mervin
717,Brooks
718,Earle
719,Napoleon
720,Patricia
721,Shaun
722,Butch
723,Gil
724,Isiah
725,Lawerence
726,Marcos
727,Augustus
728,Dee
729,Leigh
730,Robby
731,Trent
732,Augustine
733,Buford
734,Milo
735,Fletcher
736,Fritz
737,Leonardo
738,Rayford
739,Bryon
740,Lindsay
741,Ricci
742,Booker
743,Emmanuel
744,Toney
745,Cyril
746,Dalton
747,Graham
748,Herschel
749,Rolland
750,Otha
751,Hilton
752,Houston
753,Jared
754,Dusty
755,Judson
756,Lenny
757,Theron
758,Carol
759,Courtney
760,Errol
761,Wilburn
762,Adolfo
763,Coleman
764,Debra
765,Dino
766,Gaylon
767,Verne
768,Alden
769,Burl
770,Delmer
771,Jacques
772,Lyman
773,Artis
774,Berry
775,Britt
776,Bud
777,Hoyt
778,Carlo
779,Lavern
780,Mac
781,Mel
782,Odis
783,Raleigh
784,Randle
785,Sherwood
786,Taylor
787,Vicente
788,Von
789,Cleo
790,Emmitt
791,Garold
792,Jere
793,Rock
794,Wilmer
795,Bret
796,Elroy
797,Faron
798,Gregorio
799,Robbin
800,Russ
801,Curtiss
802,Domenic
803,Elmo
804,Jules
805,Michale
806,Wilton
807,Bertram
808,Cleve
809,Deborah
810,Fidel
811,Hugo
812,Keven
813,Clint
814,Federico
815,Layne
816,Lyndon
817,Lynwood
818,Olen
819,Alford
820,Cyrus
821,Dorsey
822,Johnathan
823,Lupe
824,Maxwell
825,Rubin
826,Arnulfo
827,King
828,Omar
829,Donovan
830,Gavin
831,Reynold
832,Waymon
833,Benedict
834,Cesar
835,Derrell
836,Donell
837,Duke
838,Gearld
839,Ike
840,Issac
841,Lesley
842,Richie
843,Carmelo
844,Cody
845,Farrell
846,Hayward
847,Kevan
848,Kit
849,Rolf
850,Truman
851,Alvis
852,Ashley
853,Columbus
854,Gayle
855,Haywood
856,Jarvis
857,Lauren
858,Lucious
859,Normand
860,Prince
861,Stacey
862,Alfonzo
863,Carnell
864,Dennie
865,Greggory
866,Quinton
867,Woody
868,Arlie
869,Blane
870,Boyce
871,Cruz
872,Eloy
873,Olin
874,Reyes
875,Wardell
876,Arden
877,Bernardo
878,Bruno
879,Chauncey
880,Chip
881,Dewitt
882,Humberto
883,Len
884,Mason
885,Noe
886,Scottie
887,Walton
888,Agustin
889,Brant
890,Demetrius
891,Ferdinand
892,Alva
893,Beverly
894,Brendan
895,Damian
896,Dell
897,Gaylord
898,Hunter
899,Lincoln
900,Raymon
901,Rollin
902,Claud
903,Edwardo
904,Lacy
905,Milford
906,Regis
907,Vernell
908,Alphonse
909,Franklyn
910,Joaquin
911,Kimball
912,Michal
913,Rahn
914,Shirley
915,Susan
916,Walker
917,Wally
918,Alvaro
919,Artie
920,Barrett
921,Darell
922,Darold
923,Desmond
924,Erick
925,Kelley
926,Marcellus
927,Melton
928,Thad
929,Ethan
930,Maxie
931,Rudolfo
932,Ambrose
933,Cletus
934,Cole
935,Emile
936,Kirt
937,Newton
938,Pasquale
939,Barron
940,Delton
941,Duwayne
942,Foster
943,Quincy
944,Stefan
945,Erich
946,Gerold
947,Gonzalo
948,Heriberto
949,Levon
950,Margarito
951,Murphy
952,Benton
953,Buster
954,Clarke
955,Elwin
956,Enoch
957,Gino
958,Glendon
959,Lannie
960,Lucius
961,Meredith
962,Raymundo
963,Carleton
964,Howell
965,Jonas
966,Jude
967,Levern
968,Lex
969,Logan
970,Lorenza
971,Micky
972,Noble
973,Parker
974,Abe
975,Antony
976,Aron
977,Arvin
978,Darius
979,Eliot
980,Ezra
981,Gaylen
982,Giles
983,Patric
984,Barbara
985,Darcy
986,Dwane
987,Lucien
988,Mariano
989,Merritt
990,Michial
991,Rowland
992,Warner
993,Wayman
994,Winford
995,Wyatt
996,Bradly
997,Crawford
998,Cris
999,Eldridge
1000,Harmon
