Rank,Name
1,James
2,Robert
3,John
4,William
5,Richard
6,David
7,Michael
8,Thomas
9,Charles
10,Larry
11,Ronald
12,Gary
13,Donald
14,Joseph
15,Kenneth
16,George
17,Dennis
18,Paul
19,Edward
20,Jerry
21,Stephen
22,Daniel
23,Frank
24,Steven
25,Roger
26,Terry
27,Raymond
28,Gerald
29,Bruce
30,Wayne
31,Douglas
32,Lawrence
33,Gregory
34,Walter
35,Harold
36,Peter
37,Jack
38,Arthur
39,Danny
40,Carl
41,Anthony
42,Willie
43,Joe
44,Jimmy
45,Alan
46,Henry
47,Mark
48,Roy
49,Johnny
50,Ralph
51,Billy
52,Timothy
53,Patrick
54,Harry
55,Albert
56,Fred
57,Philip
58,Steve
59,Eugene
60,Bobby
61,Ronnie
62,Howard
63,Dale
64,Louis
65,Mike
66,Jeffrey
67,Stanley
68,Barry
69,Russell
70,Leonard
71,Glenn
72,Samuel
73,Allen
74,Phillip
75,Ernest
76,Bill
77,Jim
78,Frederick
79,Tommy
80,Eddie
81,Norman
82,Andrew
83,Earl
84,Francis
85,Melvin
86,Don
87,Tom
88,Clarence
89,Marvin
90,Martin
91,Keith
92,Lee
93,Craig
94,Rodney
95,Brian
96,Alfred
97,Ray
98,Leroy
99,Curtis
100,Bernard
101,Clifford
102,Theodore
103,Gene
104,Herbert
105,Vincent
106,Randall
107,Jesse
108,Warren
109,Dan
110,Jerome
111,Gordon
112,Lloyd
113,Jimmie
114,Edwin
115,Bob
116,Randy
117,Leon
118,Lewis
119,Jay
120,Calvin
121,Victor
122,Eric
123,Jon
124,Leslie
125,Darrell
126,Tony
127,Christopher
128,Clyde
129,Alvin
130,Floyd
131,Harvey
132,Allan
133,Joel
134,Vernon
135,Duane
136,Jose
137,Lonnie
138,Glen
139,Scott
140,Dean
141,Jackie
142,Lester
143,Nicholas
144,Benjamin
145,Charlie
146,Gilbert
147,Leo
148,Johnnie
149,Arnold
150,Herman
151,Lynn
152,Franklin
153,Freddie
154,Chester
155,Dave
156,Manuel
157,Ted
158,Milton
159,Micheal
160,Kevin
161,Dwight
162,Neil
163,Wesley
164,Garry
165,Cecil
166,Roland
167,Claude
168,Donnie
169,Sam
170,Tim
171,Greg
172,Juan
173,Ricky
174,Marshall
175,Sammy
176,Hugh
177,Jonathan
178,Stuart
179,Wallace
180,Guy
181,Maurice
182,Rick
183,Kent
184,Karl
185,Chris
186,Oscar
187,Nathaniel
188,Terrence
189,Sidney
190,Alexander
191,Benny
192,Marc
193,Edgar
194,Perry
195,Jessie
196,Matthew
197,Carlos
198,Willard
199,Jeff
200,Morris
201,Elmer
202,Gerard
203,Earnest
204,Clifton
205,Randolph
206,Marion
207,Clinton
208,Dana
209,Bennie
210,Ron
211,Fredrick
212,Lyle
213,Everett
214,Reginald
215,Ben
216,Ira
217,Otis
218,Max
219,Virgil
220,Rex
221,Bradley
222,Darryl
223,Luther
224,Nelson
225,Clayton
226,Rickey
227,Byron
228,Alex
229,Mitchell
230,Terrance
231,Ross
232,Laurence
233,Dick
234,Jesus
235,Rudy
236,Jeffery
237,Horace
238,Pete
239,Ruben
240,Daryl
241,Hubert
242,Antonio
243,Neal
244,Delbert
245,Pat
246,Wendell
247,Ken
248,Kerry
249,Rudolph
250,Loren
251,Kenny
252,Aaron
253,Jan
254,Archie
255,Carroll
256,Lowell
257,Brent
258,Troy
259,Tommie
260,Phil
261,Alton
262,Leland
263,Darrel
264,Nick
265,Rodger
266,Homer
267,Carlton
268,Edmund
269,Malcolm
270,Tyrone
271,Oliver
272,Doyle
273,Nathan
274,Jerald
275,Lance
276,Julius
277,Bryan
278,Wilbert
279,Willis
280,Isaac
281,Clark
282,Sylvester
283,Wilbur
284,Salvatore
285,Frankie
286,Geoffrey
287,Sherman
288,Raul
289,Van
290,Robin
291,Francisco
292,Mickey
293,Dewey
294,Roosevelt
295,Julian
296,Myron
297,Kurt
298,Kim
299,Preston
300,Roberto
301,Jacob
302,Gregg
303,Ivan
304,Mack
305,Forrest
306,Ellis
307,Teddy
308,Mario
309,Denis
310,Ervin
311,Sammie
312,Grady
313,Felix
314,Wade
315,Rufus
316,Woodrow
317,Ramon
318,Luis
319,Andy
320,Pedro
321,Stewart
322,Elbert
323,Grant
324,Angelo
325,Denny
326,Wilson
327,Eldon
328,Freddy
329,Terence
330,Dallas
331,Armando
332,Ronny
333,Sheldon
334,Boyd
335,Emmett
336,Conrad
337,Percy
338,Travis
339,Owen
340,Bert
341,Ernie
342,Orville
343,Irvin
344,Marcus
345,Merle
346,Dwayne
347,Junior
348,Noel
349,Ricardo
350,Buddy
351,Doug
352,Gale
353,Gerry
354,Ed
355,Garland
356,Roderick
357,Louie
358,Hal
359,Royce
360,Guadalupe
361,Cleveland
362,Cary
363,Chuck
364,Rene
365,Alfonso
366,Edmond
367,Vaughn
368,Kelly
369,Darwin
370,Elliott
371,Lionel
372,Billie
373,Spencer
374,Harley
375,Harlan
376,Lanny
377,Kirk
378,Hector
379,Al
380,Bradford
381,Grover
382,Lorenzo
383,Wilfred
384,Irving
385,Marlin
386,Loyd
387,Stephan
388,Cornelius
389,Monte
390,Ned
391,Aubrey
392,Amos
393,Todd
394,Adrian
395,Arturo
396,Alonzo
397,Frederic
398,Galen
399,Elijah
400,Murray
401,Burton
402,Sanford
403,Miguel
404,Dominick
405,Kermit
406,Dannie
407,Dominic
408,Moses
409,Sterling
410,Vance
411,Lamar
412,Winston
413,Salvador
414,Miles
415,Lon
416,Elwood
417,Adam
418,Barney
419,Randal
420,Fernando
421,Harrison
422,Jess
423,Alfredo
424,Emil
425,Rickie
426,Austin
427,Norbert
428,Stan
429,Bobbie
430,Norris
431,August
432,Thurman
433,Linwood
434,Weldon
435,Abraham
436,Rafael
437,Gabriel
438,Carmen
439,Elton
440,Simon
441,Brad
442,Elliot
443,Wiley
444,Carey
445,Dewayne
446,Odell
447,Roscoe
448,Dudley
449,Eddy
450,Fredric
451,Andre
452,Enrique
453,Monty
454,Ward
455,Delmar
456,Sandy
457,Elvin
458,Linda
459,Millard
460,Drew
461,Maynard
462,Rodolfo
463,Blaine
464,Evan
465,Jerold
466,Kirby
467,Will
468,Gail
469,Monroe
470,Jasper
471,Truman
472,Alphonso
473,Ernesto
474,Russel
475,Reuben
476,Nolan
477,Emanuel
478,Hollis
479,Gus
480,Kennith
481,Merrill
482,Alberto
483,Dickie
484,Donny
485,Coy
486,Rod
487,Domingo
488,Harris
489,Jerrold
490,Charley
491,Christian
492,Jackson
493,Jake
494,Tomas
495,Riley
496,Levi
497,Mary
498,Tracy
499,Ramiro
500,Terrell
501,Irwin
502,Carter
503,Rocky
504,Denver
505,Joesph
506,Johnie
507,Laverne
508,Otto
509,Bernie
510,Colin
511,Dane
512,Emory
513,Gilberto
514,Morgan
515,Rocco
516,Joey
517,Connie
518,Angel
519,Barton
520,Ollie
521,Solomon
522,Marty
523,Jeffry
524,Ulysses
525,Buford
526,Thaddeus
527,Armand
528,Forest
529,Carol
530,Merlin
531,Reynaldo
532,Booker
533,Reed
534,Vern
535,Basil
536,Clair
537,Cornell
538,Duncan
539,Jean
540,Noah
541,Royal
542,Santos
543,Dexter
544,Orlando
545,Clement
546,Garrett
547,Jorge
548,Errol
549,Kyle
550,Luke
551,Kendall
552,Pablo
553,Justin
554,Toby
555,Wilmer
556,Davis
557,Robbie
558,Abel
559,Lupe
560,Shelby
561,Clay
562,Lamont
563,Randell
564,Emery
565,Michel
566,Earle
567,Eli
568,Cleo
569,Emilio
570,Joshua
571,Sonny
572,Cliff
573,Elias
574,Vito
575,Wilburn
576,Jefferson
577,Mac
578,Damon
579,Erwin
580,Herschel
581,Ignacio
582,Jody
583,Rolland
584,Carson
585,Julio
586,Gayle
587,Isaiah
588,Jason
589,Mervin
590,Dwain
591,Everette
592,Felipe
593,Rogers
594,Silas
595,Alva
596,Winfred
597,Jeremiah
598,Odis
599,Wilford
600,Dalton
601,Freeman
602,Curt
603,Hershel
604,Andres
605,Bart
606,Bennett
607,Glynn
608,Lavern
609,Lenard
610,Lonny
611,Alden
612,Carmine
613,Shirley
614,Carrol
615,Bryant
616,Foster
617,Jaime
618,Benito
619,Donn
620,Erik
621,Houston
622,Major
623,Shelton
624,Anton
625,Dee
626,Gaylord
627,Jere
628,Lyman
629,Patricia
630,Reid
631,Nicky
632,Olin
633,Wally
634,Anderson
635,Rogelio
636,Roman
637,Lane
638,Alejandro
639,Augustine
640,Emerson
641,Jacky
642,Val
643,Judson
644,Otha
645,Coleman
646,Guillermo
647,Eduardo
648,Haywood
649,Isiah
650,Stanford
651,Arden
652,Delmer
653,Graham
654,Israel
655,Saul
656,Ian
657,Quentin
658,Art
659,Javier
660,Raleigh
661,Sherwood
662,Woody
663,Bryce
664,Emile
665,Felton
666,Humberto
667,Santiago
668,Adolph
669,Bud
670,Burl
671,Butch
672,Gearld
673,Jules
674,Leigh
675,Pasquale
676,Rayford
677,Cyril
678,Harmon
679,Hiram
680,Ismael
681,Stanton
682,Claud
683,Theron
684,Wilton
685,Benedict
686,Milford
687,Pierre
688,Reggie
689,Ryan
690,Douglass
691,Russ
692,Elmo
693,Garth
694,Melvyn
695,Myles
696,Lacy
697,Unknown
698,Clint
699,Fletcher
700,Marcel
701,Mel
702,Blair
703,Mckinley
704,Olen
705,Sean
706,Morton
707,Brett
708,Danial
709,Ivory
710,Lincoln
711,Alphonse
712,Arlie
713,Mathew
714,Meredith
715,Augustus
716,Avery
717,Nickolas
718,Timmy
719,Garold
720,Kenton
721,Lauren
722,Les
723,Columbus
724,Lindsey
725,Normand
726,Seth
727,Barbara
728,Brooks
729,Courtney
730,Hoyt
731,Burt
732,Elroy
733,Mason
734,Milo
735,Nicolas
736,Scotty
737,Brady
738,Del
739,Dorsey
740,Hilton
741,Lawerence
742,Arlen
743,Blake
744,Lemuel
745,Regis
746,Sydney
747,Lucien
748,Dennie
749,Eloy
750,Napoleon
751,Rollin
752,Taylor
753,Adolfo
754,Delmas
755,Dewitt
756,Gaylon
757,Len
758,Boyce
759,Hayward
760,Lynwood
761,Mitchel
762,Talmadge
763,Vicente
764,Artis
765,Bruno
766,Hobert
767,Lucius
768,Warner
769,Cleve
770,Newton
771,Cameron
772,Cletus
773,Cruz
774,Jamie
775,King
776,Lorin
777,Winford
778,Buster
779,Chad
780,Donovan
781,Emmitt
782,Matt
783,Raymon
784,Domenic
785,Stevan
786,Walton
787,Waymon
788,Cyrus
789,Darold
790,Donnell
791,Elden
792,Hank
793,Verne
794,Alvis
795,Eldridge
796,Fidel
797,Mose
798,Parker
799,Shannon
800,Walker
801,Carlo
802,Gregorio
803,Huey
804,Maxie
805,Berry
806,Bertram
807,Beverly
808,Casey
809,Cedric
810,Curtiss
811,Granville
812,Orval
813,Rory
814,Sandra
815,Erick
816,Hardy
817,Jordan
818,Patsy
819,Rubin
820,Rusty
821,Vince
822,Allyn
823,Arlin
824,Bonnie
825,Farrell
826,Lesley
827,Melton
828,Noble
829,Omer
830,Winfield
831,Alec
832,Arvin
833,Herb
834,Mikel
835,Zachary
836,Deane
837,Raphael
838,Terrill
839,Hunter
840,Lenny
841,Marco
842,Agustin
843,Artie
844,Ashley
845,Darell
846,Dell
847,Ellsworth
848,Jonas
849,Prince
850,Rollie
851,Tyler
852,Zane
853,Elvis
854,Franklyn
855,Ike
856,Issac
857,Jacques
858,Maxwell
859,Toney
860,Wardell
861,Darnell
862,Ferdinand
863,Geary
864,Harland
865,Margarito
866,Rand
867,Stacy
868,Theadore
869,Lyndon
870,Mcarthur
871,Quincy
872,Reyes
873,Roddy
874,Sal
875,Susan
876,Thad
877,Wilber
878,Alfonzo
879,Arther
880,Asa
881,Duwayne
882,Ford
883,Howell
884,Loran
885,Seymour
886,Garnett
887,Glendon
888,Romeo
889,Benton
890,Clarke
891,Delton
892,Derek
893,Fritz
894,Leopoldo
895,Lindsay
896,Reynold
897,Rolando
898,Sergio
899,Trinidad
900,Denzil
901,Jerrell
902,Kris
903,Madison
904,Noe
905,Williams
906,Ambrose
907,Cornel
908,Ezra
909,Gerold
910,Kay
911,Logan
912,Lyn
913,Porter
914,Raymundo
915,Robby
916,Adan
917,Arlan
918,Dwaine
919,Edd
920,Lawson
921,Lucious
922,Skip
923,Carnell
924,Early
925,Enoch
926,Frances
927,Gustavo
928,Leeroy
929,Linden
930,Murphy
931,Nancy
932,Palmer
933,Randel
934,Rondal
935,Sharon
936,Shawn
937,Von
938,Abe
939,Carleton
940,Collin
941,Dayton
942,Dorian
943,Evans
944,Ezekiel
945,Garey
946,Gaylen
947,Harrell
948,Jennings
949,Lindell
950,Lou
951,Marcelino
952,Merritt
953,Quinton
954,Sebastian
955,Vernell
956,Alford
957,Clem
958,Gil
959,Hayden
960,Hugo
961,Joaquin
962,Jonathon
963,Junius
964,Kip
965,Leonel
966,Wayland
967,Wylie
968,Aron
969,Bernardo
970,Durwood
971,Ezell
972,Giles
973,Godfrey
974,Loy
975,Rowland
976,Alvie
977,Dillard
978,Jed
979,Lorenza
980,Marcos
981,Orin
982,Valentine
983,Barrie
984,Dirk
985,Edsel
986,Gonzalo
987,Hermon
988,Kit
989,Lenwood
990,Leonardo
991,Loyal
992,Mahlon
993,Oren
994,Refugio
995,Tex
996,Tillman
997,Walt
998,Wyman
999,Brock
1000,Clarance
