Rank,Name
1,Robert
2,James
3,John
4,William
5,Richard
6,Charles
7,Donald
8,George
9,Joseph
10,Thomas
11,Edward
12,Ronald
13,David
14,Paul
15,Kenneth
16,Frank
17,Jack
18,Harold
19,Raymond
20,Billy
21,Walter
22,Gerald
23,Eugene
24,Henry
25,Arthur
26,Bobby
27,Joe
28,Carl
29,Ralph
30,Albert
31,Jerry
32,Willie
33,Franklin
34,Fred
35,Harry
36,Howard
37,Norman
38,Lawrence
39,Roy
40,Louis
41,Earl
42,Daniel
43,Clarence
44,Marvin
45,Francis
46,Anthony
47,Leonard
48,Roger
49,Herbert
50,Ernest
51,Melvin
52,Wayne
53,Michael
54,Don
55,Stanley
56,Leroy
57,Alfred
58,Larry
59,Bill
60,Peter
61,Samuel
62,Ray
63,Bernard
64,Jimmy
65,Dale
66,Gene
67,Russell
68,Theodore
69,Floyd
70,Philip
71,Gordon
72,Jimmie
73,Lloyd
74,Glenn
75,Leo
76,Andrew
77,Edwin
78,Frederick
79,Lee
80,Gary
81,Douglas
82,Bob
83,Vernon
84,Allen
85,Leon
86,Clifford
87,Clyde
88,Alvin
89,Martin
90,Johnny
91,Lewis
92,Bruce
93,Eddie
94,Vincent
95,Charlie
96,Herman
97,Harvey
98,Jim
99,Warren
100,Jesse
101,Elmer
102,Duane
103,Arnold
104,Gilbert
105,Jerome
106,Dennis
107,Curtis
108,Lester
109,Tommy
110,Patrick
111,Cecil
112,Calvin
113,Milton
114,Roland
115,Johnnie
116,Victor
117,Tom
118,Benjamin
119,Chester
120,Wallace
121,Sam
122,Alan
123,Jackie
124,Glen
125,Phillip
126,Stephen
127,Keith
128,Dean
129,Maurice
130,Willard
131,Claude
132,Roosevelt
133,Marion
134,Manuel
135,Edgar
136,Jose
137,Leslie
138,Virgil
139,Everett
140,Max
141,Hugh
142,Oscar
143,Jessie
144,Dick
145,Ted
146,Billie
147,Wesley
148,Darrell
149,Neil
150,Homer
151,Jay
152,Sidney
153,Dan
154,Allan
155,Hubert
156,Freddie
157,Delbert
158,Lyle
159,Wilbur
160,Nicholas
161,Lowell
162,Luther
163,Ben
164,Morris
165,Horace
166,Earnest
167,Rudolph
168,Junior
169,Bennie
170,Willis
171,Tony
172,Guy
173,Rodney
174,Carroll
175,Otis
176,Lonnie
177,Clifton
178,Nathaniel
179,Steve
180,Mark
181,Karl
182,Marshall
183,Salvatore
184,Alton
185,Joel
186,Archie
187,Alexander
188,Clayton
189,Leland
190,Clinton
191,Juan
192,Orville
193,Wilbert
194,Rex
195,Bobbie
196,Doyle
197,Alex
198,Benny
199,Oliver
200,Wendell
201,Matthew
202,Ira
203,Mike
204,Merle
205,Nelson
206,Terry
207,Edmund
208,Carlos
209,Myron
210,Ramon
211,Julius
212,Loren
213,Jacob
214,Elbert
215,Gerard
216,Eldon
217,Ivan
218,Lynn
219,Malcolm
220,Angelo
221,Buddy
222,Dewey
223,Troy
224,Dwight
225,Fredrick
226,Jesus
227,Pete
228,Ronnie
229,Tommie
230,Danny
231,Nick
232,Sylvester
233,Conrad
234,Carlton
235,Barry
236,Perry
237,Isaac
238,Rufus
239,Teddy
240,Antonio
241,Ervin
242,Aaron
243,Grady
244,Julian
245,Forrest
246,Irvin
247,Byron
248,Sherman
249,Owen
250,Stuart
251,Wilfred
252,Sheldon
253,Burton
254,Ellis
255,Laurence
256,Norbert
257,Mack
258,Ross
259,Nathan
260,Felix
261,Irving
262,Bert
263,Boyd
264,Loyd
265,Percy
266,Ruben
267,Rudy
268,Elwood
269,Dallas
270,Pat
271,Garland
272,Dave
273,Clark
274,Emil
275,Irwin
276,Harlan
277,Neal
278,Emmett
279,Aubrey
280,Harley
281,Sammy
282,Wilson
283,Louie
284,Timothy
285,Amos
286,Reginald
287,Marlin
288,Johnie
289,August
290,Grover
291,Morton
292,Darrel
293,Donnie
294,Otto
295,Lionel
296,Raul
297,Mary
298,Noel
299,Jon
300,Mario
301,Preston
302,Delano
303,Cornelius
304,Delmar
305,Pedro
306,Dominick
307,Merlin
308,Darwin
309,Frankie
310,Sammie
311,Laverne
312,Steven
313,Travis
314,Wade
315,Austin
316,Elton
317,Edmond
318,Maynard
319,Royce
320,Moses
321,Murray
322,Millard
323,Alfonso
324,Dominic
325,Francisco
326,Roscoe
327,Carol
328,Ed
329,Kermit
330,Carmen
331,Jerald
332,Erwin
333,Gregory
334,Grant
335,Alonzo
336,Norris
337,Luis
338,Clair
339,Thurman
340,Elvin
341,Abraham
342,Charley
343,Cleveland
344,Roberto
345,Seymour
346,Lamar
347,Odell
348,Ned
349,Marcus
350,Hollis
351,Adam
352,Eric
353,Harrison
354,Randall
355,Andy
356,Jasper
357,Sanford
358,Weldon
359,Randolph
360,Reuben
361,Lavern
362,Will
363,Adolph
364,Woodrow
365,Monroe
366,Lorenzo
367,Ollie
368,Van
369,Wiley
370,Cleo
371,Stewart
372,Gale
373,Shirley
374,Rocco
375,Phil
376,Mitchell
377,Merrill
378,Wilmer
379,Gus
380,Wilburn
381,Christopher
382,Jean
383,Rolland
384,Jake
385,Russel
386,Elijah
387,Hector
388,Kent
389,Elliott
390,Simon
391,Truman
392,Adrian
393,Salvador
394,Emory
395,Gabriel
396,Hal
397,Sterling
398,Emanuel
399,Winston
400,Arlen
401,Barney
402,Clement
403,Coy
404,Miguel
405,Armand
406,Jess
407,Armando
408,Harris
409,Alfredo
410,Frederic
411,Noah
412,Talmadge
413,Basil
414,Daryl
415,Forest
416,Gail
417,Al
418,Buford
419,Dudley
420,Earle
421,Levi
422,Mervin
423,Ricardo
424,Scott
425,Nolan
426,Bud
427,Dwayne
428,Roderick
429,Carrol
430,Rodger
431,Ward
432,Hershel
433,Patsy
434,Vern
435,Emery
436,Bradley
437,Guadalupe
438,Delmer
439,Eli
440,Miles
441,Rene
442,Alva
443,Milford
444,Betty
445,Jackson
446,Spencer
447,Huey
448,Riley
449,Cyril
450,Brian
451,Elmo
452,Freeman
453,Blaine
454,Booker
455,Mickey
456,Denis
457,Linwood
458,Pablo
459,Vance
460,Vito
461,Claud
462,Monte
463,Royal
464,Solomon
465,Everette
466,Wilton
467,Dalton
468,Jeff
469,Silas
470,Chris
471,Connie
472,Normand
473,Elias
474,Herschel
475,Anton
476,Denver
477,Ulysses
478,Wilford
479,Lenard
480,Rodolfo
481,Carmine
482,Winfred
483,Kay
484,Dana
485,Odis
486,Franklyn
487,Fernando
488,Kennith
489,Kevin
490,Saul
491,Rafael
492,Roman
493,Warner
494,Arturo
495,Bernie
496,Fletcher
497,Galen
498,Bertram
499,Fredric
500,Jonathan
501,Cletus
502,Elroy
503,Gayle
504,Hoyt
505,Milo
506,Alphonso
507,Enrique
508,Ernie
509,Morgan
510,Rosevelt
511,Thaddeus
512,Arlie
513,Dewayne
514,Emerson
515,Emilio
516,Kelly
517,Orval
518,Rogers
519,Barbara
520,Pasquale
521,Tomas
522,Carlo
523,Olen
524,Dorothy
525,Freddy
526,Garry
527,Augustine
528,Buster
529,Domingo
530,Lyman
531,Shelby
532,Alden
533,Arden
534,Clay
535,Ernesto
536,Burl
537,Felipe
538,Lupe
539,Terrence
540,Bruno
541,Craig
542,Jeremiah
543,Alberto
544,Alphonse
545,Bennett
546,Ellsworth
547,Luke
548,Newton
549,Bryan
550,Evan
551,Hiram
552,Hobert
553,Ken
554,Olin
555,Major
556,Gilberto
557,Anderson
558,Denny
559,Houston
560,Isaiah
561,Merlyn
562,Sonny
563,Andres
564,Columbus
565,Harmon
566,Boyce
567,Jules
568,Vaughn
569,Ignacio
570,Jerold
571,Joshua
572,Micheal
573,Orlando
574,Sherwood
575,Tim
576,Angel
577,Dwain
578,Foster
579,Graham
580,Julio
581,Raleigh
582,Arther
583,Dee
584,Hilton
585,Justin
586,Omer
587,Elliot
588,Augustus
589,Emile
590,Jerrold
591,Abel
592,Davis
593,Doris
594,Gaylord
595,Isiah
596,Rollin
597,Harland
598,Haywood
599,Theron
600,Verne
601,Jewel
602,Mckinley
603,Ferdinand
604,Noble
605,Walton
606,Avery
607,Mose
608,Palmer
609,Stanford
610,Beverly
611,Lincoln
612,Otha
613,Raymon
614,Santiago
615,Benito
616,Mathew
617,Ezra
618,Santos
619,Donn
620,Emmitt
621,Kendall
622,Oren
623,Sydney
624,Glendon
625,Jan
626,Jefferson
627,Marlyn
628,Reed
629,Napoleon
630,Ramiro
631,Waldo
632,Ambrose
633,Frances
634,Lemuel
635,Mason
636,Merton
637,Bradford
638,Farrell
639,Gearld
640,Helen
641,Zane
642,Alejandro
643,Arlin
644,Bonnie
645,Dewitt
646,Elden
647,Jason
648,Loy
649,Winford
650,Art
651,Donovan
652,Gerry
653,Hans
654,Hermon
655,Leeroy
656,Verlin
657,Cyrus
658,Fay
659,Granville
660,Joesph
661,Jordan
662,King
663,Marcel
664,Donal
665,Lucius
666,Rayford
667,Reynold
668,Andre
669,Blair
670,Carter
671,Christian
672,Coleman
673,Delton
674,Dickie
675,Ivory
676,Waymon
677,Alvie
678,Barton
679,Darold
680,Elwyn
681,Lois
682,Lucien
683,Maxie
684,Patricia
685,Felton
686,Hugo
687,Jere
688,Jewell
689,Lawerence
690,Mac
691,Reynaldo
692,Sandy
693,Sebastian
694,Alvis
695,Arlo
696,Casimir
697,Eldridge
698,Elwin
699,Guillermo
700,Israel
701,Junius
702,Kyle
703,Bryant
704,Damon
705,Dannie
706,Dexter
707,Kenny
708,Lacy
709,Melvyn
710,Asa
711,Bernice
712,Clarance
713,Edd
714,Garth
715,Nickolas
716,Rupert
717,Shelton
718,Stanton
719,Theadore
720,Vicente
721,Buck
722,Carson
723,Darryl
724,Edsel
725,Raphael
726,Rosario
727,Rubin
728,Taylor
729,Hayward
730,Ottis
731,Seth
732,Valentine
733,Claudie
734,Denzil
735,Dorsey
736,Enoch
737,Giles
738,Porter
739,Robin
740,Dwaine
741,Ismael
742,Mahlon
743,Maxwell
744,Melton
745,Abe
746,Aloysius
747,Beryl
748,Burt
749,Quentin
750,Val
751,Wilber
752,Adolfo
753,Alford
754,Elmore
755,Ronny
756,Walker
757,Benedict
758,Clem
759,Dillard
760,Myles
761,Regis
762,Carlyle
763,Cruz
764,Eduardo
765,Joan
766,Kurt
767,Milan
768,Tracy
769,Werner
770,Arlan
771,Fritz
772,Garner
773,June
774,Terence
775,Arvin
776,Dayton
777,Howell
778,Merritt
779,Omar
780,Santo
781,Theo
782,Artis
783,Bertrand
784,Carey
785,Domenic
786,Duncan
787,Eloy
788,General
789,Cornell
790,Elzie
791,Glynn
792,Haskell
793,Jennings
794,Judson
795,Lafayette
796,Logan
797,Loyal
798,Wardell
799,Author
800,Bryce
801,Early
802,Garnett
803,Gregorio
804,Joyce
805,Kirby
806,Margaret
807,Miller
808,Parker
809,Romeo
810,Stan
811,Winfield
812,Clovis
813,Cloyd
814,Eldred
815,Fidel
816,Garrett
817,Harlen
818,Lavon
819,Newell
820,Pierre
821,Cleve
822,Deane
823,Furman
824,Agustin
825,Benton
826,Brooks
827,Burnell
828,Carleton
829,Elvis
830,Ezell
831,Florian
832,Lon
833,Terrance
834,Berry
835,Brady
836,Cary
837,Crawford
838,Lucian
839,Margarito
840,Matt
841,Vernie
842,Webster
843,Arvid
844,Garfield
845,Hardy
846,Lindsey
847,Lynwood
848,Norval
849,Ruby
850,Von
851,Willam
852,Dock
853,Eddy
854,Gerold
855,Ike
856,Loran
857,Murphy
858,Oran
859,Verl
860,Lauren
861,Leamon
862,Norwood
863,Ora
864,Otho
865,Rollie
866,Rowland
867,Ruth
868,Chuck
869,Clint
870,Curtiss
871,Finis
872,Obie
873,Prince
874,Verle
875,Aldo
876,Colin
877,Domenick
878,Hosea
879,Issac
880,Jonas
881,Leander
882,Meredith
883,Oneal
884,Pearl
885,Antone
886,Ardell
887,Chauncey
888,Cordell
889,Gonzalo
890,Hobart
891,Lawson
892,Nicolas
893,Norton
894,Armond
895,Aurelio
896,Carmelo
897,Darvin
898,Dell
899,Delmas
900,Durwood
901,Lucious
902,Monty
903,Quinton
904,Thad
905,Adolphus
906,Allie
907,Arvil
908,Constantine
909,Evert
910,Federico
911,Genaro
912,Hamilton
913,Henery
914,Jarvis
915,Johny
916,Lane
917,Lonzo
918,Marcelino
919,Mervyn
920,Rayburn
921,Rogelio
922,Terrell
923,Vivian
924,Wally
925,Willian
926,Abner
927,Brent
928,Derrell
929,Dino
930,Nancy
931,Ocie
932,Oswald
933,Sherwin
934,Sol
935,Watson
936,Wayland
937,Auther
938,Clare
939,Elisha
940,Enrico
941,Evans
942,Hazel
943,Humberto
944,Jamie
945,Leonardo
946,Orrin
947,Alonza
948,Burley
949,Cleon
950,Cliff
951,Duwayne
952,Emmet
953,Ezekiel
954,Jame
955,Jonnie
956,Lovell
957,Ludwig
958,Orin
959,Refugio
960,Aron
961,Conley
962,Davie
963,Dempsey
964,Durward
965,Edison
966,Ewell
967,Farris
968,Faustino
969,Garold
970,Harrell
971,Henderson
972,Hershell
973,Llewellyn
974,Malcom
975,Mildred
976,Reid
977,Rolf
978,Rose
979,Virgle
980,Arland
981,Arley
982,Casper
983,Dolores
984,Douglass
985,Emmit
986,Gino
987,Gustav
988,Jacky
989,Lorin
990,Turner
991,Verlyn
992,Virginia
993,Whitney
994,Williams
995,Addison
996,Allyn
997,Bart
998,Blake
999,Danial
1000,Darl
