Rank,Name
1,John
2,William
3,James
4,George
5,Charles
6,Frank
7,Joseph
8,Harry
9,Robert
10,Edward
11,Henry
12,Thomas
13,Walter
14,Arthur
15,Fred
16,Albert
17,Clarence
18,Roy
19,Louis
20,Samuel
21,Benjamin
22,David
23,Ernest
24,Richard
25,Joe
26,Willie
27,Carl
28,Earl
29,Charlie
30,Will
31,Jesse
32,Oscar
33,Andrew
34,Elmer
35,Paul
36,Daniel
37,Raymond
38,Howard
39,Ralph
40,Sam
41,Alfred
42,Herbert
43,Ben
44,Frederick
45,Peter
46,Lee
47,Lewis
48,Herman
49,Claude
50,Tom
51,Michael
52,Eugene
53,Martin
54,Ray
55,Francis
56,Lawrence
57,Harold
58,Jim
59,Leo
60,Edgar
61,Jack
62,Clyde
63,Floyd
64,Harvey
65,Otto
66,Edwin
67,Jacob
68,Harrison
69,Chester
70,Guy
71,Ed
72,Luther
73,Homer
74,Patrick
75,Bert
76,Theodore
77,Leonard
78,Hugh
79,Allen
80,Anthony
81,Bernard
82,Lester
83,Grover
84,Oliver
85,Ira
86,Jessie
87,Clifford
88,Charley
89,Russell
90,Archie
91,Isaac
92,Leroy
93,Alexander
94,Leon
95,Philip
96,August
97,Milton
98,Lloyd
99,Warren
100,Horace
101,Stephen
102,Everett
103,Julius
104,Victor
105,Eddie
106,Leslie
107,Marion
108,Stanley
109,Emil
110,Percy
111,Sidney
112,Norman
113,Alvin
114,Alex
115,Willis
116,Jess
117,Nathan
118,Matthew
119,Dan
120,Dave
121,Otis
122,Ross
123,Wallace
124,Amos
125,Gus
126,Morris
127,Sylvester
128,Dennis
129,Jerry
130,Mack
131,Maurice
132,Emmett
133,Rufus
134,Calvin
135,Jake
136,Lonnie
137,Gilbert
138,Perry
139,Jay
140,Glenn
141,Alonzo
142,Cecil
143,Wilbur
144,Adolph
145,Earnest
146,Mark
147,Wesley
148,Franklin
149,Willard
150,Melvin
151,Clinton
152,Elbert
153,Adam
154,Virgil
155,Edmund
156,Claud
157,Levi
158,Aaron
159,Noah
160,Abraham
161,Felix
162,Hubert
163,Max
164,Roscoe
165,Rudolph
166,Timothy
167,Manuel
168,Ellis
169,Jose
170,Nelson
171,Moses
172,Phillip
173,Cornelius
174,Marshall
175,Marvin
176,Clayton
177,Irvin
178,Jasper
179,Ollie
180,Donald
181,Owen
182,Anton
183,Reuben
184,Vernon
185,Wiley
186,Mike
187,Christopher
188,Johnnie
189,Jeff
190,Simon
191,Austin
192,Fredrick
193,Monroe
194,Nicholas
195,Curtis
196,Silas
197,Bennie
198,Hiram
199,Kenneth
200,Forrest
201,Irving
202,Vincent
203,Orville
204,Steve
205,Alva
206,Bruce
207,Don
208,Bill
209,Elijah
210,Juan
211,Cleveland
212,Eli
213,Gordon
214,Harley
215,Pete
216,Roland
217,Clifton
218,Sherman
219,Glen
220,Dock
221,Mose
222,Barney
223,Edd
224,Ervin
225,Ike
226,Bob
227,Christian
228,Clark
229,Karl
230,Pearl
231,Julian
232,Roger
233,Bud
234,Gerald
235,Jerome
236,Nathaniel
237,Boyd
238,Earle
239,Ivan
240,Ora
241,Scott
242,Andy
243,Tony
244,Edmond
245,Luke
246,Lynn
247,Major
248,Riley
249,Wilson
250,Lon
251,Anderson
252,Arnold
253,Chris
254,Emery
255,Jackson
256,Jeremiah
257,Mathew
258,Millard
259,Wade
260,Clem
261,Emanuel
262,Mary
263,Columbus
264,Louie
265,Solomon
266,Abe
267,Douglas
268,Grant
269,Jefferson
270,Preston
271,Johnie
272,Marcus
273,Neal
274,Asa
275,Byron
276,Conrad
277,Emory
278,Joel
279,Royal
280,Wilfred
281,Elias
282,Morton
283,Newton
284,Augustus
285,Cyrus
286,Freeman
287,Merle
288,Dewitt
289,Ferdinand
290,General
291,Myron
292,Nick
293,Van
294,Carroll
295,Dallas
296,Enoch
297,Ezra
298,Grady
299,Hugo
300,Joshua
301,Matt
302,Miles
303,Ruben
304,Walker
305,Chas
306,Delbert
307,Fletcher
308,Laurence
309,Logan
310,Tommie
311,Ward
312,Wayne
313,Allan
314,Antonio
315,Arch
316,Harris
317,Loyd
318,Benjiman
319,Dudley
320,Jimmie
321,Thurman
322,Carlton
323,Chauncey
324,Clay
325,Elisha
326,Elwood
327,Erwin
328,Garfield
329,Leland
330,Lemuel
331,Vern
332,Casper
333,Gustave
334,Ned
335,Neil
336,Spencer
337,Taylor
338,Ambrose
339,Clement
340,Emile
341,Foster
342,Gust
343,Gustav
344,Malcolm
345,Omer
346,Randolph
347,Seth
348,Alton
349,Lucius
350,Pedro
351,Carlos
352,Dorsey
353,Hans
354,Hardy
355,Harmon
356,Jonas
357,Sanford
358,Ted
359,Wilbert
360,Burton
361,Dee
362,Emmet
363,Forest
364,Lorenzo
365,Morgan
366,Murray
367,Noble
368,Winfield
369,Abram
370,Al
371,Anna
372,Archibald
373,Berry
374,Frederic
375,Madison
376,Ramon
377,Rex
378,Warner
379,Abner
380,Cleve
381,Dick
382,Elza
383,Emerson
384,Irwin
385,Josh
386,Leander
387,Loren
388,Adolphus
389,Davis
390,Dean
391,Elvin
392,Eric
393,Fritz
394,Green
395,Judson
396,King
397,Lem
398,Lucian
399,Lyman
400,Mason
401,Mitchell
402,Raleigh
403,Sol
404,Stuart
405,Christ
406,Clair
407,Early
408,Henderson
409,Israel
410,Johnny
411,Judge
412,Napoleon
413,Ole
414,Porter
415,Blaine
416,Caleb
417,Clint
418,Dale
419,Elton
420,Fay
421,Francisco
422,Geo
423,Herschel
424,Lowell
425,Oren
426,Orval
427,Pat
428,Phil
429,Sandy
430,Stewart
431,Ulysses
432,Washington
433,Zack
434,Axel
435,Bertram
436,Hamilton
437,Jason
438,Lyle
439,Olin
440,Pink
441,Rollie
442,Sydney
443,Turner
444,Verne
445,Waldo
446,Alphonse
447,Burt
448,Ellsworth
449,Evan
450,Granville
451,Kelly
452,Lige
453,Lou
454,Miller
455,Milo
456,Nels
457,Odie
458,Olaf
459,Otho
460,Rolla
461,Rolland
462,Thornton
463,Wash
464,Adrian
465,Alvie
466,Basil
467,Bertie
468,Duncan
469,Dwight
470,Elizabeth
471,Evans
472,Garrett
473,Hezekiah
474,Isiah
475,Junius
476,Lafayette
477,Lindsey
478,Orin
479,Reese
480,Troy
481,Webster
482,Aubrey
483,Buster
484,Carey
485,Cliff
486,Evert
487,Ford
488,Frances
489,Hosea
490,Mathias
491,Melville
492,Orrin
493,Smith
494,Sterling
495,Tracy
496,Valentine
497,Wyatt
498,Adelbert
499,Albin
500,Angus
501,Annie
502,Beverly
503,Billie
504,Dominick
505,Elmore
506,Emmitt
507,Ethel
508,Ezekiel
509,Finis
510,Harlan
511,Henery
512,Josiah
513,Lincoln
514,Lonie
515,Prince
516,Reginald
517,Sammie
518,Sim
519,Simeon
520,Steven
521,Tim
522,Verner
523,Wilber
524,Wilmer
525,Alma
526,Angelo
527,Antone
528,Benjamine
529,Benton
530,Cal
531,Connie
532,Dewey
533,Doc
534,Elmo
535,Isaiah
536,Johnson
537,Larry
538,Lucious
539,Margaret
540,Minnie
541,Noel
542,Parker
543,Randall
544,Ransom
545,Rollin
546,Roman
547,Shirley
548,Truman
549,Alf
550,Allie
551,Alois
552,Ballard
553,Benjaman
554,Bennett
555,Bertha
556,Brady
557,Burl
558,Butler
559,Cloyd
560,Coleman
561,Cyril
562,Freddie
563,Giles
564,Hal
565,Hamp
566,Jean
567,Jonathan
568,Jules
569,Lawson
570,Lucien
571,Marcellus
572,Merritt
573,Norris
574,Orlando
575,Oswald
576,Reed
577,Vance
578,Walton
579,Winfred
580,Wm
581,Addison
582,Aloysius
583,Alvah
584,Arlie
585,Artie
586,Bart
587,Bee
588,Bernie
589,Bryant
590,Burr
591,Carter
592,Cary
593,Clare
594,Courtney
595,Crawford
596,Eldon
597,Elliott
598,Essie
599,Ferd
600,Gene
601,Guss
602,Haywood
603,Houston
604,Hunter
605,Irl
606,Linton
607,Lonzo
608,Luis
609,Mattie
610,Maxwell
611,Maynard
612,Mont
613,Omar
614,Otha
615,Pablo
616,Pierce
617,Price
618,Raphael
619,Rose
620,Rupert
621,Russel
622,Shelby
623,Theron
624,Tobe
625,Wilburn
626,Wilford
627,Wylie
628,Addie
629,Alan
630,Alden
631,Alford
632,Bailey
633,Bartholomew
634,Bernhard
635,Bishop
636,Dolphus
637,Egbert
638,Elwin
639,Emma
640,Ernst
641,Everette
642,Florence
643,Gustaf
644,Harve
645,Hollie
646,Hollis
647,Isadore
648,Isom
649,Ivory
650,Ivy
651,Lacy
652,Larkin
653,Lenard
654,Lindsay
655,Manley
656,Myrtle
657,Newt
658,Octave
659,Ola
660,Orange
661,Pierre
662,Quincy
663,Ronald
664,Rowland
665,Seymour
666,Sullivan
667,Thaddeus
668,Tillman
669,Tobias
670,Urban
671,Vivian
672,Young
673,Abel
674,Alice
675,Alonza
676,Aron
677,Arvid
678,Avery
679,Benson
680,Bonnie
681,Brown
682,Buck
683,Burley
684,Clara
685,Colonel
686,Dora
687,Doyle
688,Eber
689,Elden
690,Gabriel
691,Garland
692,Gerard
693,Golden
694,Helmer
695,Hershel
696,Hubbard
697,Ignatius
698,Jennie
699,Jesus
700,Jodie
701,Lennie
702,Lew
703,Lionel
704,Maude
705,May
706,Merrill
707,Mervin
708,Mitchel
709,Oral
710,Orie
711,Park
712,Rene
713,Richmond
714,Roderick
715,Rodney
716,Rube
717,Terry
718,Tomas
719,Tommy
720,Willam
721,Wilton
722,Ace
723,Acie
724,Alfonzo
725,Algie
726,Andres
727,Arther
728,Augusta
729,Augustine
730,Barton
731,Carlie
732,Cicero
733,Dana
734,Darwin
735,Edna
736,Effie
737,Eldridge
738,Elzie
739,Ennis
740,Erick
741,Fredric
742,Gerhard
743,Hallie
744,Hazel
745,Heber
746,Helen
747,Hermon
748,Hilliard
749,Howell
750,Humphrey
751,Hyman
752,Ida
753,Isham
754,Issac
755,Jones
756,Justin
757,Lambert
758,Levy
759,Loy
760,Mahlon
761,Mannie
762,Marie
763,Mell
764,Micheal
765,Miguel
766,Milford
767,Nat
768,Nellie
769,Norbert
770,Oakley
771,Olen
772,Oran
773,Palmer
774,Press
775,Rafael
776,Rubin
777,Sampson
778,Sanders
779,Shelly
780,Sid
781,Son
782,Thad
783,Theo
784,Vernie
785,Watson
786,Whitney
787,Willian
788,Zeb
789,Ada
790,Adelard
791,Adolfo
792,Aleck
793,Alfonso
794,Alfredo
795,Allison
796,Alpha
797,Auther
798,Barry
799,Bartley
800,Baxter
801,Benedict
802,Bernice
803,Bertrand
804,Bessie
805,Blair
806,Branch
807,Brice
808,Bruno
809,Bush
810,Carson
811,Clarance
812,Cleo
813,Collins
814,Commodore
815,Cora
816,Dell
817,Denver
818,Dexter
819,Doss
820,Eben
821,Edith
822,Edmon
823,Elgin
824,Emmit
825,Ephraim
826,Ernie
827,Ewald
828,Ewell
829,Fannie
830,Fate
831,Federico
832,Florencio
833,Franz
834,Garnet
835,Gertrude
836,Governor
837,Graham
838,Gray
839,Griffin
840,Hayward
841,Hector
842,Isidore
843,Iva
844,Jewel
845,Jewell
846,Jonah
847,Jordan
848,Josephus
849,Jule
850,June
851,Laverne
852,Lillian
853,Linwood
854,Ludwig
855,Lum
856,Mabel
857,Maury
858,Merton
859,Nancy
860,Newman
861,Obie
862,Ocie
863,Odell
864,Orion
865,Paris
866,Pinkney
867,Pleas
868,Rice
869,Rollo
870,Salvatore
871,Theadore
872,Travis
873,Tyler
874,Wayland
875,Werner
876,West
877,Winston
878,Alcide
879,Alger
880,Almon
881,Alto
882,Ammon
883,Ansel
884,Anson
885,Barrett
886,Bedford
887,Blanche
888,Boss
889,Burrel
890,Callie
891,Carrie
892,Cassius
893,Chalmer
894,Cody
895,Coley
896,Colin
897,Coy
898,Curley
899,Dalton
900,Denis
901,Dixie
902,Donnie
903,Dow
904,Earley
905,Edw
906,Elder
907,Eldred
908,Elie
909,Enos
910,Ernesto
911,Fayette
912,Fed
913,Fitzhugh
914,Foy
915,Gabe
916,Gail
917,Galen
918,Gaylord
919,Genie
920,Godfrey
921,Gregorio
922,Gregory
923,Harland
924,Hayden
925,Hjalmar
926,Hjalmer
927,Jarvis
928,Jens
929,Joesph
930,Josephine
931,Keith
932,Knute
933,Lawton
934,Len
935,Leonce
936,Levin
937,Lillie
938,Lish
939,Lorenz
940,Lorenza
941,Louise
942,Love
943,Malachi
944,Manford
945,Marshal
946,Mat
947,Minor
948,Montgomery
949,Okey
950,Ossie
951,Pascal
952,Percival
953,Posey
954,Redmond
955,Robin
956,Rosco
957,Rosendo
958,Rush
959,Sebastian
960,Sheldon
961,Stafford
962,Starling
963,Steward
964,Talmadge
965,Thos
966,Unknown
967,Vester
968,Virgle
969,Waverly
970,Wellington
971,Williams
972,Winford
973,Wright
974,Abie
975,Alphonsus
976,Alta
977,Alver
978,Ananias
979,Anatole
980,Archer
981,Armand
982,Art
983,Benjamen
984,Benny
985,Billy
986,Bird
987,Bobbie
988,Booker
989,Boone
990,Bradford
991,Brooks
992,Buell
993,Byrd
994,Chesley
995,Chin
996,Claiborne
997,Cleave
998,Clemens
999,Collie
1000,Cooper
