Rank,Name
1,Mary
2,Lisa
3,Susan
4,Linda
5,Karen
6,Patricia
7,Donna
8,Cynthia
9,Sandra
10,Deborah
11,Brenda
12,Barbara
13,Debra
14,Lori
15,Pamela
16,Nancy
17,Sharon
18,Teresa
19,Elizabeth
20,Cheryl
21,Laura
22,Kimberly
23,Julie
24,Carol
25,Kathy
26,Diane
27,Robin
28,Tammy
29,Kathleen
30,Denise
31,Debbie
32,Janet
33,Cindy
34,Michelle
35,Theresa
36,Kim
37,Jacqueline
38,Angela
39,Christine
40,Margaret
41,Tina
42,Carolyn
43,Laurie
44,Rebecca
45,Kelly
46,Rhonda
47,Jennifer
48,Catherine
49,Dawn
50,Connie
51,Terri
52,Janice
53,Sherry
54,Ann
55,Cathy
56,Diana
57,Maria
58,Judy
59,Sheila
60,Paula
61,Wendy
62,Joyce
63,Michele
64,Tracy
65,Beth
66,Beverly
67,Valerie
68,Amy
69,Suzanne
70,Wanda
71,Lynn
72,Jane
73,Annette
74,Jill
75,Bonnie
76,Vicki
77,Carla
78,Stephanie
79,Renee
80,Darlene
81,Martha
82,Gloria
83,Judith
84,Leslie
85,Shirley
86,Katherine
87,Betty
88,Peggy
89,Joan
90,Anne
91,Anita
92,Jean
93,Kathryn
94,Gail
95,Melissa
96,Ruth
97,Ellen
98,Regina
99,Dorothy
100,Anna
101,Penny
102,Joanne
103,Virginia
104,Maureen
105,Rita
106,Colleen
107,Vickie
108,Terry
109,Marie
110,Rose
111,Andrea
112,Jackie
113,Sarah
114,Victoria
115,Becky
116,Julia
117,Gina
118,Elaine
119,Helen
120,Phyllis
121,Sherri
122,Marilyn
123,Melanie
124,Sylvia
125,Tamara
126,Alice
127,Yvonne
128,Dana
129,Melinda
130,Sue
131,Eileen
132,Christina
133,Sally
134,Sandy
135,Frances
136,Monica
137,Joann
138,Jeanne
139,Carrie
140,Sheryl
141,Belinda
142,Shari
143,Lorraine
144,Pam
145,Shelly
146,Evelyn
147,Charlotte
148,Loretta
149,Toni
150,Charlene
151,Tracey
152,Jo
153,Vanessa
154,Veronica
155,Marcia
156,Deanna
157,Patty
158,Joy
159,Glenda
160,Doris
161,Holly
162,Roberta
163,Jeanette
164,Norma
165,Gwendolyn
166,Heidi
167,Yolanda
168,Sheri
169,Lynne
170,Carmen
171,Jamie
172,Melody
173,Teri
174,Tami
175,Vicky
176,Sara
177,Caroline
178,Dianne
179,Marsha
180,Shelley
181,Rosemary
182,Crystal
183,Lois
184,Patti
185,Audrey
186,Rachel
187,Lynda
188,Jan
189,Shelia
190,Juanita
191,Tammie
192,Kay
193,Irene
194,Vivian
195,Karla
196,Yvette
197,Jodi
198,Doreen
199,Tonya
200,Jody
201,April
202,Roxanne
203,Darla
204,Constance
205,Carole
206,Stacy
207,Alicia
208,Marianne
209,Rosa
210,Tanya
211,Marlene
212,Ramona
213,Natalie
214,Lydia
215,Chris
216,Arlene
217,Louise
218,Sonya
219,Robyn
220,Eva
221,Dianna
222,Lee
223,Ronda
224,June
225,Felicia
226,Jana
227,Stacey
228,Cassandra
229,Gayle
230,Grace
231,Alison
232,Jacquelyn
233,Debora
234,Sherrie
235,Dolores
236,Lora
237,Esther
238,Cheri
239,Marjorie
240,Lillian
241,Annie
242,Janine
243,Geraldine
244,Maryann
245,Ruby
246,Lynette
247,Joni
248,Lauren
249,Kelley
250,Jenny
251,Nina
252,Shannon
253,Lorie
254,Kimberley
255,Bridget
256,Bernadette
257,Josephine
258,Kristi
259,Delores
260,Allison
261,Kristine
262,Christy
263,Claudia
264,Edith
265,Emily
266,Margie
267,Pauline
268,Marla
269,Erin
270,Betsy
271,Susie
272,Nora
273,Angie
274,Terrie
275,Heather
276,Kelli
277,Mona
278,Priscilla
279,Lucy
280,Ginger
281,Therese
282,Lorrie
283,Amanda
284,Janie
285,Gretchen
286,Kerry
287,Edna
288,Myra
289,Rochelle
290,Georgia
291,Patsy
292,Antoinette
293,Mildred
294,Sonia
295,Jayne
296,Rosemarie
297,Cecilia
298,Nadine
299,Miriam
300,Francine
301,Tara
302,Cathleen
303,Bonita
304,Marian
305,Shawn
306,Bobbie
307,Emma
308,Patrice
309,Sabrina
310,Gwen
311,Kari
312,Kellie
313,Jeannie
314,Clara
315,Traci
316,Jeannette
317,Katrina
318,Leticia
319,Dora
320,Sonja
321,Joanna
322,Vera
323,Rene
324,Celeste
325,Irma
326,Leigh
327,Gladys
328,Kristin
329,Lana
330,Lucinda
331,Claire
332,Leah
333,Deirdre
334,Alma
335,Faith
336,Candy
337,Molly
338,Paulette
339,Thelma
340,Trina
341,Beatrice
342,Dena
343,Lesa
344,Bernice
345,Laurel
346,Nanette
347,Eleanor
348,Marion
349,Candace
350,Bertha
351,Dina
352,Billie
353,Karin
354,Luann
355,Jeri
356,Lauri
357,Wilma
358,Ella
359,Janis
360,Iris
361,Tracie
362,Ida
363,Adrienne
364,Jeanine
365,Jennie
366,Marcella
367,Trudy
368,Rosie
369,Lorri
370,Naomi
371,Daphne
372,Jessica
373,Danielle
374,Leanne
375,Liz
376,Polly
377,Faye
378,Jolene
379,Ana
380,Florence
381,Ethel
382,Lucille
383,Maxine
384,Cherie
385,Rosalind
386,Angelia
387,Dee
388,Kris
389,Della
390,Pat
391,Jeannine
392,Alisa
393,Tammi
394,Stella
395,Angel
396,Gay
397,Katie
398,Lorna
399,Susanne
400,Debby
401,Noreen
402,Darcy
403,Tamera
404,Kristy
405,Janette
406,Corinne
407,Amelia
408,Madeline
409,Lena
410,Cecelia
411,Desiree
412,Kristina
413,Jodie
414,Olga
415,Leann
416,Jerri
417,Marcy
418,Monique
419,Elisa
420,Margarita
421,Camille
422,Valarie
423,Kristen
424,Mindy
425,Kathi
426,Celia
427,Christie
428,Velma
429,Rena
430,Suzette
431,Sondra
432,Deanne
433,Hazel
434,Ladonna
435,Hope
436,Lillie
437,Kerri
438,Rosalie
439,Marguerite
440,Willie
441,Tamra
442,Johnna
443,Marybeth
444,Colette
445,Benita
446,Gale
447,Lou
448,Robbin
449,Robbie
450,Jessie
451,Deana
452,Mitzi
453,Delia
454,Verna
455,Margo
456,Gayla
457,Lynnette
458,Deidre
459,Barb
460,Laverne
461,Danette
462,Lenora
463,Dale
464,Kimberlee
465,Freda
466,Judi
467,Olivia
468,Harriet
469,Janelle
470,Randi
471,Leona
472,Geneva
473,Hilda
474,Ingrid
475,Viola
476,Cora
477,Maryellen
478,Daisy
479,Guadalupe
480,Coleen
481,Annmarie
482,Elise
483,Lea
484,Megan
485,Julianne
486,Elena
487,Lola
488,Cindi
489,Kathie
490,Agnes
491,Bobbi
492,Felecia
493,Roseann
494,Shelby
495,Ernestine
496,Helene
497,Dixie
498,Alesia
499,Deann
500,Tamela
501,Deloris
502,Johanna
503,Kristie
504,Tonia
505,Bridgette
506,Rachelle
507,Luanne
508,Maryanne
509,Elisabeth
510,Stacie
511,Isabel
512,Maura
513,Greta
514,Sallie
515,Christi
516,Jeanie
517,Mae
518,Deena
519,Sandi
520,Kendra
521,Marta
522,Myrna
523,Elsie
524,Mari
525,Pearl
526,Paige
527,Ada
528,Krista
529,Rosanne
530,Rosalyn
531,Cara
532,Johnnie
533,Saundra
534,Jacquline
535,Amber
536,Nellie
537,Clare
538,Denice
539,Renae
540,Eunice
541,Leeann
542,Velvet
543,Katharine
544,Eugenia
545,Malinda
546,Michael
547,Sophia
548,Leisa
549,Mattie
550,Roxann
551,Laureen
552,Minnie
553,Genevieve
554,Kara
555,Tena
556,Bessie
557,Geri
558,Alberta
559,Sharron
560,Violet
561,Kaye
562,Danita
563,Caryn
564,Juli
565,Janna
566,Marcie
567,Penelope
568,Dorothea
569,Lorene
570,Maggie
571,Reba
572,Roslyn
573,Tricia
574,Diann
575,Claudette
576,Eve
577,Renita
578,Carlene
579,Letitia
580,Marylou
581,Charmaine
582,Lorena
583,Marisa
584,Nikki
585,Edwina
586,Flora
587,Lourdes
588,Marci
589,Frankie
590,Maryjo
591,Dona
592,Robert
593,Jenifer
594,Arleen
595,Lucia
596,Geralyn
597,Blanca
598,Caren
599,Elsa
600,James
601,Simone
602,Brigitte
603,Luz
604,Shawna
605,Estella
606,Allyson
607,John
608,Lesley
609,Nita
610,Adele
611,Antonia
612,Lesia
613,Rosalinda
614,Janell
615,Gena
616,Nicole
617,Rae
618,Lupe
619,Roxanna
620,Gracie
621,Corina
622,Patrica
623,Rosetta
624,Gigi
625,Merry
626,Silvia
627,Terese
628,Misty
629,Marina
630,Ava
631,Lila
632,Pamala
633,Glenna
634,Libby
635,Selena
636,Karyn
637,Meredith
638,Sheree
639,Deidra
640,Josie
641,Wendi
642,Annemarie
643,Twila
644,Corrine
645,Debi
646,Pattie
647,Jami
648,Keri
649,Vickey
650,Maritza
651,Fran
652,Fay
653,Teressa
654,Hattie
655,Mamie
656,Georgette
657,Aileen
658,Erma
659,Shellie
660,Erica
661,Suzan
662,Alfreda
663,Kirsten
664,Bridgett
665,Candice
666,Henrietta
667,Nannette
668,Melba
669,Angelina
670,Clarissa
671,Dinah
672,Helena
673,Abby
674,Cathryn
675,Graciela
676,Lenore
677,Jewel
678,Shauna
679,Abigail
680,David
681,Ruthie
682,Kitty
683,Lisha
684,Roxane
685,Ilene
686,Inez
687,Migdalia
688,Shelli
689,Gaye
690,Melodie
691,Bernadine
692,Loraine
693,Valorie
694,Justine
695,Raquel
696,Sharlene
697,Bethany
698,Dorene
699,Karol
700,Kyle
701,Antionette
702,Jocelyn
703,Nelda
704,Tana
705,Carmela
706,Kate
707,Avis
708,Juliana
709,Minerva
710,Alexandra
711,Lyn
712,Pennie
713,Rhoda
714,Dori
715,Christa
716,Ginny
717,Ivy
718,Lawanda
719,Liza
720,Vonda
721,Etta
722,Fannie
723,Hilary
724,Louann
725,Lula
726,Valeria
727,Maribeth
728,Selina
729,William
730,Francis
731,Kathrine
732,Susanna
733,Venus
734,Elvira
735,Gerri
736,Mariann
737,Leesa
738,Venita
739,Erika
740,Cherri
741,Loriann
742,Cari
743,Ivette
744,Juliet
745,Tonja
746,Lela
747,Tamie
748,Annamarie
749,Danna
750,Starla
751,Tori
752,Tresa
753,Leila
754,Missy
755,Kandy
756,Madonna
757,Rachael
758,Dottie
759,Vikki
760,Althea
761,Chandra
762,Cristina
763,Gabrielle
764,Jacquelin
765,Karon
766,Rebekah
767,Mara
768,Myrtle
769,Cathie
770,Cyndi
771,Darleen
772,Dolly
773,Marietta
774,Cherry
775,Cheryle
776,Valencia
777,Roseanne
778,Susana
779,Teena
780,Ursula
781,Mercedes
782,Aida
783,Bambi
784,Aimee
785,Babette
786,Blanche
787,Lucretia
788,Dawna
789,Eloise
790,Elva
791,Lavonne
792,Dayna
793,Lanette
794,Georgina
795,Gertrude
796,Katy
797,Muriel
798,Tania
799,Esmeralda
800,Karrie
801,Leanna
802,Charla
803,Roxie
804,Suzy
805,Joanie
806,Letha
807,Magdalena
808,Carleen
809,Delphine
810,Mimi
811,Zelda
812,Bettina
813,Carolina
814,Corinna
815,Sherie
816,Debbi
817,Jacki
818,Jacklyn
819,Fern
820,Marilee
821,Portia
822,Bonny
823,Jacque
824,Maryjane
825,Juliann
826,Cathi
827,Cassie
828,Jeana
829,Martina
830,Treva
831,Carey
832,Madelyn
833,Sherrill
834,Suzie
835,Trena
836,Alana
837,Donita
838,Mark
839,Rosanna
840,Camilla
841,Ora
842,Sharla
843,Lilly
844,Melisa
845,Deedee
846,Rosario
847,Winifred
848,Cornelia
849,Earnestine
850,Juana
851,Lindy
852,Louisa
853,Mavis
854,Nanci
855,Nola
856,Sabra
857,Twyla
858,Alexis
859,Collette
860,Estelle
861,Meg
862,Millie
863,Carmella
864,Dedra
865,Randy
866,Edie
867,Ina
868,Marva
869,Ruthann
870,Athena
871,Aurora
872,Cathrine
873,Dara
874,Hannah
875,Sadie
876,Adriana
877,Katheryn
878,Doretha
879,Iva
880,Alyson
881,Angelica
882,Jewell
883,Kerrie
884,Lizabeth
885,Mandy
886,Mollie
887,Nettie
888,Aleta
889,Bette
890,Dorinda
891,Juliette
892,Latanya
893,Lu
894,Nan
895,Angelique
896,Ester
897,Marnita
898,Tommie
899,Bettie
900,Deb
901,Leisha
902,Debbra
903,Debrah
904,Evangeline
905,Fonda
906,Janeen
907,Jonna
908,Harriett
909,Janel
910,Lise
911,Serena
912,Annetta
913,Jimmie
914,Mabel
915,Beverley
916,Merri
917,Angelita
918,Earlene
919,Willa
920,Miranda
921,Shiela
922,Candi
923,Cecile
924,Clarice
925,Joellen
926,Chrystal
927,Machelle
928,Romona
929,Daria
930,Delois
931,Dorthy
932,Esperanza
933,Margot
934,Maribel
935,Milagros
936,Rona
937,Ronna
938,Barbie
939,Fawn
940,Joleen
941,Loria
942,Nona
943,Deeann
944,Kandi
945,Laurene
946,Marty
947,Sharyl
948,Barbra
949,Jaime
950,Lorinda
951,Richard
952,Leta
953,Neva
954,Penni
955,Sybil
956,Lily
957,Germaine
958,Jeanna
959,May
960,Sydney
961,Jerry
962,Rowena
963,Catharine
964,Consuelo
965,Gwyn
966,Shanna
967,Loreen
968,Mable
969,Monika
970,Renea
971,Trisha
972,Bobby
973,Gilda
974,Krystal
975,Melva
976,Zoe
977,Anthony
978,Earline
979,Lolita
980,Suzanna
981,Vernita
982,Alecia
983,Brooke
984,Cary
985,Evette
986,Retha
987,Sandie
988,Alyce
989,Janene
990,Reva
991,Adrianne
992,Charles
993,Latonya
994,Troy
995,Elissa
996,Francesca
997,Phoebe
998,Sherryl
999,Shirlene
1000,Barrie
