Rank,Girl Name,Boy Name
1,Mary,Michael
2,Lisa,David
3,Susan,John
4,Linda,James
5,Karen,Robert
6,Patricia,Mark
7,Donna,William
8,Cynthia,Richard
9,Sandra,Thomas
10,Deborah,Steven
11,Brenda,Jeffrey
12,Barbara,Joseph
13,Debra,Charles
14,Lori,Kevin
15,Pamela,Timothy
16,Nancy,Kenneth
17,Sharon,Daniel
18,Teresa,Paul
19,Elizabeth,Scott
20,Cheryl,Brian
21,Laura,Gary
22,Kimberly,Donald
23,Julie,Gregory
24,Carol,Ronald
25,Kathy,Anthony
26,Diane,Christopher
27,Robin,Stephen
28,Tammy,Douglas
29,Kathleen,Edward
30,Denise,Larry
31,Debbie,George
32,Janet,Terry
33,Cindy,Randy
34,Michelle,Dennis
35,Theresa,Keith
36,Kim,Mike
37,Jacqueline,Jerry
38,Angela,Eric
39,Christine,Patrick
40,Margaret,Bruce
41,Tina,Frank
42,Carolyn,Peter
43,Laurie,Craig
44,Rebecca,Ricky
45,Kelly,Steve
46,Rhonda,Todd
47,Jennifer,Roger
48,Catherine,Raymond
49,Dawn,Jeff
50,Connie,Jeffery
51,Terri,Alan
52,Janice,Andrew
53,Sherry,Tony
54,Ann,Danny
55,Cathy,Russell
56,Diana,Carl
57,Maria,Chris
58,Judy,Dale
59,Sheila,Matthew
60,Paula,Joe
61,Wendy,Wayne
62,Joyce,Gerald
63,Michele,Randall
64,Tracy,Glenn
65,Beth,Tim
66,Beverly,Barry
67,Valerie,Lawrence
68,Amy,Billy
69,Suzanne,Phillip
70,Wanda,Johnny
71,Lynn,Jimmy
72,Jane,Rodney
73,Annette,Martin
74,Jill,Walter
75,Bonnie,Curtis
76,Vicki,Bobby
77,Carla,Greg
78,Stephanie,Jim
79,Renee,Philip
80,Darlene,Darryl
81,Martha,Jay
82,Gloria,Bryan
83,Judith,Roy
84,Leslie,Dean
85,Shirley,Arthur
86,Katherine,Willie
87,Betty,Bradley
88,Peggy,Tom
89,Joan,Samuel
90,Anne,Jack
91,Anita,Ronnie
92,Jean,Henry
93,Kathryn,Jon
94,Gail,Harold
95,Melissa,Ralph
96,Ruth,Allen
97,Ellen,Albert
98,Regina,Vincent
99,Dorothy,Victor
100,Anna,Troy
101,Penny,Darrell
102,Joanne,Eddie
103,Virginia,Micheal
104,Maureen,Bill
105,Rita,Louis
106,Colleen,Stanley
107,Vickie,Jose
108,Terry,Rick
109,Marie,Howard
110,Rose,Joel
111,Andrea,Jonathan
112,Jackie,Dwayne
113,Sarah,Eugene
114,Victoria,Leonard
115,Becky,Dan
116,Julia,Tommy
117,Gina,Frederick
118,Elaine,Mitchell
119,Helen,Marvin
120,Phyllis,Tracy
121,Sherri,Don
122,Marilyn,Lee
123,Melanie,Ernest
124,Sylvia,Fred
125,Tamara,Kelly
126,Alice,Ray
127,Yvonne,Calvin
128,Dana,Melvin
129,Melinda,Kurt
130,Sue,Dave
131,Eileen,Harry
132,Christina,Duane
133,Sally,Marc
134,Sandy,Glen
135,Frances,Norman
136,Monica,Jerome
137,Joann,Brent
138,Jeanne,Karl
139,Carrie,Earl
140,Sheryl,Kirk
141,Belinda,Bob
142,Shari,Brad
143,Lorraine,Shawn
144,Pam,Reginald
145,Shelly,Edwin
146,Evelyn,Benjamin
147,Charlotte,Kent
148,Loretta,Francis
149,Toni,Clifford
150,Charlene,Jesse
151,Tracey,Theodore
152,Jo,Alfred
153,Vanessa,Rickey
154,Veronica,Perry
155,Marcia,Clarence
156,Deanna,Bernard
157,Patty,Warren
158,Joy,Nicholas
159,Glenda,Brett
160,Doris,Juan
161,Holly,Kerry
162,Roberta,Guy
163,Jeanette,Wesley
164,Norma,Carlos
165,Gwendolyn,Gordon
166,Heidi,Stuart
167,Yolanda,Aaron
168,Sheri,Alvin
169,Lynne,Robin
170,Carmen,Ron
171,Jamie,Leroy
172,Melody,Doug
173,Teri,Lance
174,Tami,Darren
175,Vicky,Vernon
176,Sara,Gregg
177,Caroline,Sean
178,Dianne,Gilbert
179,Marsha,Kenny
180,Shelley,Dana
181,Rosemary,Herbert
182,Crystal,Lloyd
183,Lois,Daryl
184,Patti,Ted
185,Audrey,Dwight
186,Rachel,Gene
187,Lynda,Manuel
188,Jan,Ken
189,Shelia,Tyrone
190,Juanita,Leslie
191,Tammie,Lonnie
192,Kay,Antonio
193,Irene,Adam
194,Vivian,Leon
195,Karla,Neil
196,Yvette,Franklin
197,Jodi,Derrick
198,Doreen,Andre
199,Tonya,Nathan
200,Jody,Timmy
201,April,Marty
202,Roxanne,Maurice
203,Darla,Floyd
204,Constance,Luis
205,Carole,Derek
206,Stacy,Ruben
207,Alicia,Donnie
208,Marianne,Andy
209,Rosa,Kelvin
210,Tanya,Clyde
211,Marlene,Allan
212,Ramona,Lewis
213,Natalie,Jackie
214,Lydia,Marcus
215,Chris,Gerard
216,Arlene,Mario
217,Louise,Lester
218,Sonya,Chuck
219,Robyn,Rex
220,Eva,Joey
221,Dianna,Wade
222,Lee,Ricardo
223,Ronda,Alexander
224,June,Byron
225,Felicia,Charlie
226,Jana,Jimmie
227,Stacey,Wendell
228,Cassandra,Alex
229,Gayle,Sam
230,Grace,Leo
231,Alison,Clayton
232,Jacquelyn,Kyle
233,Debora,Randal
234,Sherrie,Arnold
235,Dolores,Freddie
236,Lora,Roland
237,Esther,Neal
238,Cheri,Garry
239,Marjorie,Milton
240,Lillian,Kim
241,Annie,Randolph
242,Janine,Jason
243,Geraldine,Johnnie
244,Maryann,Nathaniel
245,Ruby,Oscar
246,Lynette,Ross
247,Joni,Herman
248,Lauren,Terrence
249,Kelley,Clinton
250,Jenny,Cecil
251,Nina,Jesus
252,Shannon,Harvey
253,Lorie,Nelson
254,Kimberley,Jessie
255,Bridget,Roberto
256,Bernadette,Nick
257,Josephine,Ben
258,Kristi,Pat
259,Delores,Clay
260,Allison,Roderick
261,Kristine,Fredrick
262,Christy,Marshall
263,Claudia,Hector
264,Edith,Lynn
265,Emily,Chester
266,Margie,Matt
267,Pauline,Raul
268,Marla,Clark
269,Erin,Hugh
270,Betsy,Clifton
271,Susie,Sidney
272,Nora,Jody
273,Angie,Miguel
274,Terrie,Geoffrey
275,Heather,Grant
276,Kelli,Frankie
277,Mona,Claude
278,Priscilla,Sammy
279,Lucy,Rudy
280,Ginger,Carlton
281,Therese,Terrance
282,Lorrie,Angelo
283,Amanda,Bart
284,Janie,Bret
285,Gretchen,Terence
286,Kerry,Jamie
287,Edna,Rocky
288,Myra,Francisco
289,Rochelle,Wallace
290,Georgia,Benny
291,Patsy,Ramon
292,Antoinette,Rene
293,Mildred,Pete
294,Sonia,Edgar
295,Jayne,Everett
296,Rosemarie,Robbie
297,Cecilia,Ivan
298,Nadine,Angel
299,Miriam,Jaime
300,Francine,Myron
301,Tara,Morris
302,Cathleen,Curt
303,Bonita,Lyle
304,Marian,Max
305,Shawn,Darrel
306,Bobbie,Loren
307,Emma,Cedric
308,Patrice,Lorenzo
309,Sabrina,Stewart
310,Gwen,Mickey
311,Kari,Adrian
312,Kellie,Phil
313,Jeannie,Dewayne
314,Clara,Cary
315,Traci,Virgil
316,Jeannette,Pedro
317,Katrina,Teddy
318,Leticia,Fernando
319,Dora,Christian
320,Sonja,Ed
321,Joanna,Orlando
322,Vera,Armando
323,Rene,Felix
324,Celeste,Travis
325,Irma,Shane
326,Leigh,Rafael
327,Gladys,Bradford
328,Kristin,Rusty
329,Lana,Drew
330,Lucinda,Marion
331,Claire,Monte
332,Leah,Salvatore
333,Deirdre,Ira
334,Alma,Gabriel
335,Faith,Otis
336,Candy,Jorge
337,Molly,Alton
338,Paulette,Alberto
339,Thelma,Laurence
340,Trina,Monty
341,Beatrice,Javier
342,Dena,Van
343,Lesa,Julian
344,Bernice,Earnest
345,Laurel,Malcolm
346,Nanette,Edmund
347,Eleanor,Erik
348,Marion,Sylvester
349,Candace,Bennie
350,Bertha,Blake
351,Dina,Tod
352,Billie,Jacob
353,Karin,Willard
354,Luann,Kris
355,Jeri,Rory
356,Lauri,Sherman
357,Wilma,Jeffry
358,Ella,Isaac
359,Janis,Luther
360,Iris,Arturo
361,Tracie,Evan
362,Ida,Justin
363,Adrienne,Elmer
364,Jeanine,Delbert
365,Jennie,Alonzo
366,Marcella,Rodger
367,Trudy,Damon
368,Rosie,Alfredo
369,Lorri,Scot
370,Naomi,Vance
371,Daphne,Rickie
372,Jessica,Preston
373,Danielle,Cory
374,Leanne,Jerald
375,Liz,Dominic
376,Polly,Clint
377,Faye,Rob
378,Jolene,Darin
379,Ana,Stephan
380,Florence,Noel
381,Ethel,Leland
382,Lucille,Ernie
383,Maxine,Forrest
384,Cherie,Roosevelt
385,Rosalind,Julius
386,Angelia,Bryant
387,Dee,Blaine
388,Kris,Dexter
389,Della,Lionel
390,Pat,Rod
391,Jeannine,Luke
392,Alisa,Kendall
393,Tammi,Rudolph
394,Stella,Sheldon
395,Angel,Corey
396,Gay,Mitch
397,Katie,Alfonso
398,Lorna,Spencer
399,Susanne,Archie
400,Debby,Lowell
401,Noreen,Ryan
402,Darcy,Tommie
403,Tamera,Doyle
404,Kristy,Horace
405,Janette,Dirk
406,Corinne,Buddy
407,Amelia,Gerry
408,Madeline,Darwin
409,Lena,Enrique
410,Cecelia,Dino
411,Desiree,Eduardo
412,Kristina,Hubert
413,Jodie,Wilbert
414,Olga,Zachary
415,Leann,Stevie
416,Jerri,Chad
417,Marcy,Al
418,Monique,Casey
419,Elisa,Colin
420,Margarita,Boyd
421,Camille,Willis
422,Valarie,Darnell
423,Kristen,Joshua
424,Mindy,Owen
425,Kathi,Jan
426,Celia,Oliver
427,Christie,Mathew
428,Velma,Salvador
429,Rena,Hal
430,Suzette,Dallas
431,Sondra,Ward
432,Deanne,Cornelius
433,Hazel,Russ
434,Ladonna,Julio
435,Hope,Grady
436,Lillie,Shannon
437,Kerri,Freddy
438,Rosalie,Louie
439,Marguerite,Stan
440,Willie,Carey
441,Tamra,Rufus
442,Johnna,Trent
443,Marybeth,Seth
444,Colette,Ellis
445,Benita,Ervin
446,Gale,Ronny
447,Lou,Homer
448,Robbin,Vince
449,Robbie,Miles
450,Jessie,Stacy
451,Deana,Ty
452,Mitzi,Cameron
453,Delia,Bert
454,Verna,Dominick
455,Margo,Donny
456,Gayla,Robby
457,Lynnette,Stacey
458,Deidre,Elliott
459,Barb,Mack
460,Laverne,Wilbur
461,Danette,Denis
462,Lenora,Scotty
463,Dale,Bryon
464,Kimberlee,Randell
465,Freda,Marlon
466,Judi,Dewey
467,Olivia,Rodolfo
468,Harriet,Toby
469,Janelle,Alphonso
470,Randi,Garland
471,Leona,Jess
472,Geneva,Dane
473,Hilda,Sergio
474,Ingrid,Kirby
475,Viola,Shaun
476,Cora,Ernesto
477,Maryellen,Abel
478,Daisy,Cliff
479,Guadalupe,Joesph
480,Coleen,Abraham
481,Annmarie,Conrad
482,Elise,Royce
483,Lea,Lamont
484,Megan,Wilson
485,Julianne,Sammie
486,Elena,Carroll
487,Lola,Lane
488,Cindi,Aubrey
489,Kathie,Denny
490,Agnes,Lamar
491,Bobbi,Gilberto
492,Felecia,Reggie
493,Roseann,Guadalupe
494,Shelby,Amos
495,Ernestine,Rolando
496,Helene,Elbert
497,Dixie,Irvin
498,Alesia,Michel
499,Deann,Pablo
500,Tamela,Moses
501,Deloris,Norris
502,Johanna,Reynaldo
503,Kristie,Sandy
504,Tonia,Sterling
505,Bridgette,Cleveland
506,Rachelle,Alejandro
507,Luanne,Marlin
508,Maryanne,Percy
509,Elisabeth,Ian
510,Stacie,Edmond
511,Isabel,Eddy
512,Maura,Gerardo
513,Greta,Brendan
514,Sallie,Pierre
515,Christi,Blair
516,Jeanie,Emmett
517,Mae,Wilfred
518,Deena,Tracey
519,Sandi,Kurtis
520,Kendra,Dion
521,Marta,Israel
522,Myrna,Darrin
523,Elsie,Rich
524,Mari,Felipe
525,Pearl,Harlan
526,Paige,Galen
527,Ada,Murray
528,Krista,Simon
529,Rosanne,Barney
530,Rosalyn,Jefferson
531,Cara,Will
532,Johnnie,Carmen
533,Saundra,Reuben
534,Jacquline,Thaddeus
535,Amber,Emanuel
536,Nellie,Ramiro
537,Clare,Marco
538,Denice,Nicky
539,Renae,Garrett
540,Eunice,Mitchel
541,Leeann,Bernie
542,Velvet,Vaughn
543,Katharine,Woodrow
544,Eugenia,Garth
545,Malinda,Kennith
546,Michael,Elton
547,Sophia,Barton
548,Leisa,Lyndon
549,Mattie,Winston
550,Roxann,Austin
551,Laureen,Donnell
552,Minnie,Terrell
553,Genevieve,Hans
554,Kara,Morgan
555,Tena,Andres
556,Bessie,Lenny
557,Geri,Irving
558,Alberta,Tomas
559,Sharron,Tyler
560,Violet,Lonny
561,Kaye,Ned
562,Danita,Bennett
563,Caryn,Brandon
564,Juli,Elijah
565,Janna,Danial
566,Marcie,Junior
567,Penelope,Lon
568,Dorothea,Daren
569,Lorene,Dwain
570,Maggie,Elvin
571,Reba,Russel
572,Roslyn,Art
573,Tricia,Elias
574,Diann,Elvis
575,Claudette,Elliot
576,Eve,Gustavo
577,Renita,Jordan
578,Carlene,Rocco
579,Letitia,Jeremy
580,Marylou,Kermit
581,Charmaine,Kraig
582,Lorena,Toney
583,Marisa,Jed
584,Nikki,Avery
585,Edwina,Gus
586,Flora,Burton
587,Lourdes,Les
588,Marci,Dick
589,Frankie,Ismael
590,Maryjo,Reed
591,Dona,Dannie
592,Robert,Kennedy
593,Jenifer,Erich
594,Arleen,Marcos
595,Lucia,Merle
596,Geralyn,Quintin
597,Blanca,Sanford
598,Caren,Xavier
599,Elsa,Loyd
600,James,Wilfredo
601,Simone,Kip
602,Brigitte,Billie
603,Luz,Domingo
604,Shawna,Gino
605,Estella,Grover
606,Allyson,Lanny
607,John,Jonathon
608,Lesley,Guillermo
609,Nita,Levi
610,Adele,Saul
611,Antonia,Cornell
612,Lesia,Unknown
613,Rosalinda,Harley
614,Janell,Mary
615,Gena,Orville
616,Nicole,Thurman
617,Rae,Eldon
618,Lupe,Jake
619,Roxanna,Linwood
620,Gracie,Nolan
621,Corina,Chip
622,Patrica,Erwin
623,Rosetta,Bryce
624,Gigi,Wally
625,Merry,August
626,Silvia,Zane
627,Terese,Antoine
628,Misty,Chet
629,Marina,Fabian
630,Ava,Bobbie
631,Lila,Jean
632,Pamala,Hank
633,Glenna,Stefan
634,Libby,Cesar
635,Selena,Efrain
636,Karyn,Jasper
637,Meredith,Santos
638,Sheree,Norbert
639,Deidra,Rogelio
640,Josie,Roman
641,Wendi,Ulysses
642,Annemarie,Leonardo
643,Twila,Quentin
644,Corrine,Vern
645,Debi,Vito
646,Pattie,Emil
647,Jami,Santiago
648,Keri,Eli
649,Vickey,Emilio
650,Maritza,Kelley
651,Fran,Duncan
652,Fay,Lindsey
653,Teressa,Frederic
654,Hattie,Reid
655,Mamie,Solomon
656,Georgette,Brady
657,Aileen,Damian
658,Erma,Theron
659,Shellie,Courtney
660,Erica,Harrison
661,Suzan,Otto
662,Alfreda,Shelton
663,Kirsten,Erick
664,Bridgett,Scottie
665,Candice,Timmie
666,Henrietta,Davis
667,Nannette,Sonny
668,Melba,Brook
669,Angelina,Brooks
670,Clarissa,Kenton
671,Dinah,Dudley
672,Helena,Mikel
673,Abby,Johnathan
674,Cathryn,Carter
675,Graciela,Josh
676,Lenore,Shelby
677,Jewel,Roscoe
678,Shauna,Wes
679,Abigail,Errol
680,David,Jeremiah
681,Ruthie,Emmanuel
682,Kitty,Ashley
683,Lisha,Noah
684,Roxane,Carmine
685,Ilene,Devin
686,Inez,Jacques
687,Migdalia,Lindsay
688,Shelli,Richie
689,Gaye,Dante
690,Melodie,Odell
691,Bernadine,Winfred
692,Loraine,Emory
693,Valorie,Raynard
694,Justine,Tad
695,Raquel,Emery
696,Sharlene,Gil
697,Bethany,Kristopher
698,Dorene,Jerold
699,Karol,Derwin
700,Kyle,Donovan
701,Antionette,Lincoln
702,Jocelyn,Humberto
703,Nelda,Ivory
704,Tana,Quinton
705,Carmela,Wiley
706,Kate,Anton
707,Avis,Bradly
708,Juliana,Butch
709,Minerva,Greggory
710,Alexandra,Marcel
711,Lyn,Fidel
712,Pennie,Ignacio
713,Rhoda,Myles
714,Dori,Randel
715,Christa,Noe
716,Ginny,Omar
717,Ivy,Raphael
718,Lawanda,Weldon
719,Liza,Gavin
720,Vonda,Carlo
721,Etta,Cody
722,Fannie,Ethan
723,Hilary,Hiram
724,Louann,Thad
725,Lula,Donn
726,Valeria,Shayne
727,Maribeth,Basil
728,Selina,Coy
729,William,Everette
730,Francis,Graham
731,Kathrine,Jerrold
732,Susanna,Kimberly
733,Venus,Mervin
734,Elvira,Benito
735,Gerri,Clement
736,Mariann,Lars
737,Leesa,Merlin
738,Venita,Timmothy
739,Erika,Len
740,Cherri,Keven
741,Loriann,Layne
742,Cari,Curtiss
743,Ivette,Faron
744,Juliet,Hollis
745,Tonja,Jefferey
746,Lela,Nicolas
747,Tamie,Ollie
748,Annamarie,Adolfo
749,Danna,Bruno
750,Starla,Carson
751,Tori,Cris
752,Tresa,Rhett
753,Leila,Sebastian
754,Missy,Taylor
755,Kandy,Armand
756,Madonna,Elwood
757,Rachael,Stanford
758,Dottie,Edwardo
759,Vikki,Jacky
760,Althea,Jude
761,Chandra,Micah
762,Cristina,Stephon
763,Gabrielle,Denver
764,Jacquelin,Fredric
765,Karon,Kirt
766,Rebekah,Mel
767,Mara,Merrill
768,Myrtle,Riley
769,Cathie,Adolph
770,Cyndi,Demetrius
771,Darleen,Gale
772,Dolly,Lenard
773,Marietta,Augustine
774,Cherry,Britt
775,Cheryle,Charley
776,Valencia,Derick
777,Roseanne,Cole
778,Susana,Darius
779,Teena,Sal
780,Ursula,Hugo
781,Mercedes,Audie
782,Aida,Lemuel
783,Bambi,Vicente
784,Aimee,Baron
785,Babette,Bud
786,Blanche,Glynn
787,Lucretia,Isaiah
788,Dawna,Judson
789,Eloise,Anderson
790,Elva,Brien
791,Lavonne,Darron
792,Dayna,Jarvis
793,Lanette,Desmond
794,Georgina,Fletcher
795,Gertrude,Lorne
796,Katy,Mckinley
797,Muriel,Alec
798,Tania,Blane
799,Esmeralda,Burt
800,Karrie,Delmar
801,Leanna,Jackson
802,Charla,Cyrus
803,Roxie,Del
804,Suzy,Lucas
805,Joanie,Lupe
806,Letha,Royal
807,Magdalena,Antony
808,Carleen,Douglass
809,Delphine,Elroy
810,Mimi,Joaquin
811,Zelda,Mason
812,Bettina,Millard
813,Carolina,Eliot
814,Corinna,Gregorio
815,Sherie,Irwin
816,Debbi,Val
817,Jacki,Fritz
818,Jacklyn,Huey
819,Fern,Johnie
820,Marilee,Rock
821,Portia,Rolland
822,Bonny,Silas
823,Jacque,Susan
824,Maryjane,Von
825,Juliann,Benedict
826,Cathi,Berry
827,Cassie,Eloy
828,Jeana,Harris
829,Martina,Linda
830,Treva,Monroe
831,Carey,Nickolas
832,Madelyn,Alden
833,Sherrill,Hershel
834,Suzie,Pasquale
835,Trena,Roddy
836,Alana,Barrett
837,Donita,Dwaine
838,Mark,Freeman
839,Rosanna,Maynard
840,Camilla,Cruz
841,Ora,Efrem
842,Sharla,Forest
843,Lilly,Jere
844,Melisa,Brock
845,Deedee,Chauncey
846,Rosario,Domenic
847,Winifred,Micky
848,Cornelia,Quincy
849,Earnestine,Rogers
850,Juana,Rolf
851,Lindy,Carmelo
852,Louisa,Dee
853,Mavis,Leigh
854,Nanci,Lisa
855,Nola,Carol
856,Sabra,Rodrick
857,Twyla,Wyatt
858,Alexis,Arlen
859,Collette,Aron
860,Estelle,Buford
861,Meg,Karen
862,Millie,Kennth
863,Carmella,Moises
864,Dedra,Wilmer
865,Randy,Woody
866,Edie,Dwane
867,Ina,Esteban
868,Marva,Heriberto
869,Ruthann,Parrish
870,Athena,Drake
871,Aurora,Isiah
872,Cathrine,Leif
873,Dara,Patricia
874,Hannah,Vic
875,Sadie,Christophe
876,Adriana,Connie
877,Katheryn,Donna
878,Doretha,Lesley
879,Iva,Napoleon
880,Alyson,Raymundo
881,Angelica,Stanton
882,Jewell,Clair
883,Kerrie,Darryle
884,Lizabeth,Derrell
885,Mandy,Dickie
886,Mollie,Foster
887,Nettie,Gail
888,Aleta,Jared
889,Bette,Rubin
890,Dorinda,Dalton
891,Juliette,Dusty
892,Latanya,Emerson
893,Lu,Norberto
894,Nan,Alfonzo
895,Angelique,Artie
896,Ester,Cyril
897,Marnita,Issac
898,Tommie,Jame
899,Bettie,Lennie
900,Deb,Brenda
901,Leisha,Coleman
902,Debbra,Darell
903,Debrah,Duwayne
904,Evangeline,Earle
905,Fonda,Federico
906,Janeen,Lavern
907,Jonna,Darrick
908,Harriett,Felton
909,Janel,Herschel
910,Lise,Raleigh
911,Serena,Duke
912,Annetta,Hunter
913,Jimmie,Kalvin
914,Mabel,Laverne
915,Beverley,Marcelino
916,Merri,Michal
917,Angelita,Alexis
918,Earlene,Artis
919,Willa,Booker
920,Miranda,Emile
921,Shiela,Emmitt
922,Candi,Rand
923,Cecile,Rayford
924,Clarice,Regan
925,Joellen,Robbin
926,Chrystal,Whitney
927,Machelle,Augustus
928,Romona,Bernardo
929,Daria,Mariano
930,Delois,Pernell
931,Dorthy,Skip
932,Esperanza,Wilford
933,Margot,Broderick
934,Maribel,Darcy
935,Milagros,Milford
936,Rona,Odis
937,Ronna,Quinn
938,Barbie,Sandra
939,Fawn,Willam
940,Joleen,Dell
941,Loria,Dorian
942,Nona,Elizabeth
943,Deeann,Jamey
944,Kandi,Kerwin
945,Laurene,Lorenza
946,Marty,Major
947,Sharyl,Orrin
948,Barbra,Wilburn
949,Jaime,Williams
950,Lorinda,Windell
951,Richard,Alva
952,Leta,Bentley
953,Neva,Devon
954,Penni,Genaro
955,Sybil,Kory
956,Lily,Sharon
957,Germaine,Agustin
958,Jeanna,Andrea
959,May,Cletus
960,Sydney,Darry
961,Jerry,Dennie
962,Rowena,Hilton
963,Catharine,Loran
964,Consuelo,Markus
965,Gwyn,Michale
966,Shanna,Thor
967,Loreen,Trevor
968,Mable,Abe
969,Monika,Alphonse
970,Renea,Boris
971,Trisha,Garret
972,Bobby,Leander
973,Gilda,Mac
974,Krystal,Montgomery
975,Melva,Osvaldo
976,Zoe,Paris
977,Anthony,Sid
978,Earline,Warner
979,Lolita,Anibal
980,Suzanna,Boyce
981,Vernita,Brice
982,Alecia,Carnell
983,Brooke,Cordell
984,Cary,Daron
985,Evette,Hardy
986,Retha,Haywood
987,Sandie,Kevan
988,Alyce,Otha
989,Janene,Waymon
990,Reva,Adan
991,Adrianne,Bertram
992,Charles,Donell
993,Latonya,Enoch
994,Troy,Ezra
995,Elissa,Jules
996,Francesca,Lucius
997,Phoebe,Milo
998,Sherryl,Reinaldo
999,Shirlene,Ricki
1000,Barrie,Titus
