Rank,Name
1,John
2,William
3,James
4,George
5,Robert
6,Joseph
7,Charles
8,Frank
9,Edward
10,Thomas
11,Henry
12,Walter
13,Willie
14,Harry
15,Albert
16,Arthur
17,Harold
18,Paul
19,Clarence
20,Fred
21,Raymond
22,Louis
23,Richard
24,Joe
25,Ralph
26,Roy
27,Jack
28,Howard
29,Carl
30,David
31,Ernest
32,Earl
33,Samuel
34,Francis
35,Lawrence
36,Herbert
37,Charlie
38,Alfred
39,Andrew
40,Kenneth
41,Anthony
42,Elmer
43,Eugene
44,Michael
45,Donald
46,Sam
47,Theodore
48,Leonard
49,Leo
50,Herman
51,Lee
52,Stanley
53,Peter
54,Daniel
55,Floyd
56,Leroy
57,Russell
58,Clifford
59,Clyde
60,Lester
61,Lewis
62,Jesse
63,Benjamin
64,Edwin
65,Oscar
66,Chester
67,Ray
68,Frederick
69,Claude
70,Bernard
71,Eddie
72,Cecil
73,Lloyd
74,Norman
75,Melvin
76,Edgar
77,Jessie
78,Ben
79,Milton
80,Homer
81,Tom
82,Harvey
83,Martin
84,Leon
85,Johnnie
86,Philip
87,Marvin
88,Victor
89,Alvin
90,Everett
91,Luther
92,Allen
93,Vernon
94,Stephen
95,Leslie
96,Will
97,Gerald
98,Morris
99,Julius
100,Virgil
101,Sidney
102,Vincent
103,Glenn
104,Alexander
105,Otis
106,Maurice
107,Horace
108,Jacob
109,Marion
110,Wilbur
111,Earnest
112,Willard
113,Nicholas
114,Irving
115,Archie
116,Gilbert
117,Jim
118,Manuel
119,Max
120,Patrick
121,Hugh
122,Oliver
123,Curtis
124,Hubert
125,Arnold
126,Guy
127,Alex
128,Jerry
129,Gordon
130,Ira
131,Roosevelt
132,Warren
133,Jose
134,Wallace
135,Wesley
136,Mack
137,Nathan
138,Wayne
139,Otto
140,Rudolph
141,Johnie
142,Lonnie
143,Sylvester
144,Bill
145,Isaac
146,Willis
147,Jimmie
148,Marshall
149,Bennie
150,Glen
151,Roland
152,Rufus
153,Charley
154,Orville
155,Dan
156,Ed
157,Matthew
158,Percy
159,Abraham
160,Nathaniel
161,Steve
162,Clifton
163,Tony
164,Edmund
165,Emil
166,Clinton
167,Mike
168,August
169,Calvin
170,Clayton
171,Franklin
172,Perry
173,Pete
174,Phillip
175,Jerome
176,Emmett
177,Ellis
178,Elbert
179,Bert
180,Alton
181,Amos
182,Felix
183,Sherman
184,Dave
185,Jake
186,Roger
187,Aaron
188,Ted
189,Nelson
190,Booker
191,Douglas
192,Adam
193,Don
194,Johnny
195,Tommie
196,Forrest
197,Owen
198,Irvin
199,Reuben
200,Dennis
201,Juan
202,Wilbert
203,Dale
204,Antonio
205,Bruce
206,Dewey
207,Ross
208,Wilfred
209,Ervin
210,Karl
211,Roscoe
212,Adolph
213,Grady
214,Ivan
215,Salvatore
216,Delbert
217,Laurence
218,Jay
219,Edmond
220,Jess
221,Julian
222,Preston
223,Troy
224,Cornelius
225,Grover
226,Simon
227,Austin
228,Nick
229,Ollie
230,Angelo
231,Moses
232,Monroe
233,Gus
234,Millard
235,Grant
236,Mary
237,Wilson
238,Gene
239,Jasper
240,Leland
241,Malcolm
242,Bob
243,Carroll
244,Merle
245,Levi
246,Lyle
247,Ronald
248,Freddie
249,Murray
250,Buster
251,Harley
252,Wiley
253,Byron
254,Larry
255,Allan
256,Noah
257,Aubrey
258,Jesus
259,Mark
260,Timothy
261,Fredrick
262,Jeff
263,Mose
264,Ramon
265,Claud
266,Elijah
267,Emanuel
268,Rex
269,Anton
270,Louie
271,Wendell
272,Dominick
273,Taft
274,Boyd
275,Loyd
276,Solomon
277,Spencer
278,Francisco
279,Lowell
280,Ruben
281,Cleveland
282,Elwood
283,Erwin
284,Harrison
285,Barney
286,Kermit
287,Abe
288,Alonzo
289,Tommy
290,Andy
291,Carlos
292,Hollis
293,Eli
294,Myron
295,Neil
296,Christopher
297,Clark
298,Hiram
299,Hyman
300,Mitchell
301,Clair
302,Pedro
303,Isadore
304,Luke
305,Odell
306,Randolph
307,Elmo
308,Garland
309,Marcus
310,Cleo
311,Dwight
312,Forest
313,Lynn
314,Dominic
315,Orval
316,Alphonse
317,Carlton
318,Columbus
319,Dallas
320,Elton
321,Emery
322,Lorenzo
323,Ora
324,Silas
325,Thurman
326,Buford
327,Edd
328,Noel
329,Reginald
330,Dock
331,Earle
332,Elliott
333,Loren
334,Neal
335,Al
336,Anderson
337,Cyril
338,Freeman
339,Joel
340,Meyer
341,Ellsworth
342,Miles
343,Sol
344,Sterling
345,Vern
346,Dean
347,Irwin
348,Wilmer
349,Elvin
350,Emory
351,Keith
352,Ned
353,Riley
354,Ward
355,Adrian
356,Clement
357,Foster
358,Russel
359,Scott
360,Bud
361,Elias
362,Noble
363,Steven
364,Weldon
365,Alfonso
366,Basil
367,Fletcher
368,Houston
369,Ike
370,Isiah
371,Norris
372,Omer
373,Roman
374,Conrad
375,Eldon
376,Harris
377,Jackson
378,Luis
379,Major
380,Royal
381,Truman
382,Wilford
383,Benny
384,Chris
385,King
386,Palmer
387,Stewart
388,Wade
389,Alva
390,Dee
391,Junius
392,Pat
393,Pearl
394,Sanford
395,Van
396,Waldo
397,Walker
398,Winston
399,Wm
400,Ferdinand
401,Napoleon
402,Saul
403,Armand
404,Buck
405,Burton
406,Coy
407,Dick
408,Dudley
409,Gabriel
410,Lucius
411,Merrill
412,Theo
413,Augustus
414,Clay
415,Emile
416,Isaiah
417,Jimmy
418,Mathew
419,Maynard
420,Morgan
421,Ulysses
422,Emerson
423,Harmon
424,Herschel
425,Isidore
426,Mckinley
427,Olin
428,Randall
429,Alan
430,Frederic
431,Harlan
432,Haskell
433,Hugo
434,Jean
435,Norbert
436,Porter
437,Shelby
438,Cletus
439,Doyle
440,Eric
441,Gerard
442,Helen
443,Jonas
444,Lacy
445,Lionel
446,Merlin
447,Otho
448,Pasquale
449,Sammie
450,Vance
451,Wilburn
452,Alford
453,Aloysius
454,Christian
455,Delmar
456,Garfield
457,Gustave
458,Hamilton
459,Hazel
460,Joshua
461,Newton
462,Otha
463,Alden
464,Alfredo
465,Arther
466,Berry
467,Billie
468,Garrett
469,Hardy
470,Lyman
471,Mario
472,Milo
473,Sandy
474,Sydney
475,Bertram
476,Bruno
477,Bryan
478,Elzie
479,Gary
480,General
481,Junior
482,Linwood
483,Mason
484,Maxwell
485,Morton
486,Olen
487,Patsy
488,Rodney
489,Rosevelt
490,Arlie
491,Clint
492,Granville
493,Gregory
494,Haywood
495,Josh
496,Merton
497,Phil
498,Theron
499,Ambrose
500,Carter
501,Dewitt
502,Enoch
503,Evan
504,Ezra
505,Hoyt
506,Jefferson
507,Jules
508,Kelly
509,Milford
510,Odis
511,Prince
512,Travis
513,Asa
514,Casimir
515,Clem
516,Dorsey
517,Israel
518,Margaret
519,Miguel
520,Raphael
521,Webster
522,Avery
523,Bryant
524,Clarance
525,Cyrus
526,Early
527,Ford
528,Hershel
529,Hobert
530,Jeremiah
531,Laverne
532,Leander
533,Lonzo
534,Olaf
535,Pablo
536,Rose
537,Rubin
538,Stuart
539,Terry
540,Valentine
541,Alphonso
542,Artie
543,Elwin
544,Emmitt
545,Ethel
546,Gustav
547,Jewel
548,Lenard
549,Rafael
550,Rocco
551,Shirley
552,Taylor
553,Abner
554,Aron
555,Artis
556,Burl
557,Cliff
558,Coleman
559,Frances
560,Lucian
561,Micheal
562,Oran
563,Romeo
564,Tim
565,Wilber
566,Billy
567,Davis
568,Elmore
569,Fay
570,Lemuel
571,Lincoln
572,Ludwig
573,Marie
574,Milburn
575,Mildred
576,Ottis
577,Rene
578,Ruth
579,Seth
580,Tracy
581,Vester
582,Vivian
583,Wilton
584,Winfred
585,Allie
586,Andres
587,Antone
588,Archibald
589,Bennett
590,Bernie
591,Brady
592,Chas
593,Cleve
594,Crawford
595,Dillard
596,Dorothy
597,Everette
598,Florence
599,Gale
600,Hal
601,Henderson
602,Ivory
603,Judson
604,Lamar
605,Marlin
606,Matt
607,Miller
608,Raleigh
609,Santos
610,Stacy
611,Warner
612,Wylie
613,Bradley
614,Carmine
615,Darrell
616,Eldridge
617,Elroy
618,Gaylord
619,Graham
620,Huston
621,Ignacio
622,Justin
623,Oren
624,Orlando
625,Reed
626,Shelton
627,Sigmund
628,Thaddeus
629,Tomas
630,Williams
631,Winfield
632,Addison
633,Augustine
634,Brown
635,Carey
636,Delmer
637,Denver
638,Edna
639,Felipe
640,Fritz
641,Grace
642,Hosea
643,Jewell
644,Johnson
645,Jonah
646,Lafayette
647,Lew
648,Lucious
649,Murphy
650,Richmond
651,Rollin
652,Rupert
653,Salvador
654,Smith
655,Walton
656,Woodrow
657,Art
658,Blair
659,Brooks
660,Burnett
661,Cloyd
662,Connie
663,Dalton
664,Emilio
665,Evert
666,Farris
667,Gladys
668,Hadley
669,Hans
670,Ivy
671,June
672,Lois
673,Lon
674,Nat
675,Nolan
676,Obie
677,Odie
678,Oswald
679,Price
680,Roberto
681,Seymour
682,Sheldon
683,Verne
684,Watson
685,Abel
686,Americo
687,Benton
688,Bernice
689,Buddy
690,Carrol
691,Casper
692,Durward
693,Ernie
694,Finis
695,Hayward
696,Hector
697,Hunter
698,Julio
699,Lawerence
700,Lige
701,Lou
702,Meredith
703,Mervin
704,Orin
705,Ransom
706,Reese
707,Rolland
708,Sebastian
709,Stanford
710,Theadore
711,Tillman
712,Alma
713,Alvis
714,Bonnie
715,Carleton
716,Carlo
717,Claire
718,Clare
719,Dana
720,Duncan
721,Ennis
722,Essie
723,Giles
724,Golden
725,Hilliard
726,Jodie
727,Judge
728,Lindsey
729,Louise
730,Lucien
731,Murry
732,Norval
733,Ocie
734,Olan
735,Oral
736,Osie
737,Perley
738,Pierce
739,Rosario
740,Rudy
741,Santiago
742,Turner
743,Vito
744,Adolphus
745,Albin
746,Alonza
747,Burley
748,Burt
749,Cary
750,Cedric
751,Chauncey
752,Domingo
753,Doris
754,Duke
755,Ellwood
756,Elza
757,Emmet
758,Evans
759,Ezekiel
760,Francesco
761,Frankie
762,Gail
763,Gertrude
764,Guss
765,Henery
766,Hollie
767,Jordan
768,Melton
769,Nels
770,Newell
771,Parker
772,Roderick
773,Sammy
774,Starling
775,Sylvan
776,Toivo
777,Vernie
778,Vicente
779,Alois
780,Annie
781,Arley
782,Arturo
783,Arvid
784,Bee
785,Beverly
786,Carmen
787,Carson
788,Clara
789,Clovis
790,Collins
791,Cornelious
792,Earlie
793,Elie
794,Fernando
795,Garnet
796,Garnett
797,Goldie
798,Hayes
799,Hermon
800,Hobart
801,Ivey
802,Jennings
803,Jonathan
804,Lawson
805,Leopold
806,Logan
807,Lorenza
808,Mabel
809,Mac
810,Marcellus
811,Mitchel
812,Moe
813,Nicolas
814,Paris
815,Reinhold
816,Robley
817,Rollie
818,Sim
819,Teddy
820,Vaughn
821,Wellington
822,Willam
823,Wyatt
824,Zack
825,Alberto
826,Alice
827,Antoine
828,Baxter
829,Benedict
830,Benito
831,Blaine
832,Boyce
833,Bradford
834,Casey
835,Claudie
836,Cleon
837,Courtney
838,Darwin
839,Dell
840,Delmas
841,Duane
842,Eduardo
843,Elisha
844,Elizabeth
845,Ellie
846,Elwyn
847,Enrique
848,Ernst
849,Eunice
850,Eva
851,Finley
852,Franklyn
853,Fulton
854,Geo
855,Helmer
856,Hudson
857,Kelley
858,Leighton
859,Lesley
860,Linton
861,Madison
862,Mattie
863,Merl
864,Orvil
865,Ossie
866,Pearlie
867,Raymon
868,Rogers
869,Sanders
870,Sherwood
871,Thornton
872,Urban
873,Verle
874,Vincenzo
875,Virgle
876,Wash
877,Abram
878,Adelbert
879,Adolf
880,Alec
881,Alvie
882,Anna
883,Arne
884,Audie
885,Audrey
886,Author
887,Barton
888,Beatrice
889,Benjiman
890,Bertrand
891,Bishop
892,Carrie
893,Catherine
894,Clell
895,Craig
896,Denton
897,Denzil
898,Dolphus
899,Domenic
900,Domenick
901,Donnie
902,Edison
903,Farrell
904,Federico
905,Felton
906,Furman
907,Gardner
908,Green
909,Guadalupe
910,Hampton
911,Hezekiah
912,Hilton
913,Isom
914,Isreal
915,Jason
916,Joaquin
917,Julia
918,Kent
919,Kyle
920,Lavern
921,Lawyer
922,Lemon
923,Lenord
924,Levie
925,Levy
926,Linnie
927,Mahlon
928,Malachi
929,Nathanial
930,Omar
931,Opal
932,Orris
933,Pierre
934,Quentin
935,Reyes
936,Rolla
937,Romie
938,Rosendo
939,Sid
940,Solon
941,Stanton
942,Verner
943,Wayman
944,Westley
945,Weston
946,Alf
947,Almer
948,Alpha
949,Angel
950,Arlington
951,Arno
952,Ashley
953,Augusta
954,Benjaman
955,Benson
956,Beryl
957,Blanche
958,Brice
959,Callie
960,Carlie
961,Carlyle
962,Collie
963,Cornell
964,Dexter
965,Eino
966,Eldred
967,Eleanor
968,Ellery
969,Emmanuel
970,Ernesto
971,Esker
972,Estel
973,Evelyn
974,Ewell
975,Florentino
976,Foy
977,Frazier
978,Gaetano
979,Gaston
980,Gayle
981,Gerhard
982,Gregorio
983,Harland
984,Hayden
985,Heber
986,Hillard
987,Hurley
988,Jonnie
989,Jule
990,Kirby
991,Leamon
992,Lillian
993,Llewellyn
994,Lorin
995,Lucas
996,Lucille
997,Maxie
998,Melville
999,Merritt
1000,Mortimer
