Rank,Name
1,Robert
2,James
3,John
4,William
5,Richard
6,Charles
7,David
8,Donald
9,Thomas
10,Ronald
11,George
12,Joseph
13,Kenneth
14,Larry
15,Edward
16,Jerry
17,Paul
18,Michael
19,Gerald
20,Frank
21,Gary
22,Raymond
23,Harold
24,Billy
25,Walter
26,Jack
27,Joe
28,Roger
29,Bobby
30,Carl
31,Henry
32,Arthur
33,Willie
34,Dennis
35,Ralph
36,Lawrence
37,Eugene
38,Daniel
39,Wayne
40,Fred
41,Albert
42,Roy
43,Jimmy
44,Norman
45,Harry
46,Peter
47,Howard
48,Anthony
49,Louis
50,Earl
51,Melvin
52,Marvin
53,Francis
54,Leonard
55,Ernest
56,Don
57,Stanley
58,Douglas
59,Dale
60,Clarence
61,Leroy
62,Johnny
63,Samuel
64,Bruce
65,Stephen
66,Philip
67,Bill
68,Herbert
69,Gene
70,Alfred
71,Frederick
72,Allen
73,Russell
74,Ray
75,Jim
76,Bernard
77,Tommy
78,Lee
79,Patrick
80,Jimmie
81,Eddie
82,Gordon
83,Terry
84,Andrew
85,Alan
86,Leon
87,Glenn
88,Clifford
89,Bob
90,Theodore
91,Martin
92,Phillip
93,Jerome
94,Floyd
95,Lloyd
96,Edwin
97,Tom
98,Curtis
99,Jesse
100,Vernon
101,Clyde
102,Harvey
103,Alvin
104,Warren
105,Jackie
106,Franklin
107,Lewis
108,Leo
109,Ronnie
110,Vincent
111,Herman
112,Charlie
113,Arnold
114,Cecil
115,Gilbert
116,Lester
117,Keith
118,Duane
119,Victor
120,Johnnie
121,Jon
122,Rodney
123,Glen
124,Benjamin
125,Allan
126,Calvin
127,Barry
128,Milton
129,Mike
130,Darrell
131,Elmer
132,Roland
133,Chester
134,Dean
135,Joel
136,Leslie
137,Danny
138,Freddie
139,Steve
140,Tony
141,Claude
142,Jay
143,Manuel
144,Steven
145,Sam
146,Wesley
147,Willard
148,Jose
149,Ted
150,Lonnie
151,Wallace
152,Neil
153,Timothy
154,Jessie
155,Marion
156,Nicholas
157,Maurice
158,Edgar
159,Oscar
160,Hugh
161,Dan
162,Max
163,Everett
164,Virgil
165,Morris
166,Lowell
167,Lynn
168,Dick
169,Bennie
170,Mark
171,Karl
172,Benny
173,Sidney
174,Delbert
175,Lyle
176,Brian
177,Earnest
178,Nelson
179,Carroll
180,Homer
181,Hubert
182,Marshall
183,Nathaniel
184,Luther
185,Otis
186,Alexander
187,Guy
188,Horace
189,Ben
190,Wilbur
191,Willis
192,Alton
193,Dave
194,Clifton
195,Clinton
196,Donnie
197,Clayton
198,Fredrick
199,Juan
200,Loren
201,Archie
202,Matthew
203,Oliver
204,Alex
205,Gregory
206,Wendell
207,Stuart
208,Roosevelt
209,Rudolph
210,Troy
211,Perry
212,Carlos
213,Leland
214,Doyle
215,Wilbert
216,Rex
217,Myron
218,Byron
219,Billie
220,Laurence
221,Sherman
222,Pete
223,Salvatore
224,Julius
225,Merle
226,Ira
227,Malcolm
228,Gerard
229,Ivan
230,Dallas
231,Randall
232,Sammy
233,Buddy
234,Kent
235,Tommie
236,Carlton
237,Eldon
238,Orville
239,Grady
240,Ross
241,Dewey
242,Bobbie
243,Darrel
244,Aaron
245,Sylvester
246,Nathan
247,Edmund
248,Junior
249,Isaac
250,Elbert
251,Jesus
252,Julian
253,Jerald
254,Ruben
255,Pat
256,Neal
257,Antonio
258,Eric
259,Ervin
260,Rufus
261,Darryl
262,Jacob
263,Rudy
264,Woodrow
265,Teddy
266,Ellis
267,Mack
268,Ramon
269,Forrest
270,Garry
271,Tyrone
272,Nick
273,Reginald
274,Wilson
275,Felix
276,Clark
277,Noel
278,Angelo
279,Dwight
280,Irvin
281,Randolph
282,Aubrey
283,Owen
284,Jeffrey
285,Sheldon
286,Bert
287,Marlin
288,Wilfred
289,Loyd
290,Boyd
291,Percy
292,Christopher
293,Garland
294,Terrence
295,Preston
296,Travis
297,Conrad
298,Emmett
299,Harlan
300,Craig
301,Louie
302,Sammie
303,Wade
304,Frankie
305,Harley
306,Darwin
307,Phil
308,Norbert
309,Pedro
310,Irving
311,Raul
312,Ned
313,Grover
314,Burton
315,Jan
316,Royce
317,Denis
318,Jonathan
319,Mitchell
320,Rodger
321,Gale
322,Grant
323,Lance
324,Daryl
325,Stewart
326,Kenny
327,Roberto
328,Kermit
329,Alfonso
330,Edmond
331,Elwood
332,Amos
333,Freddy
334,Lionel
335,Ken
336,Scott
337,Delmar
338,Emil
339,Kevin
340,Melvyn
341,Mary
342,Cornelius
343,Ed
344,Francisco
345,Spencer
346,Cleveland
347,Carol
348,Terrance
349,Andy
350,Maynard
351,Moses
352,Alonzo
353,August
354,Adrian
355,Dominic
356,Thurman
357,Chris
358,Irwin
359,Merlin
360,Micheal
361,Mickey
362,Tim
363,Murray
364,Errol
365,Johnie
366,Luis
367,Weldon
368,Lorenzo
369,Mario
370,Shirley
371,Elijah
372,Merrill
373,Elton
374,Roscoe
375,Elvin
376,Dominick
377,Marcus
378,Will
379,Otto
380,Monte
381,Denny
382,Jasper
383,Sanford
384,Gail
385,Adam
386,Dwayne
387,Odell
388,Lanny
389,Austin
390,Lamar
391,Clair
392,Wiley
393,Frederic
394,Shelby
395,Bradley
396,Millard
397,Simon
398,Nolan
399,Rene
400,Harrison
401,Hal
402,Norris
403,Carmen
404,Laverne
405,Al
406,Ron
407,Abraham
408,Elliott
409,Hollis
410,Armando
411,Charley
412,Emanuel
413,Monroe
414,Roderick
415,Salvador
416,Wilburn
417,Barney
418,Brent
419,Jake
420,Hershel
421,Guadalupe
422,Van
423,Coy
424,Fredric
425,Ricardo
426,Emory
427,Reuben
428,Bryan
429,Sterling
430,Carrol
431,Truman
432,Winston
433,Ernie
434,Hector
435,Lavern
436,Ollie
437,Alfredo
438,Galen
439,Gerry
440,Gus
441,Armand
442,Levi
443,Miles
444,Robin
445,Jess
446,Buford
447,Dudley
448,Jeff
449,Linwood
450,Mervin
451,Emery
452,Jackson
453,Jerrold
454,Adolph
455,Miguel
456,Clement
457,Jerold
458,Erwin
459,Jean
460,Ronny
461,Rolland
462,Wilmer
463,Delmer
464,Kennith
465,Ward
466,Gabriel
467,Kelly
468,Barbara
469,Vance
470,Vern
471,Booker
472,Blaine
473,Wilford
474,Arturo
475,Dana
476,Ulysses
477,Harris
478,Kurt
479,Cleo
480,Domingo
481,Ernesto
482,Morton
483,Rocco
484,Russel
485,Alva
486,Silas
487,Dewayne
488,Herschel
489,Monty
490,Riley
491,Elias
492,Randy
493,Arlen
494,Vito
495,Basil
496,Denver
497,Fernando
498,Betty
499,Everette
500,Bradford
501,Arden
502,Normand
503,Connie
504,Evan
505,Rodolfo
506,Dickie
507,Forest
508,Burl
509,Gayle
510,Gaylord
511,Alphonso
512,Kay
513,Clay
514,Dalton
515,Huey
516,Noah
517,Olin
518,Earle
519,Alberto
520,Barton
521,Gearld
522,Terence
523,Bernie
524,Freeman
525,Lyman
526,Milford
527,Orlando
528,Vaughn
529,Warner
530,Alden
531,Carson
532,Dannie
533,Luke
534,Odis
535,Solomon
536,Davis
537,Elmo
538,Winfred
539,Enrique
540,Kendall
541,Lenard
542,Rogers
543,Royal
544,Seymour
545,Rafael
546,Theron
547,Eli
548,Patricia
549,Tomas
550,Tracy
551,Carmine
552,Cyril
553,Eddy
554,Pasquale
555,Thaddeus
556,Anton
557,Gilberto
558,Bennett
559,Kirk
560,Haywood
561,Jeremiah
562,Morgan
563,Major
564,Maxie
565,Anderson
566,Fletcher
567,Hoyt
568,Alphonse
569,Dwain
570,Isiah
571,Joshua
572,Kyle
573,Wilton
574,Arlie
575,Cletus
576,Dee
577,Garrett
578,Felipe
579,Joesph
580,Saul
581,Cary
582,Dexter
583,Hilton
584,Ivory
585,Jacky
586,Sonny
587,Bud
588,Ignacio
589,Kirby
590,Lupe
591,Pablo
592,Talmadge
593,Abel
594,Arther
595,Boyce
596,Emerson
597,Jere
598,Olen
599,Otha
600,Raleigh
601,Christian
602,Jules
603,Shelton
604,Roman
605,Andre
606,Claud
607,Columbus
608,Emile
609,Justin
610,Reynaldo
611,Art
612,Darold
613,Doris
614,Elroy
615,Gerold
616,Lawerence
617,Newton
618,Elliot
619,Ellsworth
620,Hiram
621,Emilio
622,Geoffrey
623,Houston
624,Jefferson
625,Julio
626,Mac
627,Rayford
628,Terrell
629,Chuck
630,Judson
631,Kerry
632,King
633,Orval
634,Ramiro
635,Sherwood
636,Angel
637,Augustus
638,Bertram
639,Foster
640,Graham
641,Carey
642,Emmitt
643,Lacy
644,Lucius
645,Milo
646,Santos
647,Dewitt
648,Elden
649,Isaiah
650,Jewel
651,Santiago
652,Beverly
653,Felton
654,Patsy
655,Waymon
656,Benito
657,Raymon
658,Stanford
659,Verne
660,Arvin
661,Coleman
662,Merlyn
663,Donn
664,Ferdinand
665,Mason
666,Val
667,Donovan
668,Lemuel
669,Mckinley
670,Sydney
671,Bryant
672,Buster
673,Lincoln
674,Rayburn
675,Carter
676,Clarance
677,Franklyn
678,Lauren
679,Marc
680,Rollin
681,Augustine
682,Doug
683,Marcel
684,Oren
685,Andres
686,Arlin
687,Hayward
688,Judith
689,Napoleon
690,Winford
691,Israel
692,Nancy
693,Omer
694,Wilber
695,Dorothy
696,Lane
697,Lon
698,Quentin
699,Reed
700,Carlo
701,Dayton
702,Fritz
703,Garold
704,Glynn
705,Harmon
706,Toby
707,Adolfo
708,Bart
709,Cliff
710,Granville
711,Jason
712,Lynwood
713,Noble
714,Stan
715,Cruz
716,Eduardo
717,Alvis
718,Damon
719,Elvis
720,Hermon
721,Lonny
722,Raphael
723,Reynold
724,Sandy
725,Benedict
726,Donny
727,Howell
728,Marlyn
729,Maxwell
730,Regis
731,Rosevelt
732,Todd
733,Delton
734,Duncan
735,Garfield
736,Jordan
737,Merritt
738,Arlyn
739,Harland
740,Leeroy
741,Margaret
742,Mathew
743,Waldo
744,Walton
745,Arlan
746,Artis
747,Brady
748,Edd
749,Frances
750,Jewell
751,Joan
752,Taylor
753,Vicente
754,Alejandro
755,Dillard
756,Duwayne
757,Farrell
758,Hobert
759,Melton
760,Mose
761,Murphy
762,Theo
763,Arvid
764,Dennie
765,Guillermo
766,Lucien
767,Pierre
768,Robbie
769,Rogelio
770,Dell
771,Dorsey
772,Fidel
773,Joyce
774,Parker
775,Wally
776,Arlo
777,Eldridge
778,Ian
779,Myles
780,Ronal
781,Seth
782,Willian
783,Zane
784,Benton
785,Curtiss
786,Donal
787,Eldred
788,Elwin
789,Garth
790,Lindsey
791,Palmer
792,Prentice
793,Verlin
794,Alford
795,Alvie
796,Hardy
797,Jennings
798,Lawson
799,Loy
800,Burt
801,Carleton
802,Claudie
803,Stanton
804,Stephan
805,Bryce
806,Cordell
807,Hans
808,Ora
809,Porter
810,Walker
811,Abe
812,Avery
813,Cyrus
814,Douglass
815,Lamont
816,Mahlon
817,Prince
818,Ambrose
819,Berry
820,Colin
821,Greg
822,Herb
823,Humberto
824,Joaquin
825,Nickolas
826,Rubin
827,Winfield
828,Aloysius
829,Bonnie
830,Bruno
831,Delano
832,Ismael
833,Sherrill
834,Theadore
835,Willam
836,Domenic
837,Dwaine
838,Jeffery
839,Jonas
840,Matt
841,Meredith
842,Rupert
843,Santo
844,Sebastian
845,Windell
846,Cornell
847,Durwood
848,Hugo
849,Jonnie
850,Kim
851,Lois
852,Lonzo
853,Mel
854,Milan
855,Randal
856,Randell
857,Bernice
858,Blair
859,Conley
860,Denzil
861,Derrell
862,Gaylon
863,Haskell
864,Issac
865,Rollie
866,Wardell
867,Asa
868,Autry
869,Brooks
870,Elizabeth
871,Eloy
872,Ezra
873,Garnett
874,Glendon
875,Jorge
876,Loyal
877,Lucious
878,Madison
879,Margarito
880,Marty
881,Orrin
882,Pearl
883,Rowland
884,Ruth
885,Sharon
886,Williams
887,Wylie
888,Adolphus
889,Arvil
890,Audrey
891,Denton
892,Elmore
893,Elwyn
894,Elzie
895,Enoch
896,Hosea
897,Joey
898,Verlon
899,Woody
900,Carlyle
901,Jerrell
902,Norwood
903,Oran
904,Cedric
905,Elisha
906,Foy
907,Giles
908,Henderson
909,Lavon
910,Loran
911,Lou
912,Lucian
913,Martha
914,Nicky
915,Reggie
916,Allyn
917,Aron
918,Burley
919,June
920,Junius
921,Kenton
922,Lambert
923,Leamon
924,Leonel
925,Montie
926,Orin
927,Ottis
928,Reid
929,Turner
930,Wayland
931,Artie
932,Arvel
933,Clem
934,Dock
935,Edsel
936,Ennis
937,General
938,Harlen
939,Helen
940,Scotty
941,Cameron
942,Curt
943,Dorris
944,Drew
945,Emmit
946,Harlon
947,Harrell
948,Lawrance
949,Linda
950,Logan
951,Otho
952,Richmond
953,Valentine
954,Auther
955,Author
956,Cleve
957,Darvin
958,Edison
959,Eliseo
960,Estel
961,Ford
962,Gustave
963,Jared
964,Len
965,Lesley
966,Lorin
967,Merton
968,Obie
969,Quinton
970,Sal
971,Smith
972,Stacy
973,Tex
974,Von
975,Wyatt
976,Albin
977,Alfonzo
978,Alonza
979,Barrie
980,Darnell
981,Del
982,Fay
983,Ike
984,Jamie
985,Leander
986,Leigh
987,Marcelino
988,Pierce
989,Sandra
990,Virginia
991,Webster
992,Arland
993,Buck
994,Carolyn
995,Clint
996,Duke
997,Isidro
998,Lafayette
999,Lorenza
1000,Lyndon
