Rank,Girl Name,Boy Name
1,Mary,Robert
2,Linda,James
3,Deborah,Michael
4,Patricia,John
5,Susan,David
6,Barbara,William
7,Debra,Richard
8,Nancy,Thomas
9,Karen,Charles
10,Pamela,Gary
11,Sandra,Steven
12,Cynthia,Mark
13,Donna,Joseph
14,Kathleen,Donald
15,Sharon,Ronald
16,Carol,Paul
17,Diane,Kenneth
18,Brenda,Larry
19,Janet,Dennis
20,Margaret,Daniel
21,Elizabeth,Stephen
22,Janice,George
23,Kathy,Edward
24,Rebecca,Gregory
25,Carolyn,Jeffrey
26,Joyce,Timothy
27,Judy,Douglas
28,Cheryl,Bruce
29,Shirley,Jerry
30,Judith,Terry
31,Denise,Roger
32,Christine,Anthony
33,Betty,Frank
34,Beverly,Raymond
35,Catherine,Randy
36,Marilyn,Kevin
37,Joan,Lawrence
38,Gloria,Peter
39,Gail,Patrick
40,Paula,Wayne
41,Martha,Danny
42,Teresa,Gerald
43,Jane,Alan
44,Peggy,Carl
45,Bonnie,Walter
46,Ann,Scott
47,Connie,Keith
48,Kathryn,Dale
49,Dorothy,Willie
50,Theresa,Arthur
51,Laura,Ricky
52,Jean,Johnny
53,Virginia,Brian
54,Jo,Henry
55,Diana,Roy
56,Cathy,Harold
57,Wanda,Jack
58,Jacqueline,Rodney
59,Rose,Ralph
60,Sheila,Craig
61,Vicki,Philip
62,Ruth,Stanley
63,Katherine,Christopher
64,Rita,Randall
65,Helen,Billy
66,Robin,Joe
67,Lynn,Glenn
68,Maria,Andrew
69,Phyllis,Albert
70,Sherry,Samuel
71,Joanne,Russell
72,Frances,Jimmy
73,Alice,Barry
74,Julie,Bobby
75,Darlene,Eugene
76,Ellen,Phillip
77,Elaine,Howard
78,Suzanne,Louis
79,Vickie,Ronnie
80,Anne,Frederick
81,Sally,Allen
82,Victoria,Martin
83,Marsha,Harry
84,Marcia,Steve
85,Rhonda,Leonard
86,Marie,Curtis
87,Doris,Ernest
88,Valerie,Micheal
89,Anita,Eric
90,Roberta,Francis
91,Lois,Melvin
92,Maureen,Fred
93,Sarah,Lee
94,Evelyn,Marvin
95,Constance,Tommy
96,Leslie,Earl
97,Jeanne,Eddie
98,Anna,Norman
99,Cindy,Jay
100,Charlotte,Vincent
101,Sylvia,Rick
102,Michele,Clifford
103,Laurie,Darrell
104,Yvonne,Alfred
105,Glenda,Dean
106,Sue,Victor
107,Michelle,Jerome
108,Eileen,Clarence
109,Dianne,Jeffery
110,Wendy,Jose
111,Lisa,Calvin
112,Gwendolyn,Theodore
113,Charlene,Rickey
114,Jill,Jesse
115,Colleen,Ray
116,Jennifer,Gordon
117,Terry,Tony
118,Lorraine,Bradley
119,Debbie,Bernard
120,Angela,Don
121,Joann,Jon
122,Norma,Dwight
123,Stephanie,Edwin
124,Julia,Warren
125,Louise,Herbert
126,Claudia,Leroy
127,Irene,Kim
128,Marlene,Benjamin
129,Carla,Glen
130,Terri,Matthew
131,Andrea,Nicholas
132,Regina,Duane
133,Juanita,Jonathan
134,Renee,Joel
135,Geraldine,Leslie
136,Gayle,Mike
137,Loretta,Leon
138,Dawn,Lloyd
139,Jeanette,Dan
140,Jan,Alvin
141,Patsy,Vernon
142,Annie,Garry
143,Beth,Gene
144,Marjorie,Marc
145,Annette,Jackie
146,Kay,Neil
147,Rosemary,Lonnie
148,Sheryl,Gilbert
149,Vivian,Juan
150,Ruby,Guy
151,Joy,Mitchell
152,Amy,Floyd
153,Arlene,Allan
154,Lynda,Clyde
155,June,Lewis
156,Delores,Donnie
157,Penny,Lester
158,Sara,Franklin
159,Lynne,Wesley
160,Patti,Robin
161,Rosa,Randolph
162,Toni,Leo
163,Vanessa,Karl
164,Melissa,Brad
165,Dolores,Reginald
166,Mildred,Kent
167,Audrey,Jimmie
168,Shelley,Chris
169,Janis,Manuel
170,Vicky,Lynn
171,Yolanda,Freddie
172,Josephine,Harvey
173,Lori,Charlie
174,Belinda,Jim
175,Rachel,Milton
176,Melinda,Bill
177,Christina,Kurt
178,Roxanne,Dana
179,Paulette,Herman
180,Candace,Johnnie
181,Georgia,Carlos
182,Kim,Arnold
183,Jacquelyn,Chester
184,Jackie,Tom
185,Carmen,Stuart
186,Lillian,Gerard
187,Marianne,Daryl
188,Carole,Rex
189,Becky,Fredrick
190,Edna,Ted
191,Veronica,Roland
192,Esther,Nathaniel
193,Monica,Darryl
194,Eva,Kerry
195,Emma,Alexander
196,Sherri,Cecil
197,Janie,Kirk
198,Pauline,Maurice
199,Holly,Perry
200,Lucy,Terrence
201,Lydia,Ruben
202,Edith,Brent
203,Lucille,Oscar
204,Shelia,Tyrone
205,Ramona,Claude
206,Margie,Antonio
207,Wilma,Todd
208,Lou,Jessie
209,Kimberly,Ricardo
210,Melanie,Bryan
211,Dianna,Marshall
212,Clara,Wallace
213,Grace,Sidney
214,Priscilla,Nelson
215,Nina,Mario
216,Gladys,Neal
217,Marian,Terrance
218,Bonita,Clifton
219,Billie,Hugh
220,Emily,Byron
221,Bobbie,Ross
222,Melody,Rickie
223,Thelma,Aaron
224,Ethel,Edgar
225,Carrie,Benny
226,Marion,Lyle
227,Eleanor,Wendell
228,Kristine,Luis
229,Dana,Sam
230,Luann,Clayton
231,Vera,Jeff
232,Doreen,Clinton
233,Bertha,Kelly
234,Maxine,Jesus
235,Ella,Morris
236,Bernice,Gregg
237,Willie,Nathan
238,Nora,Greg
239,Patty,Earnest
240,Florence,Bradford
241,Patrice,Marion
242,Tina,Bennie
243,Beatrice,Randal
244,Claire,Sammy
245,Alma,Dave
246,Francine,Otis
247,Maryann,Willard
248,Lillie,Francisco
249,Mona,Virgil
250,Dale,Laurence
251,Hazel,Ben
252,Cecilia,Everett
253,Faye,Rudolph
254,Ida,Tim
255,Lee,Raul
256,Lana,Ira
257,Rosie,Marcus
258,Lynette,Max
259,Betsy,Carlton
260,Lucinda,Alex
261,Myra,Lance
262,Marla,Roberto
263,Stella,Bob
264,Gale,Loren
265,Dixie,Elmer
266,Karla,Luther
267,Laurel,Troy
268,Irma,Rocky
269,Iris,Geoffrey
270,Debora,Wade
271,Dora,Rodger
272,Alicia,Horace
273,Bernadette,Clark
274,Jeannette,Frankie
275,Miriam,Myron
276,Jessie,Sylvester
277,Jamie,Roderick
278,Jeannie,Rudy
279,Caroline,Hector
280,Deanna,Andre
281,Susie,Edmund
282,Antoinette,Mickey
283,Nadine,Salvatore
284,Ginger,Delbert
285,Jody,Ramon
286,Kathie,Sherman
287,Marguerite,Alton
288,Therese,Archie
289,Trudy,Jacob
290,April,Roosevelt
291,Cheri,Denis
292,Cathleen,Jan
293,Harriet,Stewart
294,Sherrie,Armando
295,Jennie,Van
296,Naomi,Felix
297,Joni,Darrel
298,Jenny,Hubert
299,Mattie,Julius
300,Rosalie,Grant
301,Geneva,Isaac
302,Deloris,Malcolm
303,Rosanne,Pedro
304,Velma,Tommie
305,Hilda,Miguel
306,Teri,Jerald
307,Lorna,Monte
308,Johnnie,Leland
309,Sheri,Wilbert
310,Janette,Teddy
311,Janine,Pete
312,Cecelia,Fernando
313,Jeri,Unknown
314,Heidi,Oliver
315,Crystal,Julian
316,Robyn,Preston
317,Guadalupe,Kenny
318,Minnie,Lowell
319,Jana,Doyle
320,Verna,Angelo
321,Marcella,Dwayne
322,Bessie,Homer
323,Cora,Willis
324,Darla,Terence
325,Candice,Forrest
326,Agnes,Andy
327,Mae,Stephan
328,Susanne,Ivan
329,Madeline,Dallas
330,Margo,Ervin
331,Celeste,Ellis
332,Ernestine,Rufus
333,Olivia,Lorenzo
334,Christy,Arturo
335,Lena,Wilbur
336,Nellie,Mack
337,Faith,Carroll
338,Unknown,Jeffry
339,Rosemarie,Rene
340,Cassandra,Nick
341,Adrienne,Owen
342,Elsie,Cary
343,Lauren,Freddy
344,Leona,Hal
345,Molly,Adrian
346,Tamara,Grady
347,Celia,Alfredo
348,Leah,Alonzo
349,Luanne,Alfonso
350,Gay,Boyd
351,Gretchen,Conrad
352,Olga,Dewey
353,Jayne,Guadalupe
354,Rochelle,Lionel
355,Gwen,Travis
356,Shelly,Sean
357,Viola,Percy
358,Kerry,Kyle
359,Margarita,Sammie
360,Alberta,Derrick
361,Amelia,Marty
362,Daisy,Wilson
363,Della,Bert
364,Terrie,Dominic
365,Glenna,Elbert
366,Penelope,Royce
367,Laverne,Alberto
368,Lola,Aubrey
369,Tanya,Ron
370,Katie,Shawn
371,Bridget,Louie
372,Freda,Rodolfo
373,Corinne,Vance
374,Rosalind,Christian
375,Lora,Derek
376,Pearl,Edmond
377,Polly,Noel
378,Sandy,Gerry
379,Diann,Garland
380,Noreen,Irvin
381,Hattie,Buddy
382,Jessica,Salvador
383,Alison,Cleveland
384,Shannon,Rafael
385,Ronda,Angel
386,Camille,Joey
387,Gayla,Tracy
388,Karin,Merle
389,Delia,Adam
390,Isabel,Dominick
391,Cherie,Sheldon
392,Yvette,Ronny
393,Flora,Carey
394,Ava,Ken
395,Melba,Abraham
396,Jeanie,Blaine
397,Eunice,Darwin
398,Hope,Jerrold
399,Helene,Amos
400,Jeanine,Pat
401,Sondra,Woodrow
402,Jeannine,Barney
403,Kristin,Dewayne
404,Nanette,Marlin
405,Bette,Monty
406,Adele,Spencer
407,Reba,Wilfred
408,Eloise,Galen
409,Kathi,Lanny
410,Sonia,Miles
411,Ada,Elton
412,Jacalyn,Cornelius
413,Fannie,Norris
414,Marta,Dexter
415,Sallie,Kirby
416,Charmaine,Dannie
417,Lenora,Emmett
418,Amanda,Ernie
419,Heather,Kelvin
420,Gertrude,Jason
421,Mamie,Eldon
422,Rena,Evan
423,Violet,Gabriel
424,Erma,Enrique
425,Rosalyn,Harlan
426,Henrietta,Christophe
427,Frankie,Darnell
428,Dee,Lamar
429,Sonja,Moses
430,Joanna,Jorge
431,Gina,Clay
432,Roseann,Grover
433,Christie,Alphonso
434,Robbie,Blair
435,Rosetta,Al
436,Lula,Javier
437,Claudette,Brett
438,Dona,Gale
439,Jerri,Ned
440,Myrna,Reed
441,Mindy,Winston
442,Myrtle,Ernesto
443,Estella,Linwood
444,Jolene,Lon
445,Candy,Phil
446,Natalie,Orville
447,Saundra,Harley
448,Randi,Jaime
449,Suzan,Julio
450,Rene,Sterling
451,Ruthie,Curt
452,Sharron,Elliott
453,Denice,Donny
454,Marcy,Murray
455,Kaye,Elijah
456,Elise,Joesph
457,Colette,Denny
458,Lila,Irving
459,Rae,Michel
460,Carlene,Stevie
461,Nita,Ramiro
462,Roxann,Vaughn
463,Katharine,Jess
464,Maggie,Loyd
465,Blanche,Billie
466,Chris,Frederic
467,Ilene,Kermit
468,Bettye,Sanford
469,Janelle,Junior
470,Eugenia,Burton
471,Ladonna,Carmen
472,Meredith,Harrison
473,Earnestine,Orlando
474,Merry,Abel
475,Sharlene,Norbert
476,Tracy,August
477,Bettie,Dick
478,Shari,Kendall
479,Ana,Emanuel
480,Clare,Rory
481,Inez,Colin
482,Cathryn,Drew
483,Genevieve,Rocco
484,Lu,Austin
485,Antonia,Thaddeus
486,Nelda,Cornell
487,Mari,Will
488,Dena,Blake
489,Elena,Ward
490,Coleen,Cedric
491,Earlene,Eddy
492,Lorene,Jamie
493,Sonya,Simon
494,Kristi,Geary
495,Lynnette,Lamont
496,Muriel,Reuben
497,Jocelyn,Roscoe
498,Leticia,Randell
499,Mitzi,Gilberto
500,Dorothea,Odell
501,Fay,Bobbie
502,Leanne,Kris
503,Lorrie,Pablo
504,Debrah,Dudley
505,Lesley,Levi
506,Marva,Reid
507,Tonya,Erik
508,Marilynn,Sandy
509,Julianne,Wiley
510,Blanca,Donn
511,Gracie,Jody
512,Allison,Kennith
513,Valarie,Mikel
514,Kristy,Nolan
515,Debby,Tomas
516,Jerry,Jasper
517,Lavonne,Fredric
518,Louann,Israel
519,Katrina,Emil
520,Cathie,Jerold
521,Johanna,Reynaldo
522,Leann,Robbie
523,Suzette,Roman
524,Clarice,Shane
525,Felicia,Bryant
526,Nona,Elvin
527,Cherry,Eduardo
528,Mable,Andres
529,Sadie,Lane
530,Essie,Toby
531,Maryanne,Weldon
532,Shelby,Bart
533,Elisa,Casey
534,Lyn,Dane
535,Winifred,Terrell
536,Jewel,Timmy
537,Georgette,Gus
538,Lucia,Seth
539,Pamala,Damon
540,Daphne,Thurman
541,Dinah,Felipe
542,Lenore,Justin
543,Fern,Vern
544,Kristen,Luke
545,Nola,Otto
546,Althea,Rogelio
547,Angie,Jacky
548,Maryellen,Dwain
549,Caren,Garrett
550,Rhoda,Ismael
551,Benita,Joshua
552,Kristina,Elwood
553,Delois,Riley
554,Beverley,Ulysses
555,Lela,Jake
556,Pat,Donnell
557,Etta,Carter
558,Pam,Chuck
559,Harriett,Danial
560,Dolly,Mathew
561,Darcy,Mitchel
562,Gilda,Noah
563,Jimmie,Zachary
564,Roxie,Elias
565,Leigh,Emory
566,Nikki,Russel
567,Marietta,Garth
568,Neva,Merlin
569,Rosalinda,Ian
570,Elvira,Vito
571,Mollie,Erwin
572,Ora,Harris
573,Arleen,Lindsey
574,James,Rogers
575,Bernadine,Val
576,Ina,Gail
577,Marcie,Jefferson
578,Angelina,Barton
579,Edwina,Hank
580,Roslyn,Nicky
581,Michael,Adolph
582,Estelle,Elliot
583,Lupe,Alejandro
584,Nan,Chad
585,Willa,Stan
586,Elva,Hollis
587,Eula,Dirk
588,Helena,Morgan
589,Robert,Winfred
590,Kelly,Duncan
591,Madelyn,Merrill
592,Malinda,Monroe
593,Ingrid,Benito
594,Gaye,Domingo
595,Lorie,Ignacio
596,Nanci,Ricki
597,Cinda,Rusty
598,Jodi,Bryce
599,Sherrill,Mary
600,Aileen,Maynard
601,Elisabeth,Coy
602,Geralyn,Delmar
603,Nettie,Lonny
604,Alexis,Ryan
605,Debbra,Bennett
606,Avis,Solomon
607,Delilah,Emilio
608,Francis,Jeremiah
609,Ollie,Millard
610,Kristie,Rolando
611,Kitty,Carson
612,Vikki,Ollie
613,Eve,Booker
614,Marilee,Connie
615,Melva,Scotty
616,Valorie,Basil
617,Addie,Ed
618,Elsa,Charley
619,Jannie,Cameron
620,Randy,Reggie
621,Ivy,Denver
622,Alfreda,Johnie
623,Iva,Armand
624,Josie,Doug
625,Sybil,Jackson
626,Tommie,Sergio
627,Patrica,Bernie
628,Barbra,Lindsay
629,Janell,Shelton
630,Queen,Sonny
631,Vickey,Burt
632,Corrine,Davis
633,Earline,Lenard
634,Margery,Patricia
635,Mabel,Pierre
636,Pearlie,Clair
637,Robbin,Eli
638,Twila,Guillermo
639,Cecile,Stevan
640,Doretha,Kenton
641,Minerva,Kimberly
642,Leola,Arlen
643,Opal,Santos
644,Lea,Carmine
645,Pattie,Emery
646,Greta,Mervin
647,Jacklyn,Santiago
648,Joe,Shelby
649,Kimberley,Hans
650,Dorene,Ivory
651,Karol,Jean
652,Caryn,Scot
653,Graciela,Clement
654,Millie,Dee
655,Rebekah,Royal
656,Tracey,Saul
657,Bobbi,Felton
658,Dorthy,Hiram
659,Jewell,Major
660,Madonna,Randel
661,Mavis,Brooks
662,Aurora,Butch
663,Loraine,Jonathon
664,Shauna,Stacy
665,Beulah,Wilford
666,Danielle,Freeman
667,Deirdre,Linda
668,Kathrine,Stanford
669,Stacy,Anderson
670,Deana,Brandon
671,Ester,Efrain
672,Lizzie,Gustavo
673,Donita,Hershel
674,Cheryle,Irwin
675,Dian,Quentin
676,Marlys,Silas
677,Ronnie,Brady
678,Terese,Forest
679,Tammy,Isaiah
680,Annmarie,Ike
681,Juana,Laverne
682,Leila,Everette
683,Peggie,Lemuel
684,Roxanna,Myles
685,Cornelia,Rod
686,Marylou,Anton
687,Freida,Buford
688,Eddie,Clint
689,Janna,Earle
690,Karon,Glynn
691,Krista,Marcel
692,Maryjo,Matt
693,Roseanne,Cleo
694,Shawn,Errol
695,Stacey,Herschel
696,Valeria,Dickie
697,Charleen,Douglass
698,Jodie,Kip
699,Lottie,Leigh
700,May,Lavern
701,Sherryl,Gerardo
702,Katheryn,Houston
703,Leta,Jed
704,Ola,Jules
705,Abigail,Nicolas
706,Geri,Rand
707,Mickey,Emerson
708,Carleen,Jeremy
709,Elissa,Kurtis
710,Esperanza,Odis
711,Aleta,Tyler
712,Letha,Xavier
713,John,Zane
714,Louisa,Bud
715,Angelia,Fletcher
716,Renae,Theron
717,Deena,Augustine
718,Alana,Emmitt
719,Alyce,Isiah
720,Mercedes,Judson
721,Ophelia,Lawerence
722,Retha,Marco
723,Kris,Stanton
724,Cathey,Alden
725,Celestine,Curtiss
726,Dottie,Artis
727,Effie,Dalton
728,Mariann,Gearld
729,Megan,Humberto
730,Elnora,Jordan
731,Maribeth,Augustus
732,Marina,Mckinley
733,Freddie,Otha
734,Hannah,Woody
735,Rachelle,Domenic
736,Karyn,Gayle
737,Kyle,Wilmer
738,Luz,Benedict
739,Rowena,Carlo
740,Sydney,Marcos
741,Fran,Mel
742,Rosario,Olin
743,Raquel,Rolland
744,Rosanna,Avery
745,Tara,Cliff
746,Venita,Gil
747,David,Graham
748,Frieda,Elroy
749,Carmela,Burl
750,Libby,Del
751,Portia,Fritz
752,Dollie,Tod
753,Laureen,Vicente
754,Lauri,Issac
755,Vonda,Olen
756,Darleen,Shannon
757,Susanna,Trent
758,Consuelo,Bruno
759,Juliana,Mac
760,Alexandra,Nickolas
761,Alta,Taylor
762,Angeline,Lincoln
763,Carmella,Raleigh
764,Cindi,Rayford
765,Madeleine,Gaylord
766,Rachael,Normand
767,Virgie,Toney
768,Bonny,Audie
769,Josefina,Eloy
770,Ronna,Napoleon
771,Vernell,Regis
772,Deanne,Wilfredo
773,Hollis,Wilton
774,Lorelei,Bertram
775,Reta,Cyril
776,Maura,Dell
777,Jerrie,Marlon
778,Lizabeth,Rob
779,Charles,Sherwood
780,Concetta,Adolfo
781,Ofelia,Dwaine
782,Ila,Fidel
783,Nannette,Lorin
784,Nell,Lucius
785,Pamella,Verne
786,Tricia,Alfonzo
787,Bobby,Arden
788,Carlotta,Berry
789,Delphine,Carnell
790,Lucretia,Deborah
791,Margot,Haywood
792,Maryjane,Leonardo
793,Reva,Milford
794,Cleo,Milo
795,Charla,Ritchie
796,Clarissa,Mason
797,Richard,Raphael
798,Brooke,Carol
799,Georgianna,Coleman
800,Oralia,Corey
801,Marleen,Cruz
802,Meryl,Donovan
803,Nedra,Lupe
804,Silvia,Robby
805,William,Agustin
806,Lily,Arnulfo
807,Lonnie,Boyce
808,Lorena,Buster
809,Adela,Hoyt
810,Aida,Jacques
811,Catharine,Jere
812,Elma,Wilburn
813,Jann,Brendan
814,Romona,Hayward
815,Sophia,Johnathan
816,Cathrine,Kelley
817,Jacquline,Len
818,Melodie,Noe
819,Nancie,Delmer
820,Christi,Dewitt
821,Deidre,Lacy
822,Dorinda,Randle
823,Justine,Sydney
824,Lilly,Alphonse
825,Martina,Derrell
826,Carolina,Ezra
827,Rhea,Harmon
828,Herlinda,Huey
829,Judi,Lynwood
830,Lona,Courtney
831,Velda,Gaylon
832,Lelia,Vince
833,Margret,Alvis
834,Wilda,Artie
835,Georgina,Darold
836,Merle,Davey
837,Camilla,Donell
838,Evangeline,Kit
839,Magdalena,Alford
840,Mimi,Arlie
841,Rosita,Foster
842,Sharen,Gonzalo
843,Corine,Hilton
844,Gerri,Pasquale
845,Jacque,Robbin
846,Kendra,Shaun
847,Lauretta,Barbara
848,Odessa,Cyrus
849,Bethany,Federico
850,Danna,Hugo
851,Deann,Wally
852,Leanna,Brant
853,Nicole,Cesar
854,Sanjuanita,Jarvis
855,Shirlene,Lenny
856,Trina,Prince
857,Angelita,Susan
858,Elyse,Truman
859,Glinda,Elmo
860,Marybeth,Lesley
861,Bennie,Omar
862,Caryl,Cleve
863,Daryl,Emile
864,Gerry,Garfield
865,Jenifer,Gregorio
866,Selma,Layne
867,Kate,Raymon
868,Lourdes,Emmanuel
869,Tana,Esteban
870,Theodora,Lyman
871,Callie,Maxie
872,Louella,Reynold
873,Matilda,Shirley
874,Elida,Stacey
875,Elouise,Theadore
876,Erlinda,Wardell
877,Goldie,Warner
878,Joette,Arlin
879,Letitia,Bryon
880,Petra,Kraig
881,Teressa,Levon
882,Treva,Meredith
883,Hilary,Winford
884,Kathaleen,Ferdinand
885,Lindy,Lyndon
886,Annetta,Maxwell
887,Corliss,Noble
888,Donnie,Alva
889,Erica,Delton
890,Imogene,Farrell
891,Janeen,Gerold
892,Mara,Hardy
893,Georgene,Jonas
894,Lawanda,Lauren
895,Sharyn,Mose
896,Suzann,Adan
897,Delma,Bonnie
898,Kathlyn,Columbus
899,Francisca,Darell
900,Isabelle,Greggory
901,Joleen,Murphy
902,Karan,Wyatt
903,Lorri,Carleton
904,Arline,Claud
905,Joycelyn,Cory
906,Allyson,King
907,Carey,Skip
908,Christa,Chip
909,Doretta,Cletus
910,Linnea,Cody
911,Millicent,Dennie
912,Rona,Dorian
913,Veda,Erich
914,Zelda,Garold
915,Beryl,Kirt
916,Florine,Lorenza
917,Jerilyn,Patric
918,Marita,Rubin
919,Susann,Thad
920,Zelma,Dorsey
921,Danette,Erick
922,Kathyrn,Melton
923,Manuela,Rollin
924,Marci,Von
925,Suellen,Waymon
926,Tonia,Arvin
927,Cheryll,Elwin
928,Sophie,Evans
929,Starr,Jared
930,Susana,Valentine
931,George,Walton
932,Juliet,Aurelio
933,Winnie,Chauncey
934,Cassie,Duwayne
935,Dina,Jame
936,Evonne,Joaquin
937,Juliann,Lindell
938,Lavern,Stefan
939,Pennie,Art
940,Cara,Ezell
941,Clementine,Gaylen
942,Lessie,Josh
943,Nicki,Karen
944,Candyce,Lex
945,Carmelita,Logan
946,Elinor,Lucious
947,Twyla,Rolf
948,Aimee,Willam
949,Alisa,Abe
950,Deborrah,Carrol
951,Enola,Mariano
952,Gaynell,Merritt
953,Jaclyn,Oren
954,Amber,Parker
955,Carolann,Quincy
956,Eliza,Russ
957,Esmeralda,Sherwin
958,Janey,Vernell
959,Kari,Wyman
960,Laurene,Authur
961,Lesa,Ezekiel
962,Lolita,Randolf
963,Mickie,Rodrick
964,Nila,Walker
965,Noel,Windell
966,Thea,Ambrose
967,Thomas,Ashley
968,Belva,Bret
969,Francesca,Dayton
970,Ginny,Eldridge
971,Judie,Garey
972,Rosella,Loy
973,Roselyn,Quinton
974,Aletha,Rudolfo
975,Aline,Antony
976,Bernita,Arne
977,Carroll,Bartholomew
978,Larry,Bradly
979,Teena,Edison
980,Zoe,Edwardo
981,Lanette,Ellsworth
982,Lindsay,Faron
983,Marty,Franklyn
984,Phoebe,Genaro
985,Roxane,Lucien
986,Sharla,Margarito
987,Winona,Reyes
988,Estela,Richie
989,Evon,Winfield
990,Jacquelin,Blaise
991,Juliette,Damian
992,Kimberlee,Duke
993,Zandra,Enrico
994,Cherrie,Kimball
995,Daria,Leander
996,Drema,Lonzo
997,Joanie,Newton
998,Joetta,Raymundo
999,Leslee,Alvaro
1000,Marianna,Antone
