Rank,Name
1,Michael
2,David
3,John
4,James
5,Robert
6,Mark
7,William
8,Richard
9,Thomas
10,Jeffrey
11,Scott
12,Steven
13,Joseph
14,Kevin
15,Charles
16,Timothy
17,Daniel
18,Kenneth
19,Paul
20,Brian
21,Gregory
22,Gary
23,Donald
24,Anthony
25,Ronald
26,Christopher
27,Douglas
28,Stephen
29,Edward
30,Todd
31,Larry
32,George
33,Eric
34,Terry
35,Randy
36,Keith
37,Dennis
38,Jerry
39,Mike
40,Patrick
41,Bruce
42,Frank
43,Peter
44,Jeff
45,Jeffery
46,Steve
47,Roger
48,Raymond
49,Ricky
50,Andrew
51,Craig
52,Tony
53,Alan
54,Danny
55,Glenn
56,Matthew
57,Russell
58,Carl
59,Chris
60,Joe
61,Barry
62,Dale
63,Wayne
64,Randall
65,Gerald
66,Vincent
67,Troy
68,Phillip
69,Johnny
70,Lawrence
71,Tim
72,Billy
73,Curtis
74,Martin
75,Jimmy
76,Rodney
77,Greg
78,Bobby
79,Walter
80,Jay
81,Philip
82,Bryan
83,Darryl
84,Jon
85,Jim
86,Dean
87,Bradley
88,Samuel
89,Willie
90,Roy
91,Arthur
92,Henry
93,Allen
94,Jonathan
95,Harold
96,Victor
97,Ralph
98,Jack
99,Tom
100,Ronnie
101,Albert
102,Darrell
103,Jose
104,Micheal
105,Eddie
106,Stanley
107,Louis
108,Bill
109,Tommy
110,Rick
111,Tracy
112,Eugene
113,Joel
114,Howard
115,Lee
116,Frederick
117,Leonard
118,Marvin
119,Dwayne
120,Dan
121,Kurt
122,Marc
123,Don
124,Shawn
125,Fred
126,Kelly
127,Ernest
128,Mitchell
129,Glen
130,Norman
131,Jerome
132,Ray
133,Reginald
134,Harry
135,Duane
136,Kent
137,Melvin
138,Brent
139,Kirk
140,Benjamin
141,Brett
142,Karl
143,Calvin
144,Edwin
145,Dave
146,Theodore
147,Earl
148,Francis
149,Jesse
150,Clifford
151,Bob
152,Warren
153,Adam
154,Nicholas
155,Juan
156,Alfred
157,Carlos
158,Brad
159,Aaron
160,Lance
161,Bernard
162,Wesley
163,Clarence
164,Perry
165,Darren
166,Guy
167,Gregg
168,Kerry
169,Rickey
170,Doug
171,Sean
172,Dana
173,Gordon
174,Antonio
175,Stuart
176,Alvin
177,Kyle
178,Ron
179,Leroy
180,Ted
181,Ken
182,Vernon
183,Leslie
184,Gilbert
185,Marty
186,Tyrone
187,Andre
188,Derek
189,Kenny
190,Derrick
191,Herbert
192,Daryl
193,Lonnie
194,Manuel
195,Leon
196,Lloyd
197,Robin
198,Nathan
199,Franklin
200,Joey
201,Gene
202,Dwight
203,Maurice
204,Luis
205,Timmy
206,Andy
207,Ruben
208,Marcus
209,Floyd
210,Kelvin
211,Mario
212,Donnie
213,Jason
214,Neil
215,Lewis
216,Allan
217,Alex
218,Byron
219,Ricardo
220,Charlie
221,Alexander
222,Wade
223,Jackie
224,Arnold
225,Clyde
226,Ross
227,Rex
228,Chuck
229,Gerard
230,Lester
231,Milton
232,Leo
233,Wendell
234,Nathaniel
235,Jimmie
236,Sam
237,Roland
238,Ben
239,Jesus
240,Freddie
241,Neal
242,Johnnie
243,Randal
244,Roberto
245,Oscar
246,Herman
247,Garry
248,Terrence
249,Randolph
250,Clayton
251,Jessie
252,Roderick
253,Nelson
254,Hector
255,Clinton
256,Kim
257,Nick
258,Cecil
259,Miguel
260,Harvey
261,Matt
262,Clifton
263,Marshall
264,Lynn
265,Pat
266,Jamie
267,Fredrick
268,Raul
269,Carlton
270,Hugh
271,Clark
272,Francisco
273,Geoffrey
274,Bret
275,Cary
276,Sidney
277,Chester
278,Grant
279,Benny
280,Sammy
281,Terence
282,Terrance
283,Wallace
284,Rene
285,Angelo
286,Pedro
287,Ramon
288,Clay
289,Adrian
290,Robbie
291,Shane
292,Claude
293,Frankie
294,Edgar
295,Angel
296,Cedric
297,Rudy
298,Curt
299,Ivan
300,Jaime
301,Orlando
302,Everett
303,Travis
304,Christian
305,Dewayne
306,Lyle
307,Myron
308,Darrel
309,Bart
310,Fernando
311,Armando
312,Morris
313,Pete
314,Jorge
315,Loren
316,Darin
317,Phil
318,Salvatore
319,Stewart
320,Lorenzo
321,Jody
322,Vince
323,Mickey
324,Javier
325,Felix
326,Monte
327,Ed
328,Max
329,Gabriel
330,Teddy
331,Tod
332,Rafael
333,Rocky
334,Virgil
335,Blake
336,Alonzo
337,Scot
338,Bradford
339,Stephan
340,Alberto
341,Malcolm
342,Laurence
343,Rusty
344,Casey
345,Erik
346,Bennie
347,Kris
348,Justin
349,Rory
350,Shannon
351,Arturo
352,Ira
353,Earnest
354,Delbert
355,Evan
356,Cameron
357,Sherman
358,Marion
359,Monty
360,Damon
361,Rob
362,Preston
363,Isaac
364,Van
365,Alton
366,Julian
367,Otis
368,Alfredo
369,Jeffry
370,Eduardo
371,Jacob
372,Edmund
373,Sylvester
374,Chad
375,Jerald
376,Willard
377,Luther
378,Forrest
379,Dexter
380,Bryant
381,Cory
382,Corey
383,Drew
384,Sheldon
385,Blaine
386,Dominic
387,Elmer
388,Kendall
389,Vance
390,Julius
391,Doyle
392,Luke
393,Rod
394,Roosevelt
395,Lowell
396,Noel
397,Rickie
398,Stacy
399,Rodger
400,Rudolph
401,Boyd
402,Lionel
403,Stacey
404,Darwin
405,Ryan
406,Archie
407,Ernie
408,Shaun
409,Leland
410,Miles
411,Spencer
412,Scotty
413,Enrique
414,Stevie
415,Willis
416,Trent
417,Clint
418,Ernesto
419,Tommie
420,Robby
421,Bert
422,Toby
423,Ty
424,Dallas
425,Darnell
426,Mitch
427,Alfonso
428,Colin
429,Owen
430,Wilbert
431,Horace
432,Grady
433,Al
434,Zachary
435,Buddy
436,Joshua
437,Julio
438,Gerry
439,Denis
440,Ervin
441,Mathew
442,Carey
443,Ronny
444,Alphonso
445,Rodolfo
446,Seth
447,Bryon
448,Dirk
449,Oliver
450,Marco
451,Hubert
452,Wilbur
453,Homer
454,Stan
455,Dino
456,Blair
457,Tracey
458,Darrin
459,Russ
460,Gilberto
461,Donny
462,Dominick
463,Freddy
464,Mack
465,Jess
466,Jan
467,Royce
468,Marlon
469,Sterling
470,Salvador
471,Wilson
472,Randell
473,Sergio
474,Ian
475,Dane
476,Dewey
477,Abraham
478,Pablo
479,Ellis
480,Kirby
481,Rufus
482,Lane
483,Lamont
484,Rolando
485,Cornelius
486,Dion
487,Louie
488,Donnell
489,Ward
490,Irvin
491,Elliott
492,Lamar
493,Denny
494,Abel
495,Aubrey
496,Joesph
497,Rich
498,Garland
499,Gerardo
500,Morgan
501,Vaughn
502,Conrad
503,Percy
504,Garrett
505,Reynaldo
506,Alejandro
507,Sammie
508,Cornell
509,Reggie
510,Brendan
511,Guadalupe
512,Moses
513,Emmett
514,Harlan
515,Emanuel
516,Felipe
517,Carroll
518,Edmond
519,Ismael
520,Wilfred
521,Sandy
522,Tyler
523,Johnathan
524,Amos
525,Andres
526,Cliff
527,Israel
528,Hal
529,Kip
530,Kurtis
531,Elbert
532,Terrell
533,Tomas
534,Marlin
535,Ramiro
536,Norris
537,Kennith
538,Jonathon
539,Daren
540,Barton
541,Bennett
542,Elton
543,Galen
544,Jefferson
545,Reuben
546,Hans
547,Barney
548,Thaddeus
549,Bryce
550,Simon
551,Bernie
552,Kraig
553,Danial
554,Murray
555,Mitchel
556,Will
557,Woodrow
558,Michel
559,Austin
560,Russel
561,Cleveland
562,Nicky
563,Reed
564,Erick
565,Ned
566,Brandon
567,Eddy
568,Lon
569,Demetrius
570,Roman
571,Avery
572,Billie
573,Devin
574,Rocco
575,Guillermo
576,Marcos
577,Pierre
578,Garth
579,Jordan
580,Carmen
581,Rogelio
582,Merle
583,Elijah
584,Kirt
585,Stefan
586,Junior
587,Lenny
588,Winston
589,Elias
590,Scottie
591,Gustavo
592,Gus
593,Chip
594,Jeremy
595,Lorne
596,Elvis
597,Irving
598,Kermit
599,Harrison
600,Jed
601,Eldon
602,Linwood
603,Cesar
604,Levi
605,Santos
606,Damian
607,Richie
608,Lonny
609,Gino
610,Jasper
611,Vito
612,Wally
613,Grover
614,Mary
615,Sanford
616,Domingo
617,Erwin
618,Tad
619,Toney
620,Bobbie
621,Elliot
622,Wilfredo
623,Xavier
624,Chet
625,Burton
626,Gavin
627,Kenton
628,Timmie
629,Erich
630,Sebastian
631,Dwain
632,Dick
633,Emilio
634,Hank
635,Lyndon
636,Quintin
637,Zane
638,Emil
639,Jake
640,Keven
641,Theron
642,Loyd
643,Art
644,Emery
645,Elvin
646,Saul
647,Brady
648,Duncan
649,Lincoln
650,Nolan
651,Cody
652,Leonardo
653,Noah
654,Shelton
655,Efrain
656,Mikel
657,Anton
658,Eli
659,Frederic
660,Layne
661,Quentin
662,Harley
663,Lindsey
664,Ignacio
665,Kelley
666,Roscoe
667,Winfred
668,Jean
669,Dannie
670,Norbert
671,Stephon
672,Thurman
673,Carlo
674,Dudley
675,Ethan
676,Ulysses
677,Marcel
678,Antoine
679,Benito
680,Carter
681,Greggory
682,Wes
683,Reid
684,Emmanuel
685,Hiram
686,Jeremiah
687,Pernell
688,Vern
689,Brooks
690,Les
691,Sonny
692,Emory
693,Raynard
694,August
695,Lanny
696,Otto
697,Derick
698,Fabian
699,Hugo
700,Orville
701,Jefferey
702,Jerold
703,Quinton
704,Santiago
705,Thad
706,Timmothy
707,Coy
708,Solomon
709,Errol
710,Everette
711,Lindsay
712,Noe
713,Rodrick
714,Shelby
715,Britt
716,Gil
717,Myles
718,Ashley
719,Carmine
720,Nicolas
721,Edwardo
722,Humberto
723,Odell
724,Stanford
725,Davis
726,Randel
727,Riley
728,Wiley
729,Omar
730,Butch
731,Eloy
732,Micah
733,Burt
734,Charley
735,Darius
736,Del
737,Heriberto
738,Jerrold
739,Elwood
740,Graham
741,Kristopher
742,Von
743,Raphael
744,Jackson
745,Lisa
746,Ollie
747,Unknown
748,Vicente
749,Weldon
750,Mervin
751,Dante
752,Darron
753,Denver
754,Derwin
755,Donn
756,Donovan
757,Sal
758,Douglass
759,Josh
760,Val
761,Adolfo
762,Jacky
763,Armand
764,Courtney
765,Desmond
766,Ivory
767,Jacques
768,Rhett
769,Curtiss
770,Barrett
771,Hollis
772,Keenan
773,Millard
774,Andrea
775,Antony
776,Basil
777,Cris
778,Jude
779,Parrish
780,Ritchie
781,Fredric
782,Lars
783,Merlin
784,Adan
785,Gale
786,Isaiah
787,Jarvis
788,Joaquin
789,Lemuel
790,Len
791,Lenard
792,Bradly
793,Brock
794,Delmar
795,Dwaine
796,Garret
797,Pasquale
798,Domenic
799,Benedict
800,Forest
801,Johnie
802,Nickolas
803,Blane
804,Emerson
805,Lupe
806,Mason
807,Adolph
808,Augustine
809,Bruno
810,Cyrus
811,Kennth
812,Merrill
813,Robb
814,Brook
815,Carson
816,Esteban
817,Huey
818,Moises
819,Taylor
820,Clement
821,Dalton
822,Jamey
823,Lucas
824,Susan
825,Brant
826,Fritz
827,Judson
828,Kennedy
829,Linda
830,Darrick
831,Lesley
832,Audie
833,Cole
834,Dee
835,Deon
836,Fidel
837,Harris
838,Maynard
839,Berry
840,Glynn
841,Herschel
842,Anderson
843,Devon
844,Elroy
845,Warner
846,Faron
847,Kimberly
848,Patricia
849,Trevor
850,Cyril
851,Mel
852,Rayford
853,Robbin
854,Royal
855,Shayne
856,Booker
857,Carmelo
858,Reinaldo
859,Silas
860,Stanton
861,Barron
862,Chauncey
863,Eliot
864,Gregorio
865,Kory
866,Leif
867,Leigh
868,Monroe
869,Rock
870,Alexis
871,Barbara
872,Boris
873,Cruz
874,Duke
875,Hunter
876,Jared
877,Olin
878,Rogers
879,Alec
880,Artie
881,Bernardo
882,Coleman
883,Federico
884,Karen
885,Maury
886,Raymundo
887,Rubin
888,Whitney
889,Carol
890,Freeman
891,Vic
892,Bud
893,Felton
894,Jame
895,Raleigh
896,Christophe
897,Fletcher
898,Isiah
899,Napoleon
900,Woody
901,Wyatt
902,Brien
903,Derrell
904,Donna
905,Dusty
906,Hershel
907,Alvaro
908,Benton
909,Davey
910,Dorian
911,Dwane
912,Arlen
913,Artis
914,Cordell
915,Donell
916,Rolf
917,Aldo
918,Andra
919,Darry
920,Gaylon
921,Leander
922,Lorin
923,Mac
924,Wilton
925,Baron
926,Bentley
927,Kerwin
928,Major
929,Skip
930,Wilford
931,Buford
932,Carnell
933,Edgardo
934,Hilton
935,Lavern
936,Montgomery
937,Otha
938,Quincy
939,Brenda
940,Drake
941,Gail
942,Geoff
943,Isidro
944,Quinn
945,Romeo
946,Alfonzo
947,Aron
948,Daron
949,Lennie
950,Lyman
951,Roel
952,Sandra
953,Tammy
954,Titus
955,Wardell
956,Bertram
957,Brice
958,Clair
959,Darold
960,Dell
961,Dickie
962,Duwayne
963,Emile
964,Haywood
965,Kevan
966,Prince
967,Rand
968,Daryle
969,Dewitt
970,Jonas
971,Wilburn
972,Wilmer
973,Broderick
974,Earle
975,Emmitt
976,Hoyt
977,Jayson
978,Jere
979,Laverne
980,Maxie
981,Mckinley
982,Walt
983,Waymon
984,Alden
985,Arlie
986,Blaise
987,Darryle
988,Delton
989,Enoch
990,Gonzalo
991,Logan
992,Michale
993,Rodrigo
994,Tyron
995,Agustin
996,Dwyane
997,Eliseo
998,King
999,Landon
1000,Nestor
