Rank,Name
1,Lisa
2,Mary
3,Susan
4,Karen
5,Linda
6,Patricia
7,Donna
8,Cynthia
9,Deborah
10,Sandra
11,Lori
12,Brenda
13,Pamela
14,Barbara
15,Debra
16,Kimberly
17,Sharon
18,Teresa
19,Nancy
20,Elizabeth
21,Laura
22,Julie
23,Tammy
24,Cheryl
25,Robin
26,Diane
27,Kathy
28,Carol
29,Kathleen
30,Denise
31,Michelle
32,Debbie
33,Tina
34,Cindy
35,Janet
36,Angela
37,Kim
38,Kelly
39,Christine
40,Theresa
41,Jennifer
42,Laurie
43,Margaret
44,Jacqueline
45,Rhonda
46,Carolyn
47,Rebecca
48,Sherry
49,Maria
50,Dawn
51,Connie
52,Sheila
53,Catherine
54,Terri
55,Tracy
56,Ann
57,Diana
58,Janice
59,Michele
60,Paula
61,Amy
62,Cathy
63,Judy
64,Wendy
65,Suzanne
66,Beth
67,Valerie
68,Melissa
69,Beverly
70,Stephanie
71,Lynn
72,Jill
73,Jane
74,Joyce
75,Annette
76,Renee
77,Wanda
78,Carla
79,Bonnie
80,Leslie
81,Anita
82,Sherri
83,Katherine
84,Anne
85,Vicki
86,Judith
87,Martha
88,Kathryn
89,Darlene
90,Gloria
91,Regina
92,Penny
93,Peggy
94,Jean
95,Joan
96,Shirley
97,Betty
98,Sarah
99,Andrea
100,Anna
101,Gina
102,Colleen
103,Gail
104,Ruth
105,Virginia
106,Melanie
107,Vickie
108,Maureen
109,Ellen
110,Rita
111,Dorothy
112,Terry
113,Marie
114,Joanne
115,Monica
116,Rose
117,Dana
118,Melinda
119,Tamara
120,Julia
121,Victoria
122,Becky
123,Tracey
124,Christina
125,Elaine
126,Jackie
127,Marilyn
128,Helen
129,Phyllis
130,Shelly
131,Sylvia
132,Yvonne
133,Alice
134,Sheryl
135,Sue
136,Sally
137,Joann
138,Deanna
139,Eileen
140,Sandy
141,Carrie
142,Jeanne
143,Frances
144,Veronica
145,Sheri
146,Shari
147,Lorraine
148,Holly
149,Belinda
150,Pam
151,Toni
152,Jamie
153,Evelyn
154,Charlotte
155,Norma
156,Heidi
157,Jeanette
158,Charlene
159,Roberta
160,Loretta
161,Gwendolyn
162,Shelley
163,Sara
164,Lynne
165,Glenda
166,Yolanda
167,Jo
168,Joy
169,Marcia
170,Carmen
171,Doris
172,Patty
173,Shelia
174,Tonya
175,Vanessa
176,Stacy
177,Tami
178,Stacey
179,Tammie
180,Crystal
181,Teri
182,Marsha
183,Dianne
184,Vicky
185,Melody
186,Caroline
187,Alicia
188,Audrey
189,Patti
190,Darla
191,Natalie
192,Karla
193,Juanita
194,Rachel
195,Rosemary
196,Yvette
197,Kay
198,Jodi
199,April
200,Tanya
201,Lois
202,Jody
203,Jan
204,Lynda
205,Irene
206,Doreen
207,Vivian
208,Sonya
209,Robyn
210,Constance
211,Rosa
212,Felicia
213,Ronda
214,Marlene
215,Cassandra
216,Sherrie
217,Chris
218,Ramona
219,Roxanne
220,Eva
221,Marianne
222,June
223,Dianna
224,Kimberley
225,Alison
226,Lydia
227,Bridget
228,Louise
229,Cheri
230,Jenny
231,Shannon
232,Carole
233,Lee
234,Marjorie
235,Lora
236,Margie
237,Arlene
238,Grace
239,Kristine
240,Kelli
241,Allison
242,Jana
243,Kelley
244,Lillian
245,Annie
246,Janine
247,Heather
248,Nina
249,Dolores
250,Gayle
251,Lorie
252,Esther
253,Jacquelyn
254,Marla
255,Angie
256,Kristi
257,Priscilla
258,Lynette
259,Maryann
260,Geraldine
261,Ginger
262,Traci
263,Ruby
264,Bernadette
265,Debora
266,Daphne
267,Lauren
268,Joni
269,Josephine
270,Tara
271,Katrina
272,Kerry
273,Emily
274,Nora
275,Christy
276,Erin
277,Cecilia
278,Delores
279,Lorrie
280,Dina
281,Sonia
282,Kellie
283,Edith
284,Terrie
285,Therese
286,Betsy
287,Susie
288,Lucy
289,Gretchen
290,Claudia
291,Antoinette
292,Miriam
293,Rochelle
294,Edna
295,Leah
296,Mona
297,Mildred
298,Kari
299,Janie
300,Amanda
301,Nadine
302,Rosemarie
303,Tracie
304,Pauline
305,Bonita
306,Rene
307,Jeannette
308,Georgia
309,Dena
310,Shawn
311,Marian
312,Myra
313,Patsy
314,Leigh
315,Sabrina
316,Jayne
317,Kristin
318,Bobbie
319,Jessica
320,Gwen
321,Sonja
322,Cathleen
323,Dora
324,Cherie
325,Joanna
326,Karin
327,Molly
328,Claire
329,Candace
330,Celeste
331,Clara
332,Emma
333,Leticia
334,Patrice
335,Lana
336,Francine
337,Adrienne
338,Marion
339,Irma
340,Lesa
341,Eleanor
342,Bernice
343,Kristen
344,Jeannie
345,Thelma
346,Candy
347,Deirdre
348,Paulette
349,Beatrice
350,Vera
351,Faith
352,Bertha
353,Trina
354,Lucinda
355,Trudy
356,Gladys
357,Alma
358,Laurel
359,Leanne
360,Jennie
361,Ana
362,Lauri
363,Marcella
364,Alisa
365,Iris
366,Ida
367,Naomi
368,Billie
369,Jeanine
370,Marcy
371,Monique
372,Rosalind
373,Ella
374,Sondra
375,Kristina
376,Jeri
377,Angelia
378,Danielle
379,Stella
380,Susanne
381,Dee
382,Rosie
383,Deanne
384,Tammi
385,Florence
386,Corinne
387,Suzette
388,Janis
389,Kris
390,Noreen
391,Janette
392,Jodie
393,Jolene
394,Mindy
395,Nanette
396,Wilma
397,Ethel
398,Madeline
399,Leann
400,Rena
401,Jeannine
402,Maxine
403,Desiree
404,Ladonna
405,Tamera
406,Polly
407,Katie
408,Nicole
409,Deana
410,Kerri
411,Luann
412,Lorna
413,Kristy
414,Lorri
415,Faye
416,Celia
417,Elisa
418,Paige
419,Olga
420,Deidre
421,Margarita
422,Lena
423,Lucille
424,Cecelia
425,Christie
426,Liz
427,Della
428,Robbin
429,Kara
430,Valarie
431,Jerri
432,Camille
433,Darcy
434,Debby
435,Hope
436,Amelia
437,Lillie
438,Sophia
439,Pat
440,Kimberlee
441,Colette
442,Marybeth
443,Rosalie
444,Willie
445,Margo
446,Velma
447,Marguerite
448,Lynnette
449,Kathi
450,Tamra
451,Janelle
452,Mitzi
453,Angel
454,Benita
455,Cara
456,Erica
457,Bridgette
458,Danette
459,Krista
460,Annmarie
461,Gay
462,Hazel
463,Jessie
464,Deann
465,Olivia
466,Hilda
467,Deena
468,Ingrid
469,Elena
470,Guadalupe
471,Lea
472,Leona
473,Stacie
474,Karyn
475,Delia
476,Christi
477,Tonia
478,Cora
479,Laverne
480,Verna
481,Julianne
482,Elisabeth
483,Ernestine
484,Felecia
485,Robbie
486,Gena
487,Lou
488,Daisy
489,Lenora
490,Isabel
491,Megan
492,Harriet
493,Alesia
494,Marta
495,Maryellen
496,Coleen
497,Dale
498,Amber
499,Judi
500,Randi
501,Geneva
502,Gayla
503,Elise
504,Marcie
505,Shelby
506,Renae
507,Kendra
508,Maura
509,Eugenia
510,Pearl
511,Tamela
512,Dixie
513,Bobbi
514,Leeann
515,Roseann
516,Rachelle
517,Jeanie
518,Malinda
519,Johanna
520,Michael
521,Agnes
522,Barb
523,Edwina
524,Mari
525,Helene
526,Shellie
527,Tena
528,Freda
529,Rosanne
530,Saundra
531,Lola
532,Rae
533,Kathie
534,Myrna
535,Claudette
536,Bessie
537,Cindi
538,Sandi
539,Gale
540,Lourdes
541,Marci
542,Luanne
543,Jacquline
544,Ada
545,Kristie
546,Johnnie
547,Mattie
548,Viola
549,Clare
550,Deloris
551,Leisa
552,Denice
553,Allyson
554,Eve
555,Dorothea
556,Elsie
557,Jenifer
558,Justine
559,Tricia
560,Lorena
561,Jami
562,Kirsten
563,Eunice
564,Lesley
565,Sharron
566,Blanca
567,Janna
568,Maryanne
569,Patrica
570,Glenna
571,Lolita
572,Laureen
573,Shawna
574,Angelina
575,Misty
576,Violet
577,Charmaine
578,David
579,Katharine
580,Marina
581,Roslyn
582,Sallie
583,Caryn
584,Abby
585,Penelope
586,John
587,Maryjo
588,Luz
589,Rosalyn
590,Alberta
591,Janell
592,Arleen
593,Danita
594,Dona
595,Shelli
596,Caren
597,Lyn
598,Kaye
599,Marisa
600,Carlene
601,Genevieve
602,Elsa
603,Lorene
604,Greta
605,Bridgett
606,Frankie
607,Flora
608,Gigi
609,Minnie
610,Nita
611,Brigitte
612,Geri
613,Reba
614,Maggie
615,Nellie
616,Silvia
617,Diann
618,Abigail
619,Ava
620,Juli
621,James
622,Rosalinda
623,Keri
624,Meredith
625,Velvet
626,Deidra
627,Johnna
628,Lupe
629,Mae
630,Erika
631,Gracie
632,Juliana
633,Letitia
634,Renita
635,Carmela
636,Helena
637,Wendi
638,Roxann
639,Teressa
640,Bethany
641,Ilene
642,Pamala
643,Selina
644,Tonja
645,Nikki
646,Aileen
647,Libby
648,Teena
649,Juliet
650,Geralyn
651,Adele
652,Pattie
653,Selena
654,Suzan
655,Tana
656,Corrine
657,Antonia
658,Christa
659,Vickey
660,Roxanna
661,Alfreda
662,Hattie
663,Terese
664,Cari
665,Kitty
666,Loriann
667,Clarissa
668,Bernadine
669,Debi
670,Maribel
671,Melodie
672,Nannette
673,Josie
674,Maritza
675,Roxane
676,Shauna
677,Annemarie
678,Henrietta
679,Pennie
680,Georgette
681,Robert
682,Corina
683,Fay
684,Lucia
685,Missy
686,Suzy
687,Dorene
688,Twila
689,Lesia
690,Candice
691,Estella
692,Jocelyn
693,Lenore
694,Gabrielle
695,Avis
696,Tania
697,Valorie
698,Kate
699,Merry
700,Rosetta
701,Sharlene
702,Melisa
703,Simone
704,Alexandra
705,Erma
706,Rebekah
707,Sheree
708,Susanna
709,Cathryn
710,Dayna
711,Inez
712,Ruthie
713,Tamie
714,Antionette
715,Valeria
716,Mamie
717,Dinah
718,Lavonne
719,Marylou
720,Ivy
721,Starla
722,Danna
723,Gaye
724,Karol
725,Loraine
726,Raquel
727,Marnita
728,Etta
729,Ginny
730,Hilary
731,Liza
732,Madonna
733,Martina
734,Susana
735,Donita
736,Dori
737,Leanna
738,Lila
739,Deedee
740,Dorinda
741,Karrie
742,Ursula
743,Valencia
744,Graciela
745,Jewel
746,Vikki
747,Mariann
748,Charla
749,Cornelia
750,Gerri
751,Staci
752,Whitney
753,Jeanna
754,Lawanda
755,Leila
756,Trena
757,Cristina
758,Katy
759,Melba
760,Tresa
761,Chandra
762,Magdalena
763,Nelda
764,Bambi
765,Elvira
766,Meg
767,Carey
768,Edie
769,Eloise
770,Vonda
771,Kathrine
772,Migdalia
773,Rhoda
774,Sherie
775,Sybil
776,Dawna
777,Mandy
778,Mercedes
779,Rachael
780,Ivette
781,Francis
782,Maribeth
783,Zelda
784,Suzie
785,Tiffany
786,Treva
787,William
788,Dedra
789,Marietta
790,Annamarie
791,Aurora
792,Elva
793,Kandy
794,Louann
795,Marva
796,Sharla
797,Carolina
798,Letha
799,Roseanne
800,Winifred
801,Debbi
802,Fannie
803,Latonya
804,Latanya
805,Serena
806,Bettina
807,Georgina
808,Lucretia
809,Lula
810,Mara
811,Rosario
812,Venus
813,Kayla
814,Lela
815,Stefanie
816,Aida
817,Aimee
818,Fran
819,Milagros
820,Cherry
821,Muriel
822,Babette
823,Dolly
824,Esmeralda
825,Carleen
826,Fonda
827,Jerry
828,Althea
829,Cathie
830,Karon
831,Mimi
832,Athena
833,Cheryle
834,Joellen
835,Lorinda
836,Mavis
837,Darleen
838,Minerva
839,Rosanna
840,Cyndi
841,Maryjane
842,Alana
843,Blanche
844,Collette
845,Jerilyn
846,Sherryl
847,Carmel
848,Janeen
849,Jeana
850,Alexis
851,Bonny
852,Margot
853,Millie
854,Barbie
855,Gertrude
856,Jacque
857,Juliann
858,Noemi
859,Cherri
860,Courtney
861,Dara
862,Kerrie
863,Adriana
864,Debrah
865,Jacquelin
866,Tori
867,Angelica
868,Nola
869,Penni
870,Doretha
871,Adrian
872,Ina
873,Myrtle
874,Annetta
875,Louisa
876,Machelle
877,Merri
878,Tia
879,Earlene
880,Lilly
881,Lisha
882,Melonie
883,Romona
884,Rowena
885,Roxie
886,Suzanna
887,Hannah
888,Lindy
889,Twyla
890,Camilla
891,Clarice
892,Daria
893,Esperanza
894,Ester
895,Joanie
896,Juana
897,Richard
898,Jacki
899,Kyle
900,Reva
901,Sherrill
902,Dottie
903,Venita
904,Debbra
905,Delphine
906,Josefina
907,Marisol
908,Portia
909,Rona
910,Sabra
911,Carmella
912,Cassie
913,Willa
914,Cathi
915,Corinna
916,Evangeline
917,Joleen
918,Alecia
919,Krystal
920,Leesa
921,Nona
922,Adrianne
923,Brooke
924,Renea
925,Beverley
926,Cathrine
927,Randy
928,Risa
929,Scarlett
930,Aretha
931,Francesca
932,Mable
933,Gwyn
934,Harriett
935,Mark
936,Thea
937,Barbra
938,Celestine
939,Deeann
940,Kandi
941,Marilee
942,Marti
943,Rosita
944,Shiela
945,Cherrie
946,Evette
947,Jewell
948,Mabel
949,Shanna
950,Lanette
951,Retha
952,Angelita
953,Candi
954,Cecile
955,Nan
956,Ronna
957,Jerrie
958,Lise
959,Melva
960,Aleta
961,Jaime
962,Juliette
963,Marty
964,Sadie
965,Consuelo
966,Darci
967,Katheryn
968,Madelyn
969,Monika
970,Nanci
971,Angelique
972,Charles
973,Earnestine
974,Janel
975,Lily
976,Moira
977,Tommie
978,Adriene
979,Bettie
980,Jannette
981,Jonna
982,Kenneth
983,May
984,Ora
985,Shirlene
986,Alyson
987,Beatriz
988,Charisse
989,Dawne
990,Leisha
991,Nettie
992,Bette
993,Glynis
994,Leilani
995,Loria
996,Ruthann
997,Zina
998,Catharine
999,Lizabeth
1000,Petra
