Rank,Girl Name,Boy Name
1,Mary,Michael
2,Susan,David
3,Linda,James
4,Karen,Robert
5,Patricia,John
6,Debra,William
7,Deborah,Mark
8,Cynthia,Richard
9,Barbara,Thomas
10,Donna,Steven
11,Pamela,Charles
12,Nancy,Joseph
13,Cheryl,Timothy
14,Kathy,Kenneth
15,Sandra,Paul
16,Brenda,Daniel
17,Sharon,Gary
18,Diane,Donald
19,Lisa,Ronald
20,Carol,Kevin
21,Kathleen,Jeffrey
22,Elizabeth,Larry
23,Julie,Gregory
24,Debbie,Brian
25,Cindy,Scott
26,Teresa,Stephen
27,Denise,Anthony
28,Janet,Edward
29,Laura,Dennis
30,Lori,Douglas
31,Margaret,George
32,Robin,Randy
33,Theresa,Terry
34,Cathy,Ricky
35,Janice,Jerry
36,Judy,Bruce
37,Carolyn,Keith
38,Catherine,Frank
39,Kimberly,Christopher
40,Kim,Mike
41,Rebecca,Peter
42,Peggy,Patrick
43,Christine,Raymond
44,Tammy,Steve
45,Diana,Danny
46,Joyce,Dale
47,Ann,Roger
48,Rhonda,Wayne
49,Darlene,Alan
50,Connie,Eric
51,Terri,Carl
52,Shirley,Lawrence
53,Paula,Craig
54,Betty,Russell
55,Beverly,Andrew
56,Michelle,Joe
57,Vicki,Tony
58,Kathryn,Gerald
59,Sheila,Jeffery
60,Lynn,Matthew
61,Jane,Johnny
62,Judith,Randall
63,Bonnie,Walter
64,Valerie,Billy
65,Maria,Rodney
66,Wanda,Ronnie
67,Sherry,Philip
68,Joan,Jeff
69,Martha,Bobby
70,Laurie,Willie
71,Tina,Martin
72,Gail,Arthur
73,Jean,Jimmy
74,Katherine,Tim
75,Vickie,Roy
76,Annette,Rick
77,Gloria,Glenn
78,Rose,Ralph
79,Leslie,Barry
80,Joanne,Jack
81,Jennifer,Phillip
82,Anita,Curtis
83,Angela,Henry
84,Dawn,Harold
85,Virginia,Samuel
86,Dorothy,Jay
87,Anne,Jim
88,Rita,Stanley
89,Terry,Albert
90,Ruth,Darrell
91,Jo,Micheal
92,Michele,Allen
93,Ellen,Chris
94,Phyllis,Louis
95,Beth,Tom
96,Marilyn,Howard
97,Amy,Dean
98,Jill,Vincent
99,Jacqueline,Bill
100,Helen,Eddie
101,Elaine,Bryan
102,Sue,Leonard
103,Anna,Eugene
104,Suzanne,Tommy
105,Renee,Greg
106,Marie,Rickey
107,Wendy,Victor
108,Kelly,Bradley
109,Victoria,Dan
110,Maureen,Frederick
111,Becky,Harry
112,Sally,Don
113,Stephanie,Fred
114,Sylvia,Lee
115,Alice,Ernest
116,Colleen,Todd
117,Sarah,Jon
118,Frances,Jose
119,Julia,Marvin
120,Regina,Joel
121,Sheryl,Ray
122,Joann,Melvin
123,Jeanne,Calvin
124,Penny,Jonathan
125,Eileen,Norman
126,Carla,Dave
127,Tamara,Mitchell
128,Marcia,Clifford
129,Yvonne,Jerome
130,Melissa,Earl
131,Doris,Glen
132,Loretta,Perry
133,Roberta,Alfred
134,Evelyn,Kurt
135,Andrea,Francis
136,Lorraine,Duane
137,Patti,Edwin
138,Charlene,Clarence
139,Pam,Bob
140,Charlotte,Theodore
141,Glenda,Reginald
142,Melinda,Jesse
143,Dianne,Kent
144,Belinda,Bernard
145,Gina,Marc
146,Patty,Karl
147,Joy,Kirk
148,Vanessa,Kelly
149,Norma,Warren
150,Vicky,Brad
151,Gwendolyn,Benjamin
152,Jackie,Gordon
153,Jan,Nicholas
154,Lois,Alvin
155,Carrie,Brett
156,Sandy,Guy
157,Melanie,Herbert
158,Marsha,Leroy
159,Sherri,Brent
160,Monica,Wesley
161,Doreen,Leslie
162,Dana,Juan
163,Toni,Leon
164,Audrey,Vernon
165,Christina,Carlos
166,Yolanda,Lloyd
167,Debora,Darryl
168,Holly,Gene
169,Kay,Gilbert
170,Jody,Daryl
171,Rosemary,Lonnie
172,Vivian,Garry
173,Veronica,Ted
174,Juanita,Neil
175,Irene,Ron
176,Lynne,Dwight
177,Carmen,Lewis
178,Tracy,Manuel
179,Jeanette,Floyd
180,Shelia,Allan
181,Marianne,Donnie
182,Louise,Franklin
183,Constance,Clyde
184,Sara,Dana
185,Marlene,Tyrone
186,Gayle,Ken
187,Heidi,Bret
188,Teri,Jackie
189,Rosa,Randal
190,Tami,Gerard
191,June,Gregg
192,Arlene,Lester
193,Eva,Robin
194,Lynda,Kerry
195,Melody,Charlie
196,Annie,Leo
197,Shelley,Kenny
198,Dianna,Marty
199,Grace,Aaron
200,Lee,Dwayne
201,Rachel,Doug
202,Ruby,Ruben
203,Sheri,Stuart
204,Delores,Milton
205,Roxanne,Kim
206,Claudia,Jimmie
207,Lydia,Antonio
208,Geraldine,Maurice
209,Ramona,Ricardo
210,Dolores,Johnnie
211,Patrice,Freddie
212,Carole,Tracy
213,Bernadette,Rex
214,Karla,Nathan
215,Patsy,Luis
216,Marjorie,Herman
217,Joni,Terrence
218,Lillian,Byron
219,Priscilla,Mario
220,Deanna,Wendell
221,Shelly,Alexander
222,Susie,Randolph
223,Darla,Shawn
224,April,Harvey
225,Lauren,Sam
226,Chris,Timmy
227,Esther,Neal
228,Sherrie,Wade
229,Jayne,Arnold
230,Edith,Andy
231,Mildred,Lance
232,Jamie,Clayton
233,Tammie,Andre
234,Crystal,Nathaniel
235,Margie,Roland
236,Betsy,Clinton
237,Myra,Oscar
238,Natalie,Joey
239,Josephine,Chester
240,Jodi,Lynn
241,Lucy,Marshall
242,Tanya,Hugh
243,Maryann,Ross
244,Edna,Derrick
245,Janis,Alex
246,Janie,Jessie
247,Marla,Kyle
248,Pauline,Cecil
249,Cheri,Sean
250,Jenny,Clifton
251,Nina,Marcus
252,Robyn,Fredrick
253,Nora,Nelson
254,Emily,Claude
255,Cathleen,Roberto
256,Stacy,Terrance
257,Shari,Derek
258,Bobbie,Matt
259,Therese,Chuck
260,Erin,Carlton
261,Christy,Ben
262,Lynette,Benny
263,Georgia,Sammy
264,Jacquelyn,Jesus
265,Mona,Raul
266,Emma,Nick
267,Kristine,Pat
268,Paulette,Hector
269,Jeannie,Sidney
270,Marion,Wallace
271,Marian,Rickie
272,Gale,Mickey
273,Alicia,Rocky
274,Pat,Miguel
275,Stacey,Geoffrey
276,Clara,Lyle
277,Terrie,Kelvin
278,Nadine,Troy
279,Cecilia,Pete
280,Miriam,Frankie
281,Alison,Edgar
282,Caroline,Max
283,Allison,Rudy
284,Ronda,Clay
285,Tracey,Terence
286,Vera,Ramon
287,Laurel,Morris
288,Claire,Francisco
289,Irma,Roderick
290,Bertha,Virgil
291,Gladys,Bart
292,Ginger,Everett
293,Cassandra,Clark
294,Rosie,Jody
295,Rosemarie,Otis
296,Jana,Jamie
297,Luann,Bennie
298,Lucinda,Earnest
299,Gwen,Ed
300,Wilma,Loren
301,Bernice,Angelo
302,Jeannette,Darrel
303,Candy,Felix
304,Beatrice,Bradford
305,Billie,Ivan
306,Eleanor,Pedro
307,Dora,Ira
308,Rochelle,Malcolm
309,Sabrina,Sherman
310,Antoinette,Curt
311,Ethel,Armando
312,Faye,Jason
313,Jeri,Grant
314,Lou,Willard
315,Florence,Cary
316,Candace,Jaime
317,Thelma,Marion
318,Kristi,Myron
319,Francine,Sylvester
320,Ella,Phil
321,Sonia,Edmund
322,Trudy,Alton
323,Jennie,Delbert
324,Yvette,Teddy
325,Kathi,Scot
326,Shannon,Salvatore
327,Bonita,Jeffry
328,Lucille,Rene
329,Kerry,Elmer
330,Lora,Monte
331,Bridget,Laurence
332,Iris,Isaac
333,Debby,Stewart
334,Ida,Angel
335,Amanda,Fernando
336,Kimberley,Gerry
337,Faith,Luther
338,Celeste,Lorenzo
339,Alma,Rusty
340,Tonya,Tommie
341,Naomi,Jacob
342,Shawn,Rafael
343,Molly,Julius
344,Heather,Roosevelt
345,Adrienne,Hubert
346,Lorrie,Rudolph
347,Willie,Rory
348,Cherie,Jerald
349,Lorna,Preston
350,Gretchen,Clint
351,Maxine,Monty
352,Stella,Adam
353,Lillie,Archie
354,Katrina,Arturo
355,Lana,Dexter
356,Karin,Dewayne
357,Leah,Julian
358,Joanna,Leland
359,Della,Doyle
360,Hazel,Hal
361,Marcella,Rodger
362,Kelley,Alonzo
363,Nanette,Oliver
364,Jolene,Lowell
365,Susanne,Van
366,Leigh,Noel
367,Rene,Adrian
368,Cecelia,Ernie
369,Marguerite,Drew
370,Kathie,Alfredo
371,Lorie,Kris
372,Kristin,Horace
373,Felicia,Travis
374,Trina,Dominic
375,Mindy,Bert
376,Jessie,Christian
377,Madeline,Jan
378,Tamra,Jorge
379,Angie,Wilbert
380,Lesa,Darren
381,Rosalind,Darwin
382,Dale,Alberto
383,Hope,Willis
384,Margarita,Forrest
385,Kris,Sheldon
386,Sheree,Shane
387,Olivia,Denis
388,Katie,Cedric
389,Leticia,Robbie
390,Jerri,Stevie
391,Janette,Stan
392,Verna,Carey
393,Camille,Ronny
394,Rosalie,Kendall
395,Ana,Darnell
396,Polly,Al
397,Liz,Alfonso
398,Christie,Louie
399,Kelli,Stephan
400,Daisy,Orlando
401,Celia,Ervin
402,Jessica,Vance
403,Leona,Casey
404,Laverne,Homer
405,Sonja,Elvis
406,Hilda,Owen
407,Dee,Dallas
408,Dena,Blake
409,Noreen,Boyd
410,Lena,Mack
411,Harriet,Gabriel
412,Robbin,Lionel
413,Jodie,Aubrey
414,Kristy,Freddy
415,Debi,Ellis
416,Velma,Grady
417,Desiree,Bryant
418,Deloris,Wilbur
419,Colette,Buddy
420,Mattie,Mathew
421,Dixie,Rod
422,Geneva,Elbert
423,Rena,Rufus
424,Marcy,Marlon
425,Olga,Kirby
426,Gay,Erik
427,Amelia,Dominick
428,Cindi,Blaine
429,Valarie,Luke
430,Lenora,Javier
431,Helene,Royce
432,Kari,Dewey
433,Luanne,Evan
434,Corinne,Miles
435,Guadalupe,Cornelius
436,Leann,Conrad
437,Leanne,Ernesto
438,Margo,Wilson
439,Kellie,Rob
440,Robbie,Salvador
441,Tara,Dino
442,Jeanie,Eduardo
443,Freda,Seth
444,Sonya,Dirk
445,Janine,Enrique
446,Delia,Ryan
447,Rosanne,Sammie
448,Viola,Denny
449,Tamera,Randell
450,Lea,Rodolfo
451,Bessie,Justin
452,Denice,Garland
453,Jeannine,Julio
454,Barb,Russ
455,Jeanine,Toby
456,Elena,Bryon
457,Ernestine,Tod
458,Cora,Corey
459,Lola,Guadalupe
460,Lauri,Moses
461,Suzette,Dane
462,Agnes,Marlin
463,Alisa,Donny
464,Elsie,Spencer
465,Minnie,Amos
466,Mitzi,Carroll
467,Bobbi,Mitch
468,Candice,Duncan
469,Johnnie,Abraham
470,Myrna,Cory
471,Lynnette,Vince
472,Bernadine,Elton
473,Janelle,Colin
474,Katharine,Irvin
475,Coleen,Joesph
476,Marta,Percy
477,Claudette,Joshua
478,Daphne,Alphonso
479,Lorri,Unknown
480,Elise,Edmond
481,Sondra,Barney
482,Kristen,Terrell
483,Pearl,Cameron
484,Diann,Emmett
485,Penelope,Lamar
486,Elisa,Mitchel
487,Eunice,Cleveland
488,Violet,Murray
489,Shelby,Wilfred
490,Nellie,Jess
491,Roseann,Emanuel
492,Ava,Chad
493,Ladonna,Reed
494,Randi,Cliff
495,Mae,Ward
496,Christi,Galen
497,Gayla,Rocco
498,Ingrid,Sterling
499,Ada,Harlan
500,Geri,Abel
501,Malinda,Scotty
502,Reba,Stacy
503,Danette,Zachary
504,Alfreda,Dick
505,Tammi,Lamont
506,Flora,Merle
507,Julianne,Barton
508,Vickey,Israel
509,Isabel,Eddy
510,Nita,Lon
511,Suzan,Michel
512,Carlene,Reggie
513,Kitty,Damon
514,Frankie,Ned
515,Kimberlee,Dannie
516,Kristie,Norris
517,Alberta,Carmen
518,Kristina,Sandy
519,Laureen,Blair
520,Delphine,Reynaldo
521,Deana,Gilberto
522,Benita,Dion
523,Leisa,Donnell
524,Mari,Reuben
525,Rosalyn,Woodrow
526,Roslyn,Pablo
527,Maryellen,Ramiro
528,Clare,Sergio
529,Dinah,Vaughn
530,Ivy,Tomas
531,Kaye,Bernie
532,Maryanne,Irving
533,Dona,Elijah
534,Elisabeth,Nicky
535,Gracie,Pierre
536,Tamela,Lanny
537,Sallie,Linwood
538,Judi,Alejandro
539,Rae,Elvin
540,Saundra,Ian
541,Eugenia,Robby
542,Angelia,Austin
543,Cathryn,Elliott
544,Blanca,Junior
545,Darcy,Kennith
546,Genevieve,Gus
547,Pamala,Lane
548,Tracie,Grover
549,Kerri,Sanford
550,Rosetta,Bennett
551,Danita,Eldon
552,Deena,Simon
553,Glenna,Cornell
554,Sharron,Winston
555,Susanna,Erwin
556,Hattie,Thaddeus
557,Henrietta,Jefferson
558,Melodie,Morgan
559,Jocelyn,Dudley
560,Lorene,Felipe
561,Maggie,Ismael
562,Erma,Rolando
563,Fay,Danial
564,Megan,Shaun
565,Antonia,Jasper
566,Renita,Frederic
567,Tonia,Hans
568,Dorothea,Jordan
569,Debbi,Kip
570,Dorene,Lonny
571,Roxann,Wyatt
572,Adele,Levi
573,Geralyn,Orville
574,Greta,Will
575,Lila,Brady
576,Melba,Nolan
577,Michael,Dwain
578,Charmaine,Trent
579,Ilene,Garrett
580,Maura,Billie
581,Sandi,Mikel
582,Sharlene,Gerardo
583,Estella,Harley
584,Pattie,Wilfredo
585,Mamie,Harrison
586,Elsa,Christophe
587,Deanne,Russel
588,Lesley,Art
589,Ruthie,Roman
590,Lenore,Kenton
591,Twila,Avery
592,Caren,Loyd
593,Renae,Timmie
594,Caryn,Emil
595,Althea,Andres
596,Marisa,Kurtis
597,Cathie,Reid
598,Johanna,Norbert
599,Vikki,Rich
600,Teena,Sonny
601,Eve,Marco
602,Marcie,Carter
603,Roxane,Guillermo
604,Deirdre,Les
605,Juli,Odell
606,Marybeth,Lyndon
607,Rosalinda,Domingo
608,Bonny,Bobbie
609,Josie,Bryce
610,Valorie,Ivory
611,Traci,Shelton
612,Rhoda,Burton
613,Inez,Hollis
614,Cheryle,Jake
615,Lula,Donn
616,Tena,Merlin
617,Karol,Toney
618,Lupe,Garth
619,Patrica,August
620,Justine,Roscoe
621,James,Lenny
622,Silvia,Ulysses
623,Fannie,Wayde
624,Etta,Elias
625,Luz,Saul
626,Dina,Jeremiah
627,Libby,Kermit
628,Corrine,Santiago
629,Dolly,Kelley
630,Georgette,Vito
631,Gertrude,Emilio
632,Ginny,Benito
633,Nelda,Gino
634,Felecia,Hank
635,Merry,Otto
636,Avis,Jean
637,Krista,Lindsey
638,Lyn,Zane
639,Mariann,Erick
640,Robert,Tyler
641,Deb,Jed
642,Lourdes,Weldon
643,Jenifer,Del
644,Monique,Hiram
645,Loraine,Santos
646,Lucia,Rogelio
647,Annmarie,Shannon
648,Chandra,Derwin
649,Eloise,Jonathon
650,Cherry,Mary
651,Darleen,Kimberly
652,Jewel,Gustavo
653,Tricia,Thurman
654,Kathrine,Davis
655,Helena,Rock
656,Rachelle,Ignacio
657,Terese,Noah
658,Valeria,Quentin
659,Gerri,Tad
660,Sophia,Elliot
661,Angelina,Keven
662,Lavonne,Gale
663,Winifred,Vern
664,Deann,Solomon
665,Karyn,Brandon
666,Leeann,Errol
667,Marci,Elwood
668,Teressa,Winfred
669,Clarice,Charley
670,Earnestine,Cesar
671,Louann,Randel
672,Meredith,Wiley
673,Janell,Anton
674,Lela,Carmine
675,Dottie,Ollie
676,Bambi,Shelby
677,Elvira,Val
678,Marina,Wally
679,Jerry,Adolph
680,Selena,Jacky
681,Nan,Marcos
682,Fran,Kraig
683,Marylou,Butch
684,Raquel,Jerrold
685,Unknown,Brendan
686,Erica,Jackson
687,Karon,Jarvis
688,Minerva,Denver
689,Beverley,Mel
690,David,Len
691,Elva,Von
692,John,Armand
693,Lu,Eli
694,Bettie,Stacey
695,Aileen,Chet
696,Susana,Erich
697,Janna,Fredric
698,Leesa,Gil
699,Kendra,Riley
700,Debrah,Burt
701,Gena,Merrill
702,Mable,Sal
703,Nikki,Audie
704,Rebekah,Coy
705,Bridgette,Harris
706,Myrtle,Humberto
707,Blanche,Jerold
708,Gaye,Lenard
709,Maribeth,Blane
710,Maryjo,Bud
711,Stacie,Forest
712,Abigail,Millard
713,Tamie,Stanford
714,Allyson,Nicolas
715,Lorena,Emory
716,Carmela,Felton
717,Lizabeth,Jeremy
718,Angel,Aron
719,Bette,Graham
720,Earlene,Mervin
721,Peggie,Antoine
722,Katheryn,Clement
723,Alexis,Eloy
724,Mollie,Johnathan
725,Cecile,Patricia
726,Doretha,Broderick
727,Millie,Isiah
728,Arleen,Johnie
729,Mercedes,Leonardo
730,Nettie,Silas
731,Valencia,Adolfo
732,Vonda,Basil
733,Madonna,Arlen
734,Marietta,Lesley
735,Sherrill,Marcel
736,Sybil,Ricki
737,Marilynn,Connie
738,Nicole,Efrain
739,Nona,Myles
740,Ora,Raphael
741,Cyndi,Carson
742,Debbra,Emery
743,Marilee,Maynard
744,Nannette,Noe
745,Rachael,Dalton
746,Sadie,Glynn
747,Graciela,Greggory
748,Edwina,Booker
749,Fern,Carlo
750,Madelyn,Douglass
751,Roxanna,Judson
752,Ina,Nickolas
753,Francis,Theron
754,Lawanda,Timmothy
755,Cathrine,Anderson
756,Cinda,Cris
757,Dorinda,Cruz
758,Leanna,Taylor
759,Marva,Wes
760,Alexandra,Cody
761,Tommie,Herschel
762,Angelita,Jace
763,Freida,Joaquin
764,Joanie,Linda
765,Letha,Major
766,Gisele,Wilford
767,Jami,Augustine
768,Migdalia,Curtiss
769,Sherie,Earle
770,Mara,Rogers
771,Muriel,Chip
772,Brigitte,Fritz
773,Cherri,Monroe
774,Deidre,Quinton
775,Suzy,Rand
776,Christa,Scottie
777,Joellen,Skip
778,Maritza,Benedict
779,Roseanne,Cyrus
780,Carmella,Derrell
781,Jimmie,Dwaine
782,Delois,Isaiah
783,Melva,Jude
784,Amber,Carnell
785,Kyle,Raleigh
786,Milagros,Delmar
787,Tana,Huey
788,Willa,Tracey
789,Dorthy,Artis
790,Rosanna,Duke
791,Eula,Gail
792,Annetta,Hugo
793,Clarissa,Leigh
794,Lavern,Lindsay
795,Pennie,Mason
796,William,Dusty
797,Cathi,Jefferey
798,Joe,Layne
799,Georgina,Lupe
800,Kandy,Maverick
801,Danielle,Napoleon
802,Dayna,Brooks
803,Leila,Bruno
804,Shauna,Carmelo
805,Venita,Dennie
806,Essie,Issac
807,Kate,Susan
808,Aida,Vicente
809,Caryl,Alden
810,Dori,Cyril
811,Abby,Edwardo
812,Earline,Kirt
813,Danna,Richie
814,Harriett,Dee
815,Juliana,Fletcher
816,Carleen,Mac
817,Cornelia,Mckinley
818,Dawna,Omar
819,Louisa,Stanton
820,Nanci,Tobin
821,Shawna,Britt
822,Sherryl,Clair
823,Aurora,Sherwood
824,Carey,Berry
825,Pearlie,Emmanuel
826,Serena,Kristopher
827,Zoe,Rayford
828,Charla,Alec
829,Keri,Domenic
830,Lise,Hilton
831,Rhea,Quintin
832,Suzanna,Thad
833,Collette,Ty
834,Letitia,Xavier
835,Lily,Artie
836,Roxie,Damian
837,Donita,Darell
838,Iva,Debra
839,Jacki,Gaylon
840,Retha,Irwin
841,Ester,Lavern
842,Lindy,Rhett
843,Addie,Wilton
844,Bethany,Kenney
845,Catharine,Tab
846,Celestine,Vic
847,Katy,Walt
848,Jannie,Wardell
849,Randy,Agustin
850,Gilda,Darius
851,May,Dwane
852,Nola,Emerson
853,Ollie,Robbin
854,Rosario,Courtney
855,Treva,Derick
856,Shellie,Duwayne
857,Estelle,Freeman
858,Magdalena,Jacques
859,Evangeline,Jared
860,Neva,Kevan
861,Abbie,Lawerence
862,Reva,Lennie
863,Trena,Deborah
864,Twyla,Lemuel
865,Wendi,Rolland
866,Aimee,Bernardo
867,Kirsten,Federico
868,Eddie,Gearld
869,Lorinda,Ashley
870,Cassie,Coleman
871,Frieda,Esteban
872,Karan,Everette
873,Lottie,Faron
874,Annamarie,Fidel
875,Barbra,Lauren
876,Starr,Lorenza
877,Candi,Lynwood
878,Cara,Dell
879,Cristina,Gregorio
880,Jacquline,Jere
881,Marty,Bradly
882,Starla,Donovan
883,Cherrie,Elroy
884,Dian,Emile
885,Esmeralda,Ethan
886,Jacque,Jame
887,Ophelia,Lars
888,Ronna,Brien
889,Camilla,Cole
890,Erika,Houston
891,Mabel,Lincoln
892,Beulah,Barrett
893,Delilah,Benton
894,Juliann,Brion
895,Juliet,Chauncey
896,Mimi,Darcy
897,Zelda,Emmitt
898,Dara,Gavin
899,Paige,Heriberto
900,Jerrie,Stevan
901,Joleen,Wilmer
902,Leola,Dante
903,Reta,Demetrius
904,Rosita,Leander
905,Charles,Warner
906,Consuelo,Wilburn
907,Effie,Arden
908,Hilary,Carol
909,Jewell,Dickie
910,Mandy,Hershel
911,Portia,Josh
912,Cary,Milo
913,Jacklyn,Moises
914,Lizzie,Bertram
915,Missy,Carleton
916,Velda,Collin
917,Charleen,Darold
918,Francesca,Devin
919,Laurene,Donell
920,Moira,Haywood
921,Tambra,Jules
922,Alyce,Kit
923,Meg,Michale
924,Romona,Otha
925,Gigi,Pasquale
926,Hannah,Randle
927,Juliette,Sydney
928,Pamella,Alphonse
929,Shirlene,Buford
930,Adrianne,Burl
931,Bettye,Foster
932,Lauretta,Lou
933,Delma,Normand
934,Jeanna,Odis
935,Kara,Rolf
936,Veda,Aldo
937,Beckie,Dewitt
938,Lucretia,Farrell
939,Ursula,Hayward
940,Antionette,Karen
941,Esperanza,Keenan
942,Jerilyn,Lyman
943,Lilly,Micky
944,Nedra,Rubin
945,Ronnie,Andrea
946,Sheena,Cynthia
947,Germaine,Gonzalo
948,Juana,Rodrick
949,Leta,Royal
950,Perri,Woody
951,Richard,Adan
952,Caron,Delmer
953,Marita,Genaro
954,Mavis,Lacy
955,Karrie,Malcom
956,Noemi,Abe
957,Sharla,Arnulfo
958,Gabrielle,Augustus
959,Lissa,Gayle
960,Annemarie,Herb
961,Bettina,Hunter
962,Carmel,Sebastian
963,Dani,Daryle
964,Loreen,Diane
965,Martina,Diego
966,Merri,Mariano
967,Thomas,Olin
968,Corine,Antony
969,Freddie,Cal
970,Janeen,Cleve
971,Lorelei,Dann
972,Concetta,Davy
973,Lanita,Hosea
974,Leslee,Kennth
975,Liza,Leonel
976,Margery,Lucius
977,Mark,Melton
978,Miranda,Milford
979,Nicki,Willam
980,Opal,Alvis
981,Carlotta,Baron
982,Dollie,Brant
983,Goldie,Davey
984,Suzie,Eliseo
985,Bev,Ezra
986,Cheryll,Lary
987,Gerry,Laverne
988,Elissa,Lorin
989,Janel,Maxie
990,Lonnie,Milan
991,Phoebe,Nestor
992,Ruthann,Reinaldo
993,Val,Reynold
994,Alyson,Barbara
995,Angeline,Cheryl
996,Elma,Columbus
997,Josefina,Jamey
998,Queen,Renard
999,Samantha,Williams
1000,Tresa,Domenick
