Rank,Name
1,John
2,William
3,James
4,George
5,Charles
6,Frank
7,Joseph
8,Thomas
9,Henry
10,Robert
11,Edward
12,Harry
13,Walter
14,Arthur
15,Fred
16,Albert
17,Samuel
18,Clarence
19,Louis
20,Grover
21,David
22,Joe
23,Richard
24,Charlie
25,Ernest
26,Roy
27,Jesse
28,Will
29,Andrew
30,Oscar
31,Willie
32,Daniel
33,Sam
34,Peter
35,Elmer
36,Carl
37,Alfred
38,Benjamin
39,Lewis
40,Earl
41,Ralph
42,Frederick
43,Lee
44,Howard
45,Paul
46,Herbert
47,Tom
48,Herman
49,Martin
50,Jacob
51,Michael
52,Ben
53,Harvey
54,Claude
55,Jim
56,Clyde
57,Francis
58,Chester
59,Eugene
60,Ed
61,Edwin
62,Raymond
63,Charley
64,Edgar
65,Otto
66,Ira
67,Bert
68,Jack
69,Luther
70,Floyd
71,Lawrence
72,Guy
73,Hugh
74,Oliver
75,Isaac
76,Alexander
77,Ray
78,Patrick
79,Homer
80,August
81,Theodore
82,Archie
83,Leonard
84,Leo
85,Harold
86,Marion
87,Allen
88,Anthony
89,Eddie
90,Jessie
91,Emil
92,Cleveland
93,Stephen
94,Warren
95,Julius
96,Philip
97,Dave
98,Horace
99,Leroy
100,Dan
101,Willis
102,Clifford
103,Leon
104,Milton
105,Alex
106,Alvin
107,Sidney
108,Bernard
109,Calvin
110,Amos
111,Perry
112,Everett
113,Norman
114,Percy
115,Leslie
116,Jess
117,Victor
118,Lester
119,Lloyd
120,Jerry
121,Wesley
122,Mack
123,Gus
124,Matthew
125,Rufus
126,Maurice
127,Dennis
128,Alonzo
129,Jose
130,Jay
131,Ross
132,Earnest
133,Adolph
134,Otis
135,Russell
136,Stanley
137,Felix
138,Wallace
139,Clinton
140,Gilbert
141,Nathan
142,Aaron
143,Hiram
144,Mark
145,Melvin
146,Noah
147,Franklin
148,Jake
149,Roscoe
150,Levi
151,Owen
152,Elbert
153,Manuel
154,Nelson
155,Phillip
156,Willard
157,Cornelius
158,Lonnie
159,Marshall
160,Virgil
161,Fredrick
162,Irvin
163,Claud
164,Elijah
165,Simon
166,Mike
167,Adam
168,Emmett
169,Jasper
170,Silas
171,Bill
172,Reuben
173,Wilbur
174,Ollie
175,Pete
176,Irving
177,Max
178,Wiley
179,Morris
180,Wilson
181,Moses
182,Rudolph
183,Timothy
184,Ike
185,Jeff
186,Cecil
187,Curtis
188,Ellis
189,Harley
190,Marvin
191,Edmund
192,Austin
193,Clayton
194,Nicholas
195,Sherman
196,Christopher
197,Mose
198,Ora
199,Abraham
200,Eli
201,Sylvester
202,Dock
203,Steve
204,Augustus
205,Cleve
206,Anton
207,Harrison
208,Logan
209,Alva
210,Barney
211,Blaine
212,Pearl
213,Glenn
214,Hubert
215,Solomon
216,Donald
217,Gustave
218,Byron
219,Chris
220,Marcus
221,Joel
222,Juan
223,Millard
224,Monroe
225,Nathaniel
226,Scott
227,Andy
228,Clark
229,Ferdinand
230,Matt
231,Christian
232,Lon
233,Mathew
234,Orville
235,Bennie
236,Emery
237,Ervin
238,Vincent
239,Wade
240,Bob
241,Columbus
242,Edd
243,Vernon
244,Arnold
245,Conrad
246,Preston
247,Anderson
248,Elias
249,Julian
250,Nick
251,Don
252,Glen
253,Riley
254,Delbert
255,Johnnie
256,Abe
257,Emanuel
258,Louie
259,Arch
260,Asa
261,Edmond
262,Ezra
263,Roland
264,Bud
265,Grant
266,Joshua
267,Newton
268,Tony
269,Bruce
270,Clifton
271,Chas
272,Elisha
273,Gordon
274,Jefferson
275,Luke
276,Miles
277,Roger
278,Burton
279,Earle
280,Emory
281,Jeremiah
282,Van
283,Ward
284,Cyrus
285,Dick
286,Jerome
287,Lyman
288,Ambrose
289,Douglas
290,Forrest
291,Gustav
292,Major
293,Mary
294,Neal
295,Jonas
296,Antonio
297,Irwin
298,Karl
299,Mitchell
300,Wayne
301,Abner
302,Forest
303,Jackson
304,Morgan
305,Wilfred
306,Benjiman
307,Clay
308,Clem
309,Nels
310,Omer
311,Royal
312,Sanford
313,Spencer
314,Green
315,Lemuel
316,Lucius
317,Winfield
318,Allan
319,Enoch
320,Garfield
321,Lorenzo
322,Loyd
323,Ole
324,Pedro
325,Abram
326,Archibald
327,Berry
328,Burt
329,Kenneth
330,Washington
331,Zack
332,Emile
333,Johnie
334,Napoleon
335,Ruben
336,Dee
337,Fletcher
338,Granville
339,Isom
340,Ivan
341,Josh
342,Lafayette
343,Lynn
344,Allie
345,Dudley
346,Elwood
347,Frederic
348,Hans
349,Jimmie
350,Pat
351,Wilbert
352,Emmet
353,General
354,Hal
355,Israel
356,Jason
357,Jean
358,Jordan
359,King
360,Boyd
361,Carey
362,Carroll
363,Elza
364,Freeman
365,Isiah
366,Laurence
367,Ned
368,Oren
369,Francisco
370,Isaiah
371,Neil
372,Sim
373,Ulysses
374,Wilber
375,Arther
376,Clement
377,Elliott
378,Evan
379,Josiah
380,Milo
381,Myron
382,Olin
383,Porter
384,Warner
385,Wm
386,Chauncey
387,Dwight
388,Gabriel
389,Harmon
390,Herschel
391,Jonathan
392,Judge
393,Leander
394,Rollie
395,Seth
396,Stewart
397,Taylor
398,Tommie
399,Alphonse
400,Anna
401,Carlton
402,Dewitt
403,Fay
404,Foster
405,Gust
406,Harris
407,Lucian
408,Lucious
409,Madison
410,Olaf
411,Pink
412,Raleigh
413,Sterling
414,Steven
415,Vern
416,Clarance
417,Dallas
418,Enos
419,Gerald
420,Hardy
421,Hosea
422,Judson
423,Loren
424,Merle
425,Orin
426,Phil
427,Sid
428,Simeon
429,Sol
430,Walker
431,Wash
432,West
433,Al
434,Aubrey
435,Benton
436,Billie
437,Clint
438,Ephriam
439,Florence
440,Hamilton
441,Larry
442,Malcolm
443,Noble
444,Norris
445,Rollin
446,Smith
447,Tomas
448,Valentine
449,Wilmer
450,Addison
451,Adelbert
452,Adolphus
453,Alford
454,Caleb
455,Erwin
456,Henderson
457,Hugo
458,Jules
459,Lafe
460,Lum
461,Mat
462,Micheal
463,Murray
464,Otho
465,Prince
466,Randolph
467,Rolland
468,Alton
469,Avery
470,Axel
471,Bertram
472,Dell
473,Elizabeth
474,Elzie
475,Frances
476,Fritz
477,Haywood
478,Issac
479,Junius
480,Merton
481,Minor
482,Orval
483,Reginald
484,Shelby
485,Tim
486,Webster
487,Wilford
488,Angus
489,Arlie
490,Beverly
491,Christ
492,Dorsey
493,Emerson
494,Fate
495,Garrett
496,Harve
497,Houston
498,Johnny
499,Lew
500,Pierce
501,Rupert
502,Truman
503,Winfred
504,Abel
505,Bascom
506,Casper
507,Coleman
508,Early
509,Elton
510,Elvin
511,Ernst
512,Giles
513,Harlan
514,Leland
515,Lonzo
516,Luis
517,Mason
518,Mervin
519,Rolla
520,Albin
521,Bennett
522,Bertie
523,Buck
524,Carlos
525,Carson
526,Carter
527,Clair
528,Cliff
529,Dean
530,Ezekiel
531,Guss
532,Johnson
533,Jones
534,Lige
535,Mathias
536,Orange
537,Orrin
538,Oswald
539,Ramon
540,Rex
541,Rodney
542,Simpson
543,Sydney
544,Vance
545,Wilburn
546,Wyatt
547,Alpha
548,Burley
549,Clara
550,Cloyd
551,Doctor
552,Ellsworth
553,Elmo
554,Ephraim
555,Eric
556,Garland
557,Henery
558,Howell
559,Ivory
560,Lem
561,Lyle
562,Mahlon
563,Noel
564,Orlando
565,Ransom
566,Rube
567,Squire
568,Thaddeus
569,Vivian
570,Aloysius
571,Alvah
572,Aron
573,Bart
574,Basil
575,Bishop
576,Burr
577,Buster
578,Cicero
579,Dana
580,Davis
581,Dexter
582,Elmore
583,Gene
584,Gustaf
585,Heber
586,Hector
587,Jesus
588,Jonah
589,Lawson
590,Lucien
591,Marcellus
592,Melville
593,Merrill
594,Milford
595,Morton
596,Odie
597,Oral
598,Pierre
599,Randall
600,Richmond
601,Ronald
602,Sandy
603,Shirley
604,Stuart
605,Tracy
606,Troy
607,Watson
608,Wendell
609,Willam
610,Williams
611,Young
612,Zeb
613,Angelo
614,Anson
615,Art
616,Artie
617,Asbury
618,Augustine
619,Benjamine
620,Buford
621,Clare
622,Crawford
623,Dale
624,Doc
625,Dolphus
626,Duncan
627,Eben
628,Emmitt
629,Erastus
630,Ethan
631,Evert
632,Fernando
633,Finley
634,Grace
635,Hampton
636,Hollis
637,Hudson
638,Joesph
639,June
640,Kelly
641,Len
642,Lenard
643,Linus
644,Lou
645,Margaret
646,Mortimer
647,Reese
648,Rush
649,Sampson
650,Seymour
651,Solon
652,Ted
653,Terry
654,Theadore
655,Tillman
656,Toney
657,Travis
658,Turner
659,Wellington
660,Wheeler
661,Willian
662,Wylie
663,Adrian
664,Alan
665,Alois
666,Bartholomew
667,Benjamen
668,Bertrand
669,Burl
670,Cary
671,Colonel
672,Connie
673,Cora
674,Cornelious
675,Emma
676,Ennis
677,Gideon
678,Godfrey
679,Hezekiah
680,Jens
681,Julious
682,Lindsay
683,Lindsey
684,Ludwig
685,Manley
686,Merritt
687,Miguel
688,Nellie
689,Oakley
690,Obie
691,Octave
692,Okey
693,Ottis
694,Pablo
695,Parker
696,Reed
697,Rich
698,Rubin
699,Sanders
700,Whitney
701,Addie
702,Almon
703,Alphonso
704,Alvie
705,Ammon
706,Arlington
707,Barry
708,Barton
709,Baxter
710,Bertha
711,Byrd
712,Callie
713,Creed
714,Donaciano
715,Drew
716,Festus
717,Finis
718,Freddie
719,Furman
720,Hamp
721,Harlow
722,Hayward
723,Hershel
724,Hoyt
725,Huston
726,Hyrum
727,Ida
728,Irven
729,Isadore
730,Ivy
731,Kirk
732,Lambert
733,Lonie
734,Loran
735,Love
736,Mannie
737,Maxwell
738,Mont
739,Nat
740,Newell
741,Ola
742,Oran
743,Paris
744,Perley
745,Pinkney
746,Rosco
747,Santiago
748,Son
749,Sumner
750,Theron
751,Thurman
752,Tobe
753,Tobias
754,Tollie
755,Verne
756,Vester
757,Vollie
758,Webb
759,Wilton
760,Woodie
761,Woodson
762,Woody
763,Wright
764,Adelard
765,Albion
766,Alcide
767,Alec
768,Alf
769,Allison
770,Alonza
771,Antone
772,Archer
773,Asberry
774,Auther
775,Benjaman
776,Bernhard
777,Berton
778,Billy
779,Bird
780,Bonnie
781,Bruno
782,Budd
783,Cameron
784,Catherine
785,Chancy
786,Collie
787,Commodore
788,Curley
789,Curt
790,Danial
791,Domingo
792,Ebenezer
793,Egbert
794,Elder
795,Elie
796,Eliga
797,Ellwood
798,Emilio
799,Emmit
800,Ethel
801,Ewald
802,Fayette
803,French
804,Gardner
805,Gaston
806,Griffin
807,Guadalupe
808,Hallie
809,Harper
810,Herb
811,Hermon
812,Hilliard
813,Humphrey
814,Isreal
815,Iva
816,Jarvis
817,Jimmy
818,Julia
819,Lacy
820,Levy
821,Mart
822,Melton
823,Nickolas
824,Nolan
825,Odell
826,Olie
827,Orla
828,Orley
829,Otha
830,Press
831,Price
832,Rollo
833,Ruffus
834,Sheldon
835,Shelton
836,Silvester
837,Stafford
838,Sullivan
839,Theo
840,Thornton
841,Thurston
842,Waldo
843,Wayman
844,Weldon
845,Wes
846,Winnie
847,Worth
848,Adolf
849,Alden
850,Algie
851,Almer
852,Alphonsus
853,Alvis
854,Ancel
855,Andres
856,Antoine
857,Armand
858,Ashley
859,Author
860,Bailey
861,Bernie
862,Booker
863,Boss
864,Brady
865,Brooks
866,Bryant
867,Burke
868,Burrel
869,Cal
870,Carleton
871,Cass
872,Cassius
873,Chesley
874,Cleo
875,Cleon
876,Dalton
877,Delmar
878,Denis
879,Dillard
880,Dora
881,Doss
882,Dozier
883,Ebb
884,Edna
885,Elbridge
886,Elden
887,Eldon
888,Eldridge
889,Eligah
890,Ella
891,Ellie
892,Elliot
893,Elroy
894,Elva
895,Emit
896,Fulton
897,Geo
898,Gerhard
899,Gottlieb
900,Graham
901,Handy
902,Helmer
903,Hill
904,Hillard
905,Hjalmer
906,Hubbard
907,Hunter
908,Hurley
909,Ignatz
910,Isham
911,Jarrett
912,Jewel
913,Joeseph
914,Jule
915,Juluis
916,Junious
917,Justin
918,Justus
919,Kelley
920,Landon
921,Larkin
922,Lawyer
923,Lillian
924,Linwood
925,Lionel
926,Lorenza
927,Malcom
928,Marlin
929,Maude
930,Miller
931,Miner
932,Moody
933,Myrtle
934,Namon
935,Newt
936,Ocie
937,Oda
938,Odin
939,Odis
940,Oley
941,Omar
942,Orie
943,Orson
944,Osborn
945,Osie
946,Ossie
947,Palmer
948,Percival
949,Pleasant
950,Prentice
951,Purl
952,Reece
953,Roby
954,Sarah
955,Seaborn
956,Shep
957,Simmie
958,Spurgeon
959,Stanislaus
960,Thad
961,Tilman
962,Titus
963,Tommy
964,Urban
965,Vander
966,Vicente
967,Watt
968,Whit
969,Wilhelm
970,Zollie
971,Abb
972,Ace
973,Aden
974,Ah
975,Aleck
976,Almond
977,Alpheus
978,Alvy
979,Bayard
980,Bedford
981,Bee
982,Beecher
983,Benny
984,Bessie
985,Birt
986,Blain
987,Blair
988,Boston
989,Bowman
990,Bunk
991,Burgess
992,Burrell
993,Butler
994,Carol
995,Carrie
996,Chalmers
997,Charly
998,Chin
999,Clell
1000,Cody
