Rank,Girl Name,Boy Name
1,Mary,Michael
2,Susan,David
3,Linda,James
4,Karen,John
5,Donna,Robert
6,Patricia,Mark
7,Debra,William
8,Cynthia,Richard
9,Deborah,Thomas
10,Lisa,Steven
11,Barbara,Charles
12,Pamela,Timothy
13,Sandra,Joseph
14,Nancy,Kevin
15,Kathy,Kenneth
16,Brenda,Jeffrey
17,Sharon,Paul
18,Cheryl,Daniel
19,Diane,Donald
20,Debbie,Gary
21,Elizabeth,Ronald
22,Carol,Brian
23,Kathleen,Gregory
24,Teresa,Scott
25,Cindy,Larry
26,Julie,Anthony
27,Lori,Edward
28,Janet,Stephen
29,Denise,Dennis
30,Laura,Douglas
31,Tammy,Randy
32,Robin,George
33,Kimberly,Terry
34,Theresa,Ricky
35,Kim,Christopher
36,Margaret,Jerry
37,Janice,Mike
38,Rebecca,Bruce
39,Cathy,Keith
40,Catherine,Peter
41,Judy,Steve
42,Carolyn,Frank
43,Christine,Patrick
44,Ann,Craig
45,Rhonda,Raymond
46,Terri,Eric
47,Michelle,Roger
48,Connie,Danny
49,Diana,Dale
50,Joyce,Alan
51,Paula,Wayne
52,Sheila,Jeff
53,Tina,Tony
54,Dawn,Carl
55,Beverly,Jeffery
56,Laurie,Russell
57,Peggy,Joe
58,Sherry,Andrew
59,Betty,Randall
60,Valerie,Tim
61,Shirley,Gerald
62,Maria,Lawrence
63,Lynn,Matthew
64,Annette,Billy
65,Wanda,Johnny
66,Darlene,Walter
67,Jane,Rodney
68,Angela,Philip
69,Kathryn,Jimmy
70,Judith,Jim
71,Bonnie,Chris
72,Martha,Bobby
73,Vicki,Barry
74,Kelly,Phillip
75,Gail,Curtis
76,Joan,Ronnie
77,Jean,Arthur
78,Jennifer,Willie
79,Katherine,Glenn
80,Beth,Martin
81,Gloria,Roy
82,Anne,Tom
83,Wendy,Henry
84,Leslie,Ralph
85,Amy,Jack
86,Jill,Samuel
87,Anita,Jay
88,Michele,Harold
89,Rose,Rick
90,Vickie,Darrell
91,Ellen,Greg
92,Joanne,Bill
93,Virginia,Albert
94,Dorothy,Bryan
95,Terry,Dean
96,Suzanne,Micheal
97,Ruth,Allen
98,Rita,Stanley
99,Anna,Todd
100,Renee,Louis
101,Stephanie,Eddie
102,Becky,Vincent
103,Phyllis,Bradley
104,Marie,Howard
105,Elaine,Jon
106,Maureen,Eugene
107,Sue,Victor
108,Helen,Tommy
109,Marilyn,Leonard
110,Colleen,Dan
111,Jacqueline,Don
112,Alice,Fred
113,Victoria,Jose
114,Sally,Frederick
115,Jo,Lee
116,Julia,Joel
117,Regina,Rickey
118,Carla,Ernest
119,Sarah,Dave
120,Sylvia,Harry
121,Tamara,Ray
122,Penny,Marvin
123,Andrea,Melvin
124,Frances,Jonathan
125,Pam,Calvin
126,Eileen,Mitchell
127,Melissa,Duane
128,Sheryl,Bob
129,Jeanne,Kurt
130,Joann,Darryl
131,Tracy,Norman
132,Yvonne,Perry
133,Sandy,Glen
134,Evelyn,Jerome
135,Gina,Earl
136,Loretta,Francis
137,Lorraine,Edwin
138,Doris,Alfred
139,Vanessa,Clifford
140,Patty,Marc
141,Marcia,Kent
142,Roberta,Jesse
143,Dana,Kelly
144,Charlotte,Reginald
145,Carrie,Kirk
146,Joy,Theodore
147,Sherri,Clarence
148,Glenda,Karl
149,Melanie,Brad
150,Belinda,Benjamin
151,Melinda,Brent
152,Patti,Bernard
153,Charlene,Alvin
154,Tami,Brett
155,Jackie,Gordon
156,Toni,Nicholas
157,Norma,Warren
158,Dianne,Guy
159,Gwendolyn,Leroy
160,Monica,Wesley
161,Jan,Shawn
162,Lois,Carlos
163,Marsha,Gene
164,Vicky,Juan
165,Christina,Dwayne
166,Audrey,Ron
167,Veronica,Lloyd
168,Holly,Stuart
169,Shelia,Herbert
170,Yolanda,Bret
171,Jeanette,Tyrone
172,Lynne,Vernon
173,Rosemary,Lonnie
174,Carmen,Kenny
175,Doreen,Leslie
176,Juanita,Leon
177,Vivian,Gilbert
178,Teri,Doug
179,Irene,Kerry
180,Sara,Dana
181,Lynda,Ted
182,Kay,Ken
183,Louise,Manuel
184,Debora,Donnie
185,Melody,Neil
186,Marianne,Dwight
187,Heidi,Gregg
188,Shelly,Timmy
189,Tammie,Daryl
190,Jody,Franklin
191,Shelley,Aaron
192,Sheri,Lewis
193,Constance,Floyd
194,Deanna,Robin
195,Gayle,Garry
196,Jamie,Clyde
197,June,Jackie
198,Rosa,Marty
199,Arlene,Tracy
200,Marlene,Allan
201,Rachel,Randal
202,Roxanne,Leo
203,Darla,Lance
204,Grace,Charlie
205,Ramona,Gerard
206,Karla,Antonio
207,Eva,Nathan
208,Annie,Maurice
209,Dianna,Ruben
210,Lydia,Ricardo
211,April,Lester
212,Crystal,Andy
213,Lee,Darren
214,Shari,Sam
215,Ruby,Jimmie
216,Marjorie,Rex
217,Stacy,Luis
218,Lillian,Sean
219,Tanya,Andre
220,Geraldine,Freddie
221,Claudia,Wade
222,Dolores,Neal
223,Carole,Byron
224,Tracey,Milton
225,Chris,Chuck
226,Jodi,Marcus
227,Bernadette,Mario
228,Betsy,Wendell
229,Delores,Arnold
230,Sherrie,Herman
231,Alicia,Derrick
232,Joni,Johnnie
233,Edith,Alex
234,Esther,Alexander
235,Lauren,Roland
236,Nina,Nathaniel
237,Cheri,Kyle
238,Patsy,Clayton
239,Maryann,Clinton
240,Jenny,Joey
241,Susie,Kim
242,Nora,Terrence
243,Priscilla,Harvey
244,Margie,Oscar
245,Mildred,Nelson
246,Myra,Randolph
247,Natalie,Nick
248,Erin,Ross
249,Pauline,Bart
250,Emily,Kelvin
251,Stacey,Cecil
252,Therese,Lynn
253,Lucy,Chester
254,Alison,Derek
255,Mona,Hugh
256,Edna,Matt
257,Josephine,Troy
258,Marla,Jessie
259,Ronda,Pat
260,Robyn,Marshall
261,Jayne,Ben
262,Janie,Clifton
263,Lynette,Fredrick
264,Allison,Jesus
265,Patrice,Hector
266,Ginger,Jody
267,Bobbie,Roberto
268,Tonya,Frankie
269,Marian,Sammy
270,Emma,Claude
271,Terrie,Wallace
272,Bridget,Benny
273,Cassandra,Raul
274,Caroline,Rocky
275,Cecilia,Clay
276,Yvette,Terrance
277,Christy,Sidney
278,Kristine,Carlton
279,Cathleen,Roderick
280,Georgia,Rory
281,Janis,Miguel
282,Shannon,Rudy
283,Pat,Cary
284,Claire,Jamie
285,Jeannie,Pete
286,Candy,Lyle
287,Francine,Edgar
288,Clara,Rickie
289,Jacquelyn,Terence
290,Vera,Geoffrey
291,Irma,Morris
292,Rosemarie,Jason
293,Paulette,Ramon
294,Miriam,Mickey
295,Gwen,Angelo
296,Jana,Francisco
297,Jeannette,Ed
298,Marion,Everett
299,Rochelle,Max
300,Sonia,Phil
301,Nadine,Rene
302,Heather,Curt
303,Kristi,Pedro
304,Candace,Virgil
305,Thelma,Stewart
306,Dora,Darrel
307,Kimberley,Clark
308,Lora,Felix
309,Debby,Jaime
310,Beatrice,Otis
311,Antoinette,Bradford
312,Laurel,Ivan
313,Bertha,Loren
314,Ella,Myron
315,Eleanor,Fernando
316,Amanda,Armando
317,Jeri,Angel
318,Sabrina,Bennie
319,Bernice,Ira
320,Gale,Grant
321,Gladys,Salvatore
322,Lorrie,Adam
323,Faith,Christian
324,Felicia,Teddy
325,Billie,Willard
326,Luann,Earnest
327,Tamra,Jacob
328,Lucinda,Rusty
329,Ida,Sylvester
330,Rene,Delbert
331,Kelley,Marion
332,Alma,Jeffry
333,Bonita,Alton
334,Gretchen,Drew
335,Rosie,Edmund
336,Lucille,Lorenzo
337,Florence,Elmer
338,Kerry,Scot
339,Sonya,Cedric
340,Janine,Luther
341,Faye,Laurence
342,Iris,Isaac
343,Shawn,Sherman
344,Trudy,Julius
345,Kelli,Rafael
346,Molly,Van
347,Joanna,Travis
348,Kathi,Malcolm
349,Wilma,Dewayne
350,Celeste,Monty
351,Jennie,Shane
352,Leah,Preston
353,Angie,Adrian
354,Lana,Gerry
355,Karin,Rod
356,Kristin,Clint
357,Jeanine,Rodger
358,Lou,Archie
359,Maxine,Monte
360,Adrienne,Kris
361,Lorna,Roosevelt
362,Gay,Arturo
363,Naomi,Alfredo
364,Ethel,Jorge
365,Sonja,Julian
366,Della,Wilbert
367,Trina,Rudolph
368,Katrina,Horace
369,Cecelia,Lowell
370,Leigh,Stevie
371,Lillie,Ernie
372,Lorie,Gabriel
373,Katie,Noel
374,Rosalind,Doyle
375,Robbin,Alonzo
376,Cherie,Dominic
377,Kari,Al
378,Stella,Carey
379,Willie,Forrest
380,Liz,Javier
381,Tamera,Tommie
382,Marcella,Leland
383,Nanette,Erik
384,Tara,Orlando
385,Madeline,Hubert
386,Leticia,Stan
387,Dena,Hal
388,Leanne,Ervin
389,Kellie,Lionel
390,Kris,Jerald
391,Hazel,Alberto
392,Jessie,Blake
393,Ana,Vance
394,Susanne,Kendall
395,Jolene,Willis
396,Hope,Dexter
397,Mindy,Ryan
398,Marguerite,Casey
399,Jerri,Darwin
400,Velma,Evan
401,Olga,Alfonso
402,Rosalie,Jan
403,Camille,Robbie
404,Kristen,Bert
405,Lauri,Owen
406,Laverne,Dino
407,Celia,Stephan
408,Janette,Boyd
409,Lesa,Sheldon
410,Margarita,Denis
411,Dale,Homer
412,Ladonna,Dirk
413,Valarie,Oliver
414,Jessica,Dallas
415,Kathie,Ronny
416,Lena,Grady
417,Harriet,Darnell
418,Tammi,Enrique
419,Marcy,Mathew
420,Verna,Rufus
421,Dee,Dane
422,Lorri,Freddy
423,Polly,Wilbur
424,Amelia,Bryant
425,Leann,Luke
426,Noreen,Blaine
427,Desiree,Donny
428,Jeannine,Russ
429,Rena,Justin
430,Jodie,Kirby
431,Alisa,Lane
432,Kristy,Rob
433,Dixie,Damon
434,Olivia,Elbert
435,Delia,Aubrey
436,Lenora,Royce
437,Christie,Mack
438,Lola,Ernesto
439,Leona,Dewey
440,Margo,Dominick
441,Corinne,Joshua
442,Colette,Salvador
443,Cindi,Colin
444,Hilda,Vince
445,Barb,Cornelius
446,Suzette,Louie
447,Rosanne,Miles
448,Sondra,Buddy
449,Daisy,Spencer
450,Freda,Denny
451,Geneva,Eduardo
452,Mitzi,Ellis
453,Sheree,Wilson
454,Cora,Abraham
455,Helene,Cliff
456,Elisa,Cory
457,Monique,Carroll
458,Guadalupe,Bryon
459,Roseann,Shannon
460,Angelia,Alphonso
461,Deloris,Corey
462,Ingrid,Rodolfo
463,Johnnie,Mitch
464,Debi,Toby
465,Robbie,Julio
466,Judi,Randell
467,Agnes,Conrad
468,Mattie,Seth
469,Coleen,Stacy
470,Minnie,Emmett
471,Elise,Nicky
472,Gayla,Sammie
473,Luanne,Moses
474,Jeanie,Irvin
475,Lea,Lamar
476,Lynnette,Shaun
477,Darcy,Marlon
478,Deana,Wilfred
479,Ernestine,Edmond
480,Marta,Elvis
481,Viola,Percy
482,Myrna,Tod
483,Danette,Elton
484,Elsie,Reggie
485,Elena,Zachary
486,Bessie,Amos
487,Bobbi,Sterling
488,Kimberlee,Dwain
489,Benita,Emanuel
490,Janelle,Duncan
491,Kerri,Ward
492,Isabel,Mitchel
493,Tamela,Wayde
494,Penelope,Guadalupe
495,Tracie,Lamont
496,Malinda,Cameron
497,Traci,Joesph
498,Nellie,Sergio
499,Candice,Galen
500,Eunice,Chad
501,Deirdre,Cleveland
502,Marybeth,Eddy
503,Diann,Barton
504,Denice,Lon
505,Maryellen,Murray
506,Claudette,Reuben
507,Flora,Marlin
508,Alberta,Barney
509,Sandi,Rocco
510,Mae,Garland
511,Julianne,Norris
512,Katharine,Bennett
513,Ada,Elliott
514,Christi,Jefferson
515,Megan,Blair
516,Shelby,Carmen
517,Kristina,Pablo
518,Pearl,Rich
519,Reba,Jess
520,Randi,Merle
521,Greta,Trent
522,Maggie,Scotty
523,Saundra,Abel
524,Dona,Michel
525,Lorene,Pierre
526,Mari,Rolando
527,Maryanne,Kennith
528,Ava,Morgan
529,Sallie,Terrell
530,Rosalyn,Dick
531,Carlene,Ned
532,Suzan,Felipe
533,Deanne,Harlan
534,Roslyn,Sandy
535,Bernadine,Israel
536,Geri,Gilberto
537,Elisabeth,Reynaldo
538,Violet,Vaughn
539,Nita,Alejandro
540,Gracie,Donnell
541,Laureen,Marco
542,Dina,Robby
543,Frankie,Thaddeus
544,Geralyn,Ian
545,Daphne,Ramiro
546,Charmaine,Andres
547,Ivy,Linwood
548,Clare,Will
549,Pamala,Billie
550,Eugenia,Simon
551,Roxann,Gerardo
552,Kitty,Reed
553,Maura,Winston
554,Renita,Ismael
555,Caryn,Garrett
556,Tonia,Rogelio
557,Vickey,Russel
558,Lesley,Tomas
559,Rosetta,Cornell
560,Kristie,Lyndon
561,Lila,Elvin
562,Krista,Layne
563,Melodie,Harrison
564,Adele,Kurtis
565,Caren,Avery
566,Dinah,Austin
567,Glenna,Timmie
568,Danita,Unknown
569,Deena,Garth
570,Venus,Ty
571,Alfreda,Brandon
572,Bridgette,Danial
573,Henrietta,Erwin
574,James,Lonny
575,Dorothea,Elijah
576,Tamie,Loyd
577,Lenore,Nolan
578,Rae,Wally
579,Hattie,Junior
580,Sharron,Bernie
581,Tena,Guillermo
582,Eve,Levi
583,Ruthie,Eldon
584,Annmarie,Hans
585,Pattie,Woodrow
586,Michael,Brendan
587,Susanna,Harley
588,Marcie,Dannie
589,Merry,Orville
590,Antonia,Gus
591,Brigitte,Jasper
592,Renae,Roscoe
593,Elsa,Gino
594,Johanna,Irving
595,Sophia,Burton
596,Blanca,Solomon
597,Deann,Toney
598,Josie,Mary
599,Estella,Norbert
600,Georgette,Wilfredo
601,Rachelle,Bobbie
602,Cathryn,Bryce
603,Marci,Grover
604,Fran,August
605,Leisa,Lenny
606,Erma,Vern
607,Felecia,Art
608,Lupe,Domingo
609,Lucia,Emil
610,Tricia,Lanny
611,Ilene,Fabian
612,Melba,Les
613,Kaye,Hank
614,Mamie,Thurman
615,Fay,Jordan
616,Gaye,Reid
617,Kendra,Santos
618,Meredith,Wiley
619,Patrica,Kenton
620,Rhoda,Sanford
621,Terese,Elias
622,Dorene,Roman
623,Roxane,Kip
624,Stacie,Marcos
625,Genevieve,Noah
626,Karol,Erick
627,Fannie,Errol
628,Nola,Frederic
629,Delphine,Jean
630,Gigi,Jeremiah
631,Luz,Zane
632,Helena,Gustavo
633,Marina,Donn
634,Teena,Fidel
635,Juli,Kermit
636,Silvia,Otto
637,Valorie,Jake
638,Allyson,Mikel
639,Debbi,Dudley
640,Vikki,Eli
641,Angelina,Tyler
642,Bambi,Shelton
643,Jocelyn,Emilio
644,Marisa,Kelley
645,Twila,Anton
646,Lourdes,Bud
647,Arleen,Stacey
648,Inez,Ulysses
649,Libby,Antoine
650,David,Brady
651,Deidre,Del
652,Lula,Winfred
653,Deb,Chip
654,Robert,Davis
655,Rosalinda,Lindsey
656,Erica,Saul
657,Ginny,Weldon
658,Loraine,Charley
659,Jewel,Wyatt
660,John,Emory
661,Bettie,Odell
662,Cyndi,Carter
663,Karyn,Fredric
664,Leeann,Rock
665,Bonny,Tad
666,Migdalia,Vito
667,Shauna,Shelby
668,Graciela,Xavier
669,Kyle,Merlin
670,Marylou,Val
671,Nelda,Clement
672,Gerri,Jacky
673,Kathrine,Santiago
674,Gertrude,Dion
675,Justine,Jed
676,Carmela,Armand
677,Cherry,Christophe
678,Eloise,Erich
679,Janell,Josh
680,Lorena,Brooks
681,Althea,Coy
682,Angel,Curtiss
683,Avis,Quentin
684,Aileen,Efrain
685,Cathie,Humberto
686,Selena,Cesar
687,Sharlene,Ignacio
688,Corrine,Yancy
689,Marva,Burt
690,Teressa,Ivory
691,Danielle,Jarvis
692,Debrah,Jonathon
693,Keri,Augustine
694,Amber,Hollis
695,Etta,Jerrold
696,Jenifer,Kraig
697,Lela,Leonardo
698,Abigail,Nicolas
699,Dolly,Tracey
700,Nicole,Linda
701,Valeria,Wes
702,Fern,Adolph
703,Raquel,Elwood
704,Letha,Jeremy
705,Rebekah,Britt
706,Cara,Derwin
707,Lyn,Elliot
708,Bethany,Myles
709,Maritza,Carmine
710,Maryjo,Gil
711,Millie,Jackson
712,Pennie,Butch
713,Gena,Chet
714,Antionette,Denver
715,Meg,Lindsay
716,Elva,Sonny
717,Kirsten,Blane
718,Tana,Carlo
719,Jami,Marcel
720,Janna,Arlen
721,Louann,Maynard
722,Mariann,Dwaine
723,Winifred,Edwardo
724,Alexandra,Jerold
725,Marietta,Richie
726,Marilynn,Riley
727,Elvira,Graham
728,Jerry,Von
729,Kandy,Adolfo
730,Lavonne,Gale
731,Leila,Kimberly
732,Bette,Millard
733,Debbra,Randel
734,Earnestine,Basil
735,Cheryle,Johnathan
736,Danna,Ollie
737,Leesa,Noe
738,Nikki,Hiram
739,Nona,Sal
740,Vonda,Delmar
741,Randy,Emery
742,Roxie,Emmanuel
743,Susana,Harris
744,Sherrill,Jacques
745,Aida,Major
746,Blanche,Duke
747,Shawna,Lupe
748,Annemarie,Gail
749,Darleen,Johnie
750,Edwina,Benito
751,Joanie,Damian
752,Christa,Taylor
753,Francis,Darrin
754,Myrtle,Lemuel
755,Chandra,Merrill
756,Nan,Scottie
757,Andra,Broderick
758,Katy,Douglass
759,Roxanna,Isaiah
760,Clarissa,Isiah
761,Earlene,Keven
762,Lawanda,Lesley
763,Lu,Stanford
764,Maribeth,Eloy
765,Minerva,Flint
766,Nannette,Judson
767,Shellie,Aron
768,Valencia,Audie
769,Abby,Cris
770,Mercedes,Hugo
771,Taryn,Mervin
772,Madonna,Alec
773,Cecile,Carson
774,Cornelia,Donell
775,Kate,Felton
776,Ora,Jude
777,Ina,Artie
778,Karrie,Darin
779,Madelyn,Kirt
780,Venita,Quinton
781,Dottie,Raphael
782,Erika,Silas
783,Dori,Freeman
784,Juana,Len
785,Alexis,Monroe
786,Dawna,Quintin
787,Milagros,Thad
788,Starla,Anderson
789,Beverley,Timmothy
790,Clarice,Dalton
791,Dara,Lars
792,Mollie,Stefan
793,Cathrine,Bruno
794,Dorinda,Dusty
795,Georgina,Mel
796,Charla,Alden
797,Dayna,Bradly
798,Donita,Domenic
799,Karon,Earle
800,Lavern,Kristopher
801,Muriel,Connie
802,Serena,Forest
803,Doretha,Joaquin
804,Freida,Lenard
805,Mable,Omar
806,Roseanne,Royal
807,Suzy,Benedict
808,Essie,Fritz
809,Sherie,Booker
810,Tommie,Kerwin
811,Bridgett,Napoleon
812,Cari,Tab
813,Carleen,Vicente
814,Collette,Elroy
815,Cathi,Rolf
816,Cherri,Cody
817,Juliana,Daren
818,Addie,Donovan
819,Aurora,Everette
820,Lise,Greggory
821,Rosanna,Patricia
822,Sharla,Susan
823,William,Theron
824,Magdalena,Emerson
825,Delois,Federico
826,Francesca,Kennth
827,Joe,Efrem
828,Nanci,Irwin
829,Wendi,Mason
830,Juliet,Roddy
831,Liza,Wilton
832,Estelle,Dennie
833,Karan,Ethan
834,Rosario,Bernardo
835,Annamarie,Cruz
836,Marilee,Skip
837,Charles,Andrea
838,Jimmie,Darell
839,Jacquline,Herschel
840,Letitia,Huey
841,Selina,Karen
842,Ester,Maxwell
843,Cinda,Walt
844,Hilary,Artis
845,Sybil,Ashley
846,Unknown,Courtney
847,Aimee,Gearld
848,Caryl,Hilton
849,Mandy,Leigh
850,Tori,Ricki
851,Esperanza,Wilford
852,Lilly,Derick
853,Nettie,Gaylon
854,Tresa,Glynn
855,Harriett,Gregorio
856,Iva,Jere
857,Louisa,Lincoln
858,Ollie,Mckinley
859,Pearlie,Nickolas
860,Sadie,Pasquale
861,Angelita,Rand
862,Annetta,Sherwood
863,Miranda,Vic
864,Twyla,Wardell
865,Zelda,Wilmer
866,Jeanna,Berry
867,Katheryn,Kenney
868,Martina,Woody
869,May,Dell
870,Rachael,Emmitt
871,Barbra,Heriberto
872,Earline,Kevan
873,Edie,Stanton
874,Gabrielle,Stevan
875,Gilda,Willam
876,Leanna,Carol
877,Mabel,Cyrus
878,Merri,Dee
879,Queen,Devin
880,Cassie,Faron
881,Willa,Jefferey
882,Camilla,Lacy
883,Daria,Lennie
884,Lindy,Raleigh
885,Mara,Randle
886,Carey,Brice
887,Esmeralda,Brien
888,Jannie,Carmelo
889,Lizabeth,Demetrius
890,Reva,Duwayne
891,Hannah,Rolland
892,Mavis,Agustin
893,Neva,Fletcher
894,Sydney,Rodrick
895,Alesia,Alfonzo
896,Dian,Darius
897,Mimi,Hershel
898,Treva,Jared
899,Eula,Moises
900,Joellen,Rogers
901,Lottie,Augustus
902,Noemi,Barrett
903,Velda,Barron
904,Celestine,Clair
905,Jacque,Cyril
906,Lucretia,Dwane
907,Peggie,Emile
908,Rhea,Aldo
909,Ivette,Esteban
910,Jewell,Ferdinand
911,Missy,Jamey
912,Paige,Ritchie
913,Ronna,Adan
914,Dorthy,Donna
915,Shiela,Laverne
916,Suzanna,Lorenza
917,Carmella,Lyman
918,Mark,Milo
919,Catharine,Brion
920,Richard,Cole
921,Beckie,Deborah
922,Bettye,Foster
923,Gerry,Hayward
924,Jaime,Mac
925,Kerrie,Trevor
926,Lolita,Alva
927,Renea,Arden
928,Rowena,Bartley
929,Bev,Derrell
930,Cary,Dickie
931,Lily,Edison
932,Thomas,Hoyt
933,Madeleine,Keenan
934,Pamella,Lavern
935,Zoe,Lucius
936,Bobby,Michal
937,Candi,Wilburn
938,Evangeline,Antony
939,Janeen,Arlan
940,Retha,Barbara
941,Cristina,Cleve
942,Liane,Debra
943,Melva,Delton
944,Romona,Jame
945,Angelica,Micky
946,Athena,Hunter
947,Ronnie,Lucious
948,Sheena,Odis
949,Shelli,Raymon
950,Carmel,Abe
951,Joleen,Alphonse
952,Josefina,Benton
953,Lesia,Buford
954,Lizzie,Burl
955,Matilda,Coleman
956,Mickey,Cynthia
957,Elissa,Ellery
958,Penni,Kieth
959,Ruthann,Micah
960,Tonja,Quincy
961,Trena,Sid
962,Gisele,Cleo
963,Juliann,Collin
964,Rosita,Dante
965,Anastasia,Gonzalo
966,Keely,Issac
967,Sherryl,Waymon
968,Ursula,Farrell
969,Veda,Jonas
970,Callie,Prince
971,Consuelo,Raynard
972,Maryjane,Reynold
973,Melisa,Robbin
974,Opal,Andra
975,Tari,Bertram
976,Vilma,Brock
977,Beulah,Chaim
978,Germaine,Darcy
979,Laurene,Genaro
980,Margot,Jules
981,Merrie,Lawerence
982,Alyce,Lucas
983,Deedee,Sydney
984,Jacki,Winford
985,Kayla,Chauncey
986,Phoebe,Grayling
987,Portia,Leander
988,Marty,Leif
989,Shirlene,Maverick
990,Starr,Michale
991,Effie,Olin
992,Juliette,Rhett
993,Cheryll,Cal
994,Leola,Charlton
995,Reta,Darry
996,Suzie,Desmond
997,Bettina,Elmo
998,Carmelita,Ezra
999,Drema,Gayle
1000,Leta,Isidro
