Rank,Name
1,James
2,Robert
3,John
4,William
5,Michael
6,David
7,Richard
8,Thomas
9,Charles
10,Larry
11,Ronald
12,Gary
13,Donald
14,Joseph
15,Kenneth
16,Dennis
17,Paul
18,George
19,Stephen
20,Steven
21,Edward
22,Daniel
23,Jerry
24,Mark
25,Roger
26,Bruce
27,Frank
28,Terry
29,Douglas
30,Raymond
31,Gregory
32,Lawrence
33,Gerald
34,Timothy
35,Wayne
36,Anthony
37,Walter
38,Peter
39,Patrick
40,Danny
41,Willie
42,Harold
43,Carl
44,Arthur
45,Alan
46,Henry
47,Jack
48,Jeffrey
49,Johnny
50,Ralph
51,Roy
52,Joe
53,Jimmy
54,Dale
55,Philip
56,Albert
57,Billy
58,Eugene
59,Harry
60,Stanley
61,Glenn
62,Samuel
63,Howard
64,Ronnie
65,Louis
66,Phillip
67,Bobby
68,Steve
69,Russell
70,Frederick
71,Allen
72,Fred
73,Barry
74,Leonard
75,Andrew
76,Ernest
77,Craig
78,Francis
79,Randall
80,Eddie
81,Christopher
82,Melvin
83,Martin
84,Tommy
85,Keith
86,Brian
87,Rodney
88,Mike
89,Marvin
90,Norman
91,Earl
92,Randy
93,Lee
94,Clarence
95,Kevin
96,Alfred
97,Curtis
98,Don
99,Scott
100,Theodore
101,Leroy
102,Vincent
103,Clifford
104,Jerome
105,Eric
106,Bill
107,Herbert
108,Jim
109,Ray
110,Jesse
111,Bernard
112,Calvin
113,Gordon
114,Tom
115,Warren
116,Victor
117,Darrell
118,Jay
119,Gene
120,Jose
121,Leon
122,Micheal
123,Edwin
124,Lloyd
125,Dan
126,Leslie
127,Glen
128,Alvin
129,Dean
130,Jimmie
131,Clyde
132,Lewis
133,Floyd
134,Benjamin
135,Lonnie
136,Nicholas
137,Duane
138,Joel
139,Tony
140,Jackie
141,Vernon
142,Harvey
143,Allan
144,Jon
145,Charlie
146,Juan
147,Gilbert
148,Ricky
149,Lester
150,Johnnie
151,Dwight
152,Freddie
153,Leo
154,Manuel
155,Franklin
156,Donnie
157,Herman
158,Arnold
159,Lynn
160,Milton
161,Neil
162,Bob
163,Chester
164,Jonathan
165,Garry
166,Wesley
167,Marc
168,Chris
169,Ted
170,Randolph
171,Rick
172,Karl
173,Cecil
174,Bradley
175,Roland
176,Claude
177,Matthew
178,Stuart
179,Nathaniel
180,Alexander
181,Terrence
182,Dave
183,Maurice
184,Carlos
185,Guy
186,Oscar
187,Marshall
188,Sam
189,Reginald
190,Mitchell
191,Rickey
192,Dana
193,Wallace
194,Kent
195,Perry
196,Jeffery
197,Gerard
198,Hugh
199,Fredrick
200,Jessie
201,Tim
202,Sammy
203,Ruben
204,Clifton
205,Daryl
206,Benny
207,Rex
208,Sidney
209,Willard
210,Kerry
211,Edgar
212,Clinton
213,Earnest
214,Greg
215,Elmer
216,Darryl
217,Antonio
218,Marion
219,Everett
220,Lyle
221,Morris
222,Terrance
223,Rudolph
224,Otis
225,Bennie
226,Laurence
227,Aaron
228,Virgil
229,Ira
230,Tyrone
231,Jesus
232,Nelson
233,Ross
234,Ben
235,Max
236,Clayton
237,Byron
238,Luther
239,Neal
240,Brent
241,Kirk
242,Alex
243,Rudy
244,Wendell
245,Jeff
246,Horace
247,Rodger
248,Luis
249,Kurt
250,Bryan
251,Nathan
252,Robin
253,Loren
254,Raul
255,Kim
256,Lowell
257,Leland
258,Archie
259,Hubert
260,Carroll
261,Wilbert
262,Troy
263,Lance
264,Teddy
265,Delbert
266,Salvatore
267,Roosevelt
268,Mario
269,Alton
270,Isaac
271,Darrel
272,Oliver
273,Clark
274,Doyle
275,Francisco
276,Homer
277,Geoffrey
278,Sylvester
279,Tommie
280,Edmund
281,Roberto
282,Carlton
283,Jerald
284,Pete
285,Frankie
286,Gregg
287,Sherman
288,Julius
289,Jan
290,Mickey
291,Kenny
292,Preston
293,Julian
294,Ron
295,Malcolm
296,Myron
297,Ramon
298,Pedro
299,Van
300,Kelly
301,Mack
302,Felix
303,Lanny
304,Rufus
305,Bradford
306,Pat
307,Ricardo
308,Jacob
309,Wilbur
310,Willis
311,Armando
312,Wade
313,Hector
314,Grant
315,Marcus
316,Dewey
317,Todd
318,Forrest
319,Ivan
320,Andy
321,Grady
322,Ken
323,Ervin
324,Randal
325,Cary
326,Nick
327,Monte
328,Phil
329,Galen
330,Ellis
331,Sammie
332,Freddy
333,Elbert
334,Hal
335,Garland
336,Roderick
337,Percy
338,Denis
339,Louie
340,Angelo
341,Terence
342,Stewart
343,Woodrow
344,Irvin
345,Sheldon
346,Wilson
347,Guadalupe
348,Vaughn
349,Stephan
350,Travis
351,Dallas
352,Owen
353,Miguel
354,Dwayne
355,Bert
356,Lorenzo
357,Merle
358,Alfonso
359,Conrad
360,Arturo
361,Rene
362,Boyd
363,Alfredo
364,Buddy
365,Noel
366,Donn
367,Ronny
368,Dick
369,Eldon
370,Lionel
371,Monty
372,Royce
373,Ernie
374,Cleveland
375,Salvador
376,Spencer
377,Rickie
378,Wilfred
379,Harlan
380,Adrian
381,Gale
382,Cornelius
383,Dominic
384,Brad
385,Harley
386,Darwin
387,Gerry
388,Adam
389,Aubrey
390,Alonzo
391,Edmond
392,Elliott
393,Moses
394,Orville
395,Abraham
396,Rocky
397,Miles
398,Emmett
399,Junior
400,Irving
401,Marlin
402,Unknown
403,Murray
404,Amos
405,Billie
406,Ned
407,Dannie
408,Denny
409,Linwood
410,Frederic
411,Burton
412,Fernando
413,Grover
414,Reed
415,Elijah
416,Lamar
417,Vance
418,Winston
419,Chuck
420,Gabriel
421,Ernesto
422,Rafael
423,Sterling
424,Sanford
425,Dominick
426,Doug
427,Thurman
428,Andre
429,Rodolfo
430,August
431,Tracy
432,Ed
433,Donny
434,Norris
435,Loyd
436,Jess
437,Kermit
438,Elton
439,Harrison
440,Al
441,Emanuel
442,Alphonso
443,Lon
444,Norbert
445,Carmen
446,Alberto
447,Enrique
448,Odell
449,Will
450,Barney
451,Bobbie
452,Nolan
453,Christian
454,Emil
455,Jason
456,Colin
457,Gail
458,Reuben
459,Drew
460,Elwood
461,Roscoe
462,Wiley
463,Dewayne
464,Terrell
465,Randell
466,Kennith
467,Simon
468,Tomas
469,Kirby
470,Carey
471,Elliot
472,Fredric
473,Jasper
474,Jeffry
475,Millard
476,Solomon
477,Ollie
478,Lamont
479,Austin
480,Weldon
481,Eddy
482,Blaine
483,Reynaldo
484,Rocco
485,Sandy
486,Angel
487,Dudley
488,Jake
489,Ramiro
490,Jorge
491,Joshua
492,Ward
493,Marty
494,Cornell
495,Carter
496,Domingo
497,Gilberto
498,Jerold
499,Joesph
500,Levi
501,Russel
502,Clay
503,Julio
504,Evan
505,Ulysses
506,Elvin
507,Justin
508,Charley
509,Otto
510,Harris
511,Linda
512,Mary
513,Pablo
514,Riley
515,Barton
516,Garrett
517,Booker
518,Michel
519,Monroe
520,Kendall
521,Jerrold
522,Hollis
523,Jean
524,Jeremiah
525,Abel
526,Felipe
527,Armand
528,Coy
529,Dane
530,Thaddeus
531,Jackson
532,Truman
533,Dickie
534,Luke
535,Davis
536,Denver
537,Erik
538,Joey
539,Maynard
540,Timmy
541,Javier
542,Merrill
543,Reid
544,Emory
545,Johnie
546,Merlin
547,Rory
548,Toby
549,Benito
550,Buford
551,Noah
552,Rogers
553,Connie
554,Shelby
555,Delmar
556,Isaiah
557,Israel
558,Lane
559,Vern
560,Elias
561,Erwin
562,Gus
563,Dexter
564,Kyle
565,Roman
566,Jaime
567,Duncan
568,Bennett
569,Brett
570,Eduardo
571,Santos
572,Silas
573,Irwin
574,Lannie
575,Seth
576,Emery
577,Guillermo
578,Stan
579,Damon
580,Bernie
581,Emilio
582,Errol
583,Forest
584,Rogelio
585,Andres
586,Carmine
587,Carson
588,Santiago
589,Shawn
590,Carol
591,Danial
592,Douglass
593,Dwain
594,Jefferson
595,Val
596,Wilford
597,Shelton
598,Ignacio
599,Lenard
600,Winfred
601,Ismael
602,Royal
603,Sean
604,Orlando
605,Bud
606,Stanford
607,Eli
608,Herschel
609,Lawerence
610,Lonny
611,Vito
612,Fletcher
613,Ivory
614,Nicky
615,Glynn
616,Jody
617,Mervin
618,Adolph
619,Clement
620,Morgan
621,Gaylord
622,Lavern
623,Earle
624,Freeman
625,Gearld
626,Sonny
627,Wilmer
628,Alejandro
629,Dalton
630,Darnell
631,Gayle
632,Mitchel
633,Robbie
634,Emerson
635,Clair
636,Mathew
637,Anderson
638,Casey
639,Curt
640,Isiah
641,Bryant
642,Derek
643,Hershel
644,Myles
645,Bart
646,Laverne
647,Stanton
648,Stevie
649,Alva
650,Basil
651,Burt
652,Felton
653,Lupe
654,Otha
655,Wilburn
656,Cleo
657,Major
658,Reggie
659,Augustine
660,Mckinley
661,Anton
662,Butch
663,Normand
664,Foster
665,Hiram
666,Kris
667,Rod
668,Zachary
669,Dee
670,Mac
671,Jacky
672,Leigh
673,Milford
674,Quentin
675,Theron
676,Patricia
677,Saul
678,Adolfo
679,Ian
680,Ryan
681,Cyril
682,Graham
683,Arlen
684,Cruz
685,Houston
686,Rand
687,Boyce
688,Bryce
689,Garth
690,Jamie
691,Stacy
692,Alphonse
693,Coleman
694,Kenton
695,Lemuel
696,Rolland
697,Taylor
698,Cedric
699,Christophe
700,Cyrus
701,Judson
702,Blair
703,Cameron
704,Nickolas
705,Nicolas
706,Wilton
707,Augustus
708,Carlo
709,Dewitt
710,Gaylen
711,Gaylon
712,Raleigh
713,Arnulfo
714,Everette
715,Mason
716,Stevan
717,Emmitt
718,Erick
719,Hayward
720,Lindsey
721,Pierre
722,Clint
723,Donnell
724,Huey
725,Lincoln
726,Rayford
727,Rusty
728,Scotty
729,Blake
730,Cliff
731,Fidel
732,Maxie
733,Milo
734,Lorin
735,Marcel
736,Regis
737,Sherwood
738,Haywood
739,Jerel
740,Lucius
741,Lyman
742,Curtiss
743,Hardy
744,Pasquale
745,Rollin
746,Sydney
747,Art
748,Napoleon
749,Brady
750,Brooks
751,Marcos
752,Wardell
753,Woody
754,Alden
755,Columbus
756,Derrick
757,Hoyt
758,Jere
759,Shirley
760,Vicente
761,Cletus
762,Humberto
763,Shannon
764,Artis
765,Benedict
766,Burl
767,Eloy
768,Lesley
769,Melvyn
770,Olen
771,Delmer
772,Emile
773,Odis
774,Alford
775,Elroy
776,Jeremy
777,King
778,Lynwood
779,Dirk
780,Mikel
781,Wally
782,Bertram
783,Lacy
784,Mahlon
785,Matt
786,Olin
787,Prince
788,Rubin
789,Terrill
790,Walker
791,Courtney
792,Lauren
793,Carrol
794,Gerold
795,Hilton
796,Lucious
797,Sergio
798,Arden
799,Buster
800,Jordan
801,Lyndon
802,Waymon
803,Bruno
804,Dwaine
805,Gregorio
806,Lucien
807,Mose
808,Arlie
809,Carnell
810,Claud
811,Denzil
812,Franklyn
813,Reynold
814,Domenic
815,Elmo
816,Tyler
817,Donovan
818,Lindell
819,Mel
820,Zane
821,Geary
822,Raphael
823,Winford
824,Cleve
825,Dennie
826,Jules
827,Kip
828,Morton
829,Randel
830,Talmadge
831,Trinidad
832,Valentine
833,Warner
834,Adolphus
835,Agustin
836,Barbara
837,Berry
838,Garfield
839,Harmon
840,Issac
841,Noble
842,Ezra
843,Hank
844,Ike
845,Melton
846,Murphy
847,Toney
848,Verne
849,Bernardo
850,Fritz
851,Garold
852,Joaquin
853,Marco
854,Vernell
855,Vince
856,Beverly
857,Bonnie
858,Dorsey
859,Eldridge
860,Leonardo
861,Lindsay
862,Omar
863,Russ
864,Williams
865,Xavier
866,Artie
867,Benton
868,Darold
869,Del
870,Eliseo
871,Marcelino
872,Abe
873,Emmanuel
874,Gil
875,Lorenza
876,Orval
877,Porter
878,Esteban
879,Evans
880,Farrell
881,Hans
882,Jonathon
883,Quinton
884,Rolando
885,Walton
886,Alfonzo
887,Alvis
888,Carleton
889,Dell
890,Donal
891,Glendon
892,Harland
893,Jerrell
894,Jonas
895,Leander
896,Lenwood
897,Loy
898,Maxwell
899,Sharon
900,Antone
901,Lenny
902,Leonel
903,Palmer
904,Randle
905,Avery
906,Delmas
907,Dorian
908,Federico
909,Meredith
910,Sandra
911,Cesar
912,Domenick
913,Duwayne
914,Early
915,Elmore
916,Hugo
917,Jed
918,Margarito
919,Quincy
920,Refugio
921,Winfield
922,Adan
923,Alvie
924,Chad
925,Delton
926,Derrell
927,Howell
928,Jacques
929,Kathleen
930,Len
931,Newton
932,Noe
933,Rolf
934,Windell
935,Ashley
936,Cordell
937,Gustavo
938,Lary
939,Merritt
940,Raymon
941,Webster
942,Dempsey
943,Ezell
944,Lafayette
945,Milan
946,Alec
947,Clarance
948,Elden
949,Gonzalo
950,Lawrance
951,Logan
952,Mcarthur
953,Ottis
954,Patsy
955,Rosendo
956,Rupert
957,Stefan
958,Arvin
959,Elisha
960,Granville
961,Levon
962,Lucian
963,Reese
964,Robby
965,Susan
966,Thad
967,Arlan
968,Arlin
969,Asa
970,Brendan
971,Clem
972,Conley
973,Darell
974,Donell
975,Enoch
976,Ezekiel
977,Gerardo
978,Hunter
979,Jewel
980,Oren
981,Parker
982,Reyes
983,Sebastian
984,Skip
985,Crawford
986,Davey
987,Elvis
988,Elwin
989,Hermon
990,Isidro
991,Loran
992,Obie
993,Oran
994,Prentice
995,Romeo
996,Sherwin
997,Alvaro
998,Corey
999,Edd
1000,Garnett
