Rank,Name
1,Mary
2,Anna
3,Emma
4,Elizabeth
5,Minnie
6,Margaret
7,Ida
8,Alice
9,Bertha
10,Annie
11,Clara
12,Sarah
13,Florence
14,Martha
15,Ella
16,Grace
17,Laura
18,Bessie
19,Nellie
20,Maude
21,Cora
22,Carrie
23,Mabel
24,Ethel
25,Mattie
26,Gertrude
27,Jennie
28,Rose
29,Edith
30,Hattie
31,Helen
32,Lillian
33,Pearl
34,Louise
35,Julia
36,Lillie
37,Jessie
38,Myrtle
39,Edna
40,Lula
41,Eva
42,Catherine
43,Lena
44,Ada
45,Frances
46,Lucy
47,Fannie
48,Daisy
49,Josephine
50,Maggie
51,Dora
52,Katherine
53,Marie
54,Agnes
55,Effie
56,Blanche
57,Rosa
58,Nora
59,May
60,Mamie
61,Stella
62,Lizzie
63,Sallie
64,Ellen
65,Elsie
66,Della
67,Nancy
68,Nettie
69,Maud
70,Susie
71,Mae
72,Sadie
73,Flora
74,Alma
75,Etta
76,Lydia
77,Addie
78,Katie
79,Susan
80,Ruth
81,Georgia
82,Lottie
83,Viola
84,Mollie
85,Caroline
86,Nannie
87,Kate
88,Olive
89,Willie
90,Harriet
91,Amanda
92,Eliza
93,Lulu
94,Virginia
95,Emily
96,Kathryn
97,Esther
98,Belle
99,Rebecca
100,Charlotte
101,Jane
102,Amelia
103,Matilda
104,Irene
105,Ollie
106,Hannah
107,Henrietta
108,Pauline
109,Rachel
110,Estella
111,Amy
112,Beulah
113,Augusta
114,Ora
115,Sara
116,Sophia
117,Eleanor
118,Lola
119,Mildred
120,Nina
121,Theresa
122,Josie
123,Anne
124,Leona
125,Ann
126,Delia
127,Lela
128,Marion
129,Mayme
130,Rosie
131,Bettie
132,Ruby
133,Iva
134,Janie
135,Estelle
136,Victoria
137,Lou
138,Barbara
139,Callie
140,Louisa
141,Celia
142,Evelyn
143,Mable
144,Beatrice
145,Betty
146,Millie
147,Maria
148,Alta
149,Luella
150,Dorothy
151,Allie
152,Birdie
153,Essie
154,Ola
155,Sophie
156,Inez
157,Ina
158,Tillie
159,Nell
160,Rena
161,Dollie
162,Bertie
163,Eula
164,Lelia
165,Sally
166,Lucinda
167,Cornelia
168,Harriett
169,Alberta
170,Myra
171,Lucille
172,Sue
173,Leila
174,Winifred
175,Katharine
176,Isabelle
177,Abbie
178,Rhoda
179,Sylvia
180,Bess
181,Mina
182,Verna
183,Christine
184,Elva
185,Eunice
186,Adelaide
187,Genevieve
188,Johanna
189,Winnie
190,Eugenia
191,Hazel
192,Hettie
193,Lida
194,Isabel
195,Loretta
196,Roxie
197,Adeline
198,Gussie
199,Lenora
200,Lilly
201,Lettie
202,Mathilda
203,Hulda
204,Vera
205,Gertie
206,Lila
207,Lucretia
208,Adele
209,Christina
210,Jeanette
211,Lois
212,Myrtie
213,Olga
214,Hester
215,Lily
216,Mittie
217,Carolyn
218,Hallie
219,Phoebe
220,Wilhelmina
221,Elnora
222,Helena
223,Jean
224,Jeannette
225,Nelle
226,Hilda
227,Irma
228,Lucile
229,Bernice
230,Leah
231,Minerva
232,Ophelia
233,Cecelia
234,Lora
235,Francis
236,Naomi
237,Selma
238,Alvina
239,Marguerite
240,Olivia
241,Virgie
242,Louella
243,Meta
244,Frieda
245,Teresa
246,Zella
247,Claudia
248,Fanny
249,Violet
250,Dessie
251,Elma
252,Geneva
253,Georgie
254,Leola
255,Lura
256,Sudie
257,Gladys
258,Ivy
259,Cynthia
260,Emilie
261,Rosetta
262,Cassie
263,Isabella
264,Lilla
265,Catharine
266,Lee
267,Malinda
268,Regina
269,Freda
270,Marian
271,Goldie
272,Lina
273,Linnie
274,Madge
275,Mandy
276,Melissa
277,Polly
278,John
279,Kittie
280,Letha
281,Mabelle
282,Marjorie
283,Miriam
284,Rosalie
285,Cordelia
286,Margret
287,Bell
288,Lyda
289,Mertie
290,Cecilia
291,Ellie
292,Nola
293,Nona
294,Dolly
295,Linda
296,Antoinette
297,Janet
298,Priscilla
299,Roberta
300,Angie
301,Ernestine
302,Fay
303,Georgianna
304,Lorena
305,Orpha
306,Artie
307,Chloe
308,Corinne
309,Flossie
310,Lona
311,Magdalena
312,Oma
313,Tennie
314,George
315,Norma
316,Zora
317,Bridget
318,Dovie
319,Eda
320,Elvira
321,Erma
322,William
323,Charity
324,Claire
325,Molly
326,Alpha
327,Angeline
328,Elisabeth
329,Elise
330,Elsa
331,Kathrine
332,Leora
333,Madeline
334,Maybelle
335,Vina
336,Antonia
337,Dona
338,Evie
339,Pearle
340,Tina
341,Adah
342,Annette
343,Blanch
344,Cecile
345,Harriette
346,Lue
347,Vivian
348,Berta
349,Fern
350,Floy
351,Lavina
352,Ila
353,Juanita
354,Lessie
355,Mahala
356,Melvina
357,Phebe
358,Tena
359,Zoe
360,Almeda
361,Angela
362,Cecil
363,Clementine
364,Edythe
365,Hanna
366,Johnnie
367,Lilian
368,Nan
369,Pearlie
370,Veronica
371,Vinnie
372,Adelia
373,Charles
374,Pattie
375,Pinkie
376,Retta
377,Annabelle
378,Constance
379,Iona
380,Isabell
381,Jimmie
382,Julie
383,June
384,Kathleen
385,Lucie
386,Mariah
387,Neva
388,Susanna
389,Agatha
390,Ava
391,Clare
392,Frankie
393,Leota
394,Lotta
395,Ludie
396,Marcella
397,Margie
398,Minna
399,Missouri
400,Myrta
401,Octavia
402,Rita
403,Vesta
404,Vida
405,Zelma
406,Zula
407,Anita
408,Dixie
409,Ettie
410,Faye
411,Georgiana
412,Helene
413,Lennie
414,Lucia
415,Maudie
416,Ottilie
417,Savannah
418,Bonnie
419,Clyde
420,Donna
421,Gracie
422,Jannie
423,Kitty
424,Lenore
425,Leonora
426,Letitia
427,Louie
428,Rilla
429,Sena
430,Tessie
431,Adella
432,Alida
433,Altha
434,Aurelia
435,Betsy
436,Cleo
437,Donnie
438,James
439,Lavinia
440,Meda
441,Nevada
442,Ona
443,Rosella
444,Una
445,Winnifred
446,Adda
447,Adela
448,Daisie
449,Elmira
450,Emelia
451,Henry
452,Marietta
453,Mazie
454,Patsy
455,Rae
456,Velma
457,Zona
458,Adaline
459,Bella
460,Clemmie
461,Corrie
462,Doris
463,Eddie
464,Hilma
465,Hortense
466,India
467,Iola
468,Jenny
469,Liddie
470,Liza
471,Matie
472,Mellie
473,Minta
474,Vada
475,Arminta
476,Deborah
477,Dorothea
478,Ethelyn
479,Ione
480,Jettie
481,Joanna
482,Joe
483,Leta
484,Libbie
485,Luvenia
486,Muriel
487,Natalie
488,Ray
489,Rosanna
490,Samantha
491,Tilda
492,Willa
493,Abigail
494,Arvilla
495,Christena
496,Harry
497,Lenna
498,Lissie
499,Lutie
500,Mathilde
501,Serena
502,Sophronia
503,Tempie
504,Verda
505,Vernie
506,Wilma
507,Aimee
508,Alva
509,America
510,Arizona
511,Aura
512,Cathrine
513,Clarissa
514,Connie
515,Dena
516,Emeline
517,Emmer
518,Evalyn
519,Inga
520,Lonnie
521,Malvina
522,Mintie
523,Norah
524,Ocie
525,Opal
526,Rowena
527,Theresia
528,Tressie
529,Vena
530,Besse
531,Camilla
532,Corine
533,Dee
534,Dorcas
535,Easter
536,Elda
537,Elizebeth
538,Eloise
539,Erna
540,Etna
541,Eugenie
542,Gena
543,Geraldine
544,Hedwig
545,Huldah
546,Idella
547,Imogene
548,Isa
549,Jeanne
550,Lauretta
551,Loula
552,Magdalene
553,Mallie
554,Mame
555,Margery
556,Onie
557,Robert
558,Suzanne
559,Thomas
560,Abby
561,Althea
562,Amalia
563,Anastasia
564,Angelina
565,Annetta
566,Arie
567,Arrie
568,Beryl
569,Claudie
570,Corda
571,Cordia
572,Dicie
573,Docia
574,Donie
575,Eleanora
576,Emelie
577,Emmie
578,Florida
579,Frank
580,Irena
581,Ivah
582,Joan
583,Josiephine
584,Lelah
585,Leone
586,Lovie
587,Madie
588,Manda
589,Merle
590,Mona
591,Nella
592,Pansy
593,Queen
594,Queenie
595,Sybil
596,Annabel
597,Ara
598,Attie
599,Bird
600,Bulah
601,Carolina
602,Delilah
603,Dell
604,Dellar
605,Delphine
606,Dolores
607,Dottie
608,Edyth
609,Elinor
610,Esta
611,Ester
612,Genie
613,Gretchen
614,Hermina
615,Icy
616,Jewel
617,Josefa
618,Katheryn
619,Leanna
620,Loma
621,Marcia
622,Marinda
623,Melinda
624,Metta
625,Nelly
626,Odessa
627,Odie
628,Philomena
629,Sula
630,Tennessee
631,Theo
632,Tressa
633,Wanda
634,Aline
635,Amie
636,Avis
637,Celeste
638,Cordie
639,Dosha
640,Eller
641,Elvina
642,Ethyl
643,Eulalia
644,Evangeline
645,Faith
646,Felicia
647,Florance
648,Fred
649,Frona
650,Glennie
651,Hassie
652,Henriette
653,Hetty
654,Isadora
655,Juliette
656,Kathryne
657,Kizzie
658,Lavada
659,Leslie
660,Luetta
661,Nanie
662,Nena
663,Nonie
664,Ottie
665,Paulina
666,Pennie
667,Petra
668,Reba
669,Rosemary
670,Shirley
671,Sidney
672,Ursula
673,Vallie
674,Viva
675,Winona
676,Zada
677,Zola
678,Audie
679,Augustine
680,Aurora
681,Beckie
682,Buna
683,Caldonia
684,Calla
685,Candace
686,Carlotta
687,Clarice
688,Claude
689,Corrine
690,Crete
691,Dessa
692,Diana
693,Dinah
694,Edla
695,Eleonora
696,Elfrieda
697,Elisa
698,Elmina
699,Elta
700,Elvie
701,Emilia
702,Estell
703,Evaline
704,Eveline
705,Florrie
706,Fronia
707,Gail
708,Ira
709,Izora
710,Jessica
711,Jodie
712,Johannah
713,Judith
714,Kattie
715,Luisa
716,Manuela
717,Mettie
718,Myrtis
719,Nelia
720,Nita
721,Osa
722,Ova
723,Paralee
724,Parthenia
725,Phyllis
726,Rachael
727,Rettie
728,Rosalia
729,Rosia
730,Rosina
731,Roxanna
732,Theodosia
733,Tiny
734,Tommie
735,Trudie
736,Verona
737,Vertie
738,Wilhelmine
739,Zoa
740,Agusta
741,Albina
742,Alicia
743,Almira
744,Alphonsine
745,Alvena
746,Ana
747,Ardella
748,Audrey
749,Bennie
750,Camille
751,Cammie
752,Carmen
753,Cary
754,Celestine
755,Celina
756,Cherry
757,Christie
758,Coral
759,Dellie
760,Delpha
761,Delphia
762,Effa
763,Eleanore
764,Era
765,Evelina
766,Exie
767,Gene
768,Georgina
769,Golda
770,Guadalupe
771,Jeffie
772,Jinnie
773,Joyce
774,Juana
775,Juliet
776,Kathyrn
777,Letta
778,Levina
779,Lollie
780,Loretto
781,Lucindy
782,Magdalen
783,Magnolia
784,Malissa
785,Manie
786,Mannie
787,Marilla
788,Maybell
789,Maymie
790,Mercedes
791,Mercy
792,Mima
793,Odile
794,Orah
795,Osie
796,Prudence
797,Prudie
798,Rhea
799,Rinda
800,Rosena
801,Rosy
802,Roxy
803,Sarrah
804,Susannah
805,Thea
806,Tula
807,Ula
808,Walter
809,Will
810,Zadie
811,Zenobia
812,Zetta
813,Albertina
814,Alda
815,Alwina
816,Alyce
817,Annabell
818,Arah
819,Arminda
820,Bama
821,Bernadette
822,Bernadine
823,Birtie
824,Buena
825,Byrdie
826,Capitola
827,Carol
828,Cathern
829,Charlie
830,Christiana
831,Claribel
832,Claudine
833,Clora
834,Columbia
835,Dana
836,Delila
837,Dillie
838,Doshie
839,Drucilla
840,Eileen
841,Elizbeth
842,Etha
843,Eura
844,Evalena
845,Eve
846,Fronie
847,Glenna
848,Hennie
849,Henretta
850,Hermine
851,Hope
852,Ivie
853,Jeanie
854,Joseph
855,Jossie
856,Justina
857,Lea
858,Leaner
859,Lemma
860,Leonia
861,Lorraine
862,Lota
863,Louis
864,Lucetta
865,Macie
866,Mahalie
867,Margaretta
868,Marry
869,Martina
870,Maryann
871,Millicent
872,Narcissus
873,Netta
874,Novella
875,Oda
876,Odelia
877,Olevia
878,Ota
879,Patience
880,Paula
881,Peggy
882,Phillis
883,Philomene
884,Ramona
885,Rozella
886,Ruthie
887,Salina
888,Sibyl
889,Sinda
890,Tabitha
891,Texanna
892,Texie
893,Therese
894,Tilla
895,Tinnie
896,Valeria
897,Vashti
898,Vella
899,Verdie
900,Verne
901,Veva
902,Vicy
903,Viney
904,Wilda
905,Zelda
906,Zena
907,Zita
908,Affie
909,Albert
910,Albertha
911,Alexina
912,Allene
913,Altie
914,Anabel
915,Anie
916,Annis
917,Artelia
918,Arthur
919,Atha
920,Barbra
921,Beaulah
922,Belva
923,Berdie
924,Bertina
925,Biddie
926,Birdella
927,Blossom
928,Cara
929,Carmela
930,Carolyne
931,Cathryn
932,Celestia
933,Charlottie
934,Cilla
935,Classie
936,Clifford
937,Courtney
938,Daisey
939,Dave
940,Denise
941,Dezzie
942,Dicy
943,Dorthea
944,Dove
945,Edmonia
946,Edward
947,Electa
948,Eleonore
949,Eudora
950,Eulah
951,Fairy
952,Fannye
953,Fidelia
954,Franc
955,Francina
956,Francisca
957,Fredericka
958,Genevra
959,Grayce
960,Helga
961,Hessie
962,Honora
963,Iris
964,Iza
965,Jeanetta
966,Jeannie
967,Jemima
968,Jerusha
969,Jesse
970,Jewell
971,Joella
972,Judy
973,Junie
974,Katharina
975,Katy
976,Laurie
977,Lavenia
978,Leatha
979,Leda
980,Lisette
981,Littie
982,Loda
983,Lorenza
984,Louetta
985,Louvenia
986,Luda
987,Lular
988,Lynda
989,Margarett
990,Margeret
991,Marget
992,Mariam
993,Maye
994,Minda
995,Miranda
996,Modena
997,Nanna
998,Nealie
999,Nelie
1000,Olena
