Rank,Name
1,John
2,William
3,Robert
4,James
5,Charles
6,George
7,Joseph
8,Edward
9,Frank
10,Richard
11,Thomas
12,Harold
13,Walter
14,Paul
15,Raymond
16,Donald
17,Henry
18,Arthur
19,Albert
20,Jack
21,Harry
22,Ralph
23,Kenneth
24,Howard
25,David
26,Clarence
27,Carl
28,Louis
29,Willie
30,Eugene
31,Earl
32,Roy
33,Fred
34,Francis
35,Joe
36,Lawrence
37,Ernest
38,Leonard
39,Warren
40,Stanley
41,Herbert
42,Alfred
43,Anthony
44,Samuel
45,Elmer
46,Bernard
47,Norman
48,Leo
49,Andrew
50,Michael
51,Russell
52,Daniel
53,Edwin
54,Melvin
55,Chester
56,Leroy
57,Peter
58,Lloyd
59,Clifford
60,Frederick
61,Floyd
62,Marvin
63,Theodore
64,Gerald
65,Vernon
66,Herman
67,Ray
68,Clyde
69,Lester
70,Charlie
71,Philip
72,Lewis
73,Vincent
74,Milton
75,Leon
76,Alvin
77,Cecil
78,Martin
79,Jesse
80,Glenn
81,Victor
82,Lee
83,Benjamin
84,Sam
85,Gordon
86,Wayne
87,Harvey
88,Willard
89,Edgar
90,Oscar
91,Arnold
92,Claude
93,Wallace
94,Allen
95,Everett
96,Stephen
97,Gilbert
98,Wilbur
99,Johnnie
100,Homer
101,Virgil
102,Maurice
103,Roger
104,Eddie
105,Dale
106,Douglas
107,Sidney
108,Morris
109,Marion
110,Leslie
111,Jessie
112,Max
113,Hubert
114,Roland
115,Hugh
116,Irving
117,Alexander
118,Manuel
119,Franklin
120,Curtis
121,Bill
122,Glen
123,Luther
124,Nicholas
125,Julius
126,Jerome
127,Steve
128,Horace
129,Wesley
130,Jose
131,Tom
132,Billy
133,Willis
134,Orville
135,Oliver
136,Tony
137,Ben
138,Edmund
139,Calvin
140,Earnest
141,Mike
142,Alex
143,Jacob
144,Jerry
145,Archie
146,Otis
147,Jimmie
148,Don
149,Bruce
150,Delbert
151,Lyle
152,Matthew
153,Clayton
154,Guy
155,Angelo
156,Salvatore
157,Clifton
158,Clinton
159,Patrick
160,Wilbert
161,Bennie
162,Marshall
163,Ervin
164,Phillip
165,Jim
166,Nathaniel
167,Emil
168,Ronald
169,Rudolph
170,Ira
171,Merle
172,Nathan
173,Gene
174,Sylvester
175,Keith
176,Wilfred
177,Leland
178,Forrest
179,Ivan
180,Dean
181,Elbert
182,Irvin
183,Woodrow
184,Johnny
185,Dan
186,Lonnie
187,Nelson
188,Rufus
189,Bob
190,Antonio
191,Isaac
192,Johnie
193,Junior
194,Nick
195,Julian
196,Grover
197,Alton
198,Lowell
199,Aaron
200,Felix
201,Jay
202,Seymour
203,Abraham
204,Ellis
205,Pete
206,Otto
207,Dennis
208,Dewey
209,Emmett
210,Rex
211,August
212,Carroll
213,Juan
214,Roscoe
215,Grady
216,Percy
217,Owen
218,Bert
219,Mark
220,Elwood
221,Wilson
222,Loyd
223,Adam
224,Byron
225,Dominick
226,Fredrick
227,Malcolm
228,Laurence
229,Myron
230,Ross
231,Ted
232,Wendell
233,Perry
234,Dominic
235,Allan
236,Mack
237,Loren
238,Jesus
239,Murray
240,Billie
241,Adolph
242,Troy
243,Eldon
244,Norbert
245,Karl
246,Amos
247,Neil
248,Sherman
249,Charley
250,Harley
251,Preston
252,Aubrey
253,Austin
254,Reuben
255,Erwin
256,Boyd
257,Duane
258,Freddie
259,Wilmer
260,Carlton
261,Larry
262,Morton
263,Alan
264,Burton
265,Cornelius
266,Edmond
267,Carlos
268,Louie
269,Millard
270,Steven
271,Mitchell
272,Tommie
273,Dwight
274,Lynn
275,Gerard
276,Mario
277,Harrison
278,Garland
279,Elmo
280,Doyle
281,Elton
282,Grant
283,Russel
284,Jasper
285,Ramon
286,Moses
287,Kermit
288,Emanuel
289,Laverne
290,Maynard
291,Dave
292,Rocco
293,Neal
294,Wade
295,Will
296,Jake
297,Thurman
298,Darrell
299,Francisco
300,Monroe
301,Roosevelt
302,Cleveland
303,Solomon
304,Rodney
305,Cleo
306,Dallas
307,Earle
308,Joel
309,Tommy
310,Simon
311,Clair
312,Quentin
313,Odell
314,Ruben
315,Delmar
316,Irwin
317,Jess
318,Elvin
319,Harlan
320,Alphonse
321,Dick
322,Stuart
323,Armand
324,Weldon
325,Jimmy
326,Marcus
327,Andy
328,Merlin
329,Gus
330,Claud
331,Ed
332,Alonzo
333,Clark
334,Clement
335,Emory
336,Conrad
337,Thaddeus
338,Orval
339,Christopher
340,Randolph
341,Bruno
342,Carmen
343,Forest
344,Ollie
345,Merrill
346,Patsy
347,Ward
348,Adrian
349,Alfonso
350,Ned
351,Emery
352,Pedro
353,Alva
354,Buford
355,Cyril
356,Elijah
357,Jean
358,Vito
359,Reginald
360,Vern
361,Hollis
362,Benny
363,Lionel
364,Stewart
365,Hyman
366,Timothy
367,Wilburn
368,Sammie
369,Barney
370,Wiley
371,Truman
372,Anton
373,Emerson
374,Sterling
375,Levi
376,Eli
377,Mervin
378,Wilford
379,Roman
380,Sol
381,Ellsworth
382,Herschel
383,Basil
384,Noah
385,Coy
386,Travis
387,Teddy
388,Lavern
389,Jackson
390,Miles
391,Harding
392,Milford
393,Spencer
394,Norris
395,Winfred
396,Harris
397,Hiram
398,Silas
399,Milo
400,Van
401,Luis
402,Sanford
403,Carmine
404,Rolland
405,Winston
406,Ambrose
407,Pasquale
408,Abe
409,Buster
410,Jeff
411,Mathew
412,Vance
413,Casimir
414,Noel
415,Saul
416,Pat
417,Salvador
418,Foster
419,Freeman
420,Gabriel
421,Lenard
422,Bertram
423,Royal
424,Sheldon
425,Dudley
426,Isadore
427,Booker
428,Noble
429,Shirley
430,Mary
431,Aloysius
432,Hershel
433,Odis
434,Frederic
435,Hal
436,Scott
437,Lorenzo
438,Newton
439,Omer
440,Ulysses
441,Delmer
442,Denver
443,Olin
444,Bud
445,Eric
446,Ferdinand
447,Lamar
448,Lyman
449,Orlando
450,Alden
451,Anderson
452,Chris
453,Elliott
454,Gregory
455,Raul
456,Sydney
457,Gale
458,Guadalupe
459,Burl
460,Darwin
461,Houston
462,Micheal
463,Cletus
464,Royce
465,Marlin
466,Gail
467,Randall
468,Bobby
469,Major
470,Elias
471,Hobert
472,Luke
473,Riley
474,Augustus
475,Everette
476,Hoyt
477,Olen
478,Armando
479,Hugo
480,Linwood
481,Morgan
482,Evan
483,Warner
484,Wilton
485,Arlie
486,Nolan
487,Rupert
488,Jefferson
489,Dewitt
490,Junius
491,Walker
492,Wilber
493,Al
494,Merton
495,Mckinley
496,Roberto
497,Waldo
498,Clay
499,Lemuel
500,Shelby
501,Theron
502,Augustine
503,Columbus
504,Gustave
505,Oren
506,Palmer
507,Carlo
508,Christian
509,Dalton
510,Darrel
511,Emile
512,Ezra
513,Mason
514,Terry
515,Rene
516,Granville
517,Nickolas
518,Otha
519,Elroy
520,Sebastian
521,Hilton
522,Lucius
523,Lincoln
524,Blaine
525,Israel
526,Albin
527,Carrol
528,Fay
529,Harland
530,Raleigh
531,Jewel
532,Pablo
533,Meyer
534,Verne
535,Isidore
536,Ottis
537,Phil
538,Quinton
539,Elden
540,Elwin
541,Jeremiah
542,Dock
543,Harmon
544,Joshua
545,Benedict
546,Bobbie
547,Miguel
548,Gaylord
549,Haywood
550,Rafael
551,Alberto
552,Domingo
553,Emilio
554,Fletcher
555,Isiah
556,Lucian
557,Reed
558,Valentine
559,Antone
560,Hobart
561,Isaiah
562,Lucien
563,Mose
564,Vaughn
565,Walton
566,Kelly
567,Sigmund
568,Edd
569,Maxwell
570,Ora
571,Porter
572,Winfield
573,Hector
574,Dorsey
575,Eldred
576,Cyrus
577,Davis
578,Domenic
579,Rubin
580,Bryce
581,Joesph
582,Trinidad
583,Bernice
584,Hermon
585,Judson
586,Tomas
587,Arther
588,Avery
589,Sammy
590,Arden
591,Coleman
592,Arturo
593,Casimer
594,Hardy
595,Jewell
596,Jonathan
597,Orin
598,Raymon
599,Rudy
600,Alfredo
601,Enoch
602,Frankie
603,Seth
604,Felipe
605,Frances
606,Graham
607,King
608,Taylor
609,Carol
610,Justin
611,Lacy
612,Merritt
613,Marcel
614,Meredith
615,Asa
616,Bryant
617,Roderick
618,Talmadge
619,Eldridge
620,Garfield
621,Rollin
622,Romeo
623,Buddy
624,Clare
625,Emmitt
626,Raphael
627,Aldo
628,Elzie
629,Clem
630,Alvie
631,Andres
632,Carson
633,Emmet
634,Rosario
635,Alvis
636,Carter
637,Dana
638,Julio
639,Winford
640,Dee
641,Ignacio
642,Ignatius
643,Sherwood
644,Stanford
645,Theo
646,Carlyle
647,Fernando
648,Napoleon
649,Bennett
650,Connie
651,Jennings
652,Jules
653,Benton
654,Beverly
655,Brady
656,Durward
657,Enrique
658,Loyal
659,Matt
660,Claudie
661,Constantine
662,Dempsey
663,Elwyn
664,Florian
665,Howell
666,Mahlon
667,Arvid
668,General
669,Glendon
670,Kent
671,Leander
672,Pearl
673,Stanton
674,Bernie
675,Danny
676,Evert
677,Buck
678,Guido
679,Santo
680,Dexter
681,Edison
682,Loy
683,Omar
684,Rogers
685,Santos
686,Urban
687,Alphonso
688,Dillard
689,Garnett
690,Milan
691,Bertrand
692,Bradley
693,Dayton
694,Domenick
695,Doris
696,Duncan
697,Ike
698,Lawson
699,Angel
700,Casper
701,Elmore
702,Kyle
703,Normand
704,Webster
705,Benito
706,Carmelo
707,Hayward
708,Jonas
709,Miller
710,Oral
711,Oran
712,Orrin
713,Alford
714,Americo
715,Aron
716,Bryan
717,Garrett
718,Arlo
719,Otho
720,Rodger
721,Blair
722,Felton
723,Galen
724,Ellwood
725,Garth
726,Gilberto
727,Gregorio
728,Ivory
729,Oswald
730,Prince
731,Santiago
732,Abel
733,Haskell
734,Hazel
735,Obie
736,Rowland
737,Shelton
738,Verlin
739,Clovis
740,Evans
741,Leeroy
742,Reid
743,Winton
744,Brooks
745,Cameron
746,Craig
747,Elliot
748,Ernesto
749,Ernie
750,Estel
751,Gaetano
752,Theadore
753,Verl
754,Allie
755,Clarance
756,Dorothy
757,Early
758,Franklyn
759,Henderson
760,Jason
761,Lambert
762,Ruby
763,Carleton
764,Jordan
765,Newell
766,Arvil
767,Bradford
768,Denzil
769,Elvis
770,Gary
771,Logan
772,Mac
773,Merl
774,Ricardo
775,Burt
776,Chauncey
777,Cloyd
778,June
779,Murphy
780,Rayford
781,Reynold
782,Rodolfo
783,Vernie
784,Williams
785,Adolphus
786,Claire
787,Norwood
788,Regis
789,Silvio
790,Vivian
791,Wm
792,Abner
793,Alois
794,Cruz
795,Elisha
796,Fritz
797,Lonzo
798,Milburn
799,Myles
800,Pierre
801,Vergil
802,Werner
803,Mortimer
804,Nicolas
805,Boyce
806,Elgin
807,Giles
808,Hunter
809,Johnson
810,Olan
811,Smith
812,Beryl
813,Guillermo
814,Sylvan
815,Thornton
816,Alec
817,Alejandro
818,Audrey
819,Burnell
820,Clint
821,Lafayette
822,Lauren
823,Leopold
824,Thurston
825,Vester
826,Bonnie
827,Dante
828,Elza
829,Glenwood
830,Issac
831,Marcellus
832,Merlyn
833,Murry
834,Turner
835,Arvel
836,Burdette
837,Cleve
838,Judge
839,Kay
840,Madison
841,Orland
842,Stacy
843,Sumner
844,Verner
845,Welton
846,Chas
847,Clemens
848,Hayden
849,Parker
850,Tillman
851,Tim
852,Verle
853,Barton
854,Carey
855,Hans
856,Helen
857,Leamon
858,Maxie
859,Melton
860,Mitchel
861,Nunzio
862,Vicente
863,Waymon
864,Wylie
865,Crawford
866,Damon
867,Hilbert
868,Hiroshi
869,Hosea
870,Joyce
871,Loran
872,Lupe
873,Malvin
874,Odie
875,Orvil
876,Sandy
877,Angus
878,Cary
879,Donovan
880,Fredric
881,Hamilton
882,Hillard
883,Lawerence
884,Ludwig
885,Norval
886,Virgle
887,Archibald
888,Benjiman
889,Gaston
890,Gustav
891,Kendall
892,Kirby
893,Lorin
894,Melville
895,Whitney
896,Addison
897,Armond
898,Gino
899,Jerald
900,Joaquin
901,Ocie
902,Worth
903,Cedric
904,Jodie
905,Jones
906,Jonnie
907,Lindsay
908,Reinhold
909,Tracy
910,Wellington
911,Allison
912,Ardell
913,Artis
914,Arvin
915,Cleon
916,Ford
917,Gayle
918,Godfrey
919,Lindsey
920,Norton
921,Pierce
922,Watson
923,Durwood
924,Finis
925,Gardner
926,Lois
927,Mariano
928,Mickey
929,Berry
930,Edsel
931,Eduardo
932,Fidel
933,Garnet
934,Kennith
935,Laurel
936,Linus
937,Lorenza
938,Terrence
939,Weston
940,Auther
941,Chalmer
942,Eloy
943,Farris
944,Rosevelt
945,Ruth
946,Yoshio
947,Abram
948,Adelbert
949,Earlie
950,Ennis
951,Ezekiel
952,Gorden
953,Hilliard
954,Ivy
955,Kiyoshi
956,Lenwood
957,Llewellyn
958,Lucious
959,Rollie
960,Caleb
961,Emmit
962,Leonardo
963,Murl
964,Oakley
965,Almon
966,Daryl
967,Golden
968,Hardin
969,Masao
970,Rayburn
971,Rueben
972,Washington
973,Wyatt
974,Zack
975,Arne
976,Artie
977,Blake
978,Gerhard
979,Jon
980,Lesley
981,Levy
982,Margaret
983,Price
984,Wardell
985,Erling
986,Minoru
987,Agustin
988,Arch
989,Bailey
990,Christ
991,Courtney
992,Denis
993,Dewayne
994,Ewell
995,Huey
996,Joy
997,Malcom
998,Manley
999,Marco
1000,Marcos
