Rank,Name
1,John
2,William
3,James
4,Robert
5,Joseph
6,Charles
7,George
8,Edward
9,Frank
10,Thomas
11,Walter
12,Paul
13,Harold
14,Henry
15,Richard
16,Raymond
17,Albert
18,Arthur
19,Harry
20,Donald
21,Ralph
22,Louis
23,Carl
24,Clarence
25,Howard
26,Jack
27,Kenneth
28,David
29,Fred
30,Willie
31,Francis
32,Earl
33,Roy
34,Stanley
35,Joe
36,Ernest
37,Anthony
38,Lawrence
39,Eugene
40,Herbert
41,Samuel
42,Leonard
43,Alfred
44,Michael
45,Elmer
46,Andrew
47,Leo
48,Norman
49,Bernard
50,Peter
51,Russell
52,Frederick
53,Edwin
54,Chester
55,Daniel
56,Herman
57,Melvin
58,Lloyd
59,Lester
60,Floyd
61,Clifford
62,Clyde
63,Leroy
64,Woodrow
65,Theodore
66,Marvin
67,Vincent
68,Charlie
69,Willard
70,Philip
71,Lewis
72,Milton
73,Ray
74,Sam
75,Vernon
76,Gerald
77,Jesse
78,Victor
79,Benjamin
80,Cecil
81,Martin
82,Alvin
83,Lee
84,Glenn
85,Leon
86,Oscar
87,Stephen
88,Edgar
89,Arnold
90,Gordon
91,Everett
92,Harvey
93,Claude
94,Wilbur
95,Sidney
96,Hugh
97,Morris
98,Wayne
99,Alexander
100,Maurice
101,Allen
102,Warren
103,Homer
104,Virgil
105,Max
106,Gilbert
107,Nicholas
108,Steve
109,Irving
110,Marion
111,Julius
112,Leslie
113,Hubert
114,Eddie
115,Johnnie
116,Luther
117,Jessie
118,Roland
119,Ben
120,Curtis
121,Dale
122,Glen
123,Jacob
124,Wallace
125,Mike
126,Horace
127,Oliver
128,Alex
129,Roger
130,Franklin
131,Orville
132,Tony
133,Manuel
134,Edmund
135,Wesley
136,Willis
137,Rudolph
138,Jerome
139,Emil
140,Tom
141,Wilson
142,Otis
143,Nathan
144,Guy
145,Jerry
146,Angelo
147,Bill
148,Matthew
149,Ira
150,Salvatore
151,Douglas
152,Archie
153,Lyle
154,Patrick
155,Earnest
156,Clifton
157,Calvin
158,Abraham
159,Clayton
160,Don
161,Delbert
162,Bruce
163,Marshall
164,Irvin
165,Ivan
166,Phillip
167,Ronald
168,Wilfred
169,Bennie
170,Otto
171,Wilbert
172,Sylvester
173,Ervin
174,Felix
175,Jose
176,Karl
177,Jim
178,August
179,Jimmie
180,Clinton
181,Elbert
182,Nick
183,Forrest
184,Jay
185,Adolph
186,Isaac
187,Julian
188,Nelson
189,Adam
190,Alton
191,Merle
192,Dan
193,Grover
194,Nathaniel
195,Aaron
196,Pete
197,Rufus
198,Leland
199,Mark
200,Ellis
201,Dominick
202,Lonnie
203,Bert
204,Antonio
205,Carroll
206,Dennis
207,Dominic
208,Lowell
209,Grady
210,Elwood
211,Percy
212,Gene
213,Wendell
214,Myron
215,Dean
216,Emmett
217,Roscoe
218,Johnie
219,Owen
220,Jess
221,Mack
222,Erwin
223,Amos
224,Keith
225,Malcolm
226,Byron
227,Laurence
228,Loyd
229,Sherman
230,Charley
231,Rex
232,Johnny
233,Ross
234,Harley
235,Ted
236,Allan
237,Troy
238,Austin
239,Reuben
240,Perry
241,Fredrick
242,Norbert
243,Loren
244,Murray
245,Aubrey
246,Eldon
247,Preston
248,Cornelius
249,Millard
250,Dwight
251,Carlton
252,Boyd
253,Hyman
254,Mario
255,Seymour
256,Neil
257,Tommie
258,Steven
259,Edmond
260,Garland
261,Elmo
262,Jake
263,Will
264,Billy
265,Gerard
266,Burton
267,Jasper
268,Dewey
269,Louie
270,Bruno
271,Conrad
272,Simon
273,Grant
274,Mitchell
275,Wilmer
276,Freddie
277,Juan
278,Clark
279,Anton
280,Clement
281,Moses
282,Dave
283,Cyril
284,Roosevelt
285,Wade
286,Elton
287,Lynn
288,Morton
289,Cleo
290,Solomon
291,Thurman
292,Rocco
293,Claud
294,Alphonse
295,Emanuel
296,Bob
297,Clair
298,Larry
299,Forest
300,Monroe
301,Harrison
302,Ollie
303,Booker
304,Harlan
305,Andy
306,Maynard
307,Gus
308,Neal
309,Doyle
310,Joel
311,Orval
312,Marcus
313,Carmen
314,Earle
315,Alonzo
316,Ed
317,Russel
318,Isadore
319,Eli
320,Jesus
321,Merrill
322,Thaddeus
323,Emery
324,Barney
325,Elvin
326,Roman
327,Kermit
328,Randolph
329,Abe
330,Alva
331,Christopher
332,Stuart
333,Patsy
334,Dallas
335,Sol
336,Cleveland
337,Ellsworth
338,Alan
339,Ferdinand
340,Timothy
341,Basil
342,Buford
343,Irwin
344,Laverne
345,Pasquale
346,Reginald
347,Adrian
348,Armand
349,Odell
350,Rodney
351,Ruben
352,Carlos
353,Elijah
354,Herschel
355,Emory
356,Noah
357,Coy
358,Ned
359,Ramon
360,Wilburn
361,Emerson
362,Stewart
363,Wilford
364,Delmar
365,Darrell
366,Saul
367,Vito
368,Dick
369,Merlin
370,Buster
371,Truman
372,Billie
373,Mathew
374,Miles
375,Duane
376,Sanford
377,Levi
378,Alfonso
379,Weldon
380,Ward
381,Meyer
382,Tommy
383,Vern
384,Hollis
385,Lionel
386,Sydney
387,Foster
388,Harris
389,Norris
390,Frederic
391,Sterling
392,Hugo
393,Pedro
394,Aloysius
395,Junior
396,Benny
397,Milford
398,Winston
399,Milo
400,Newton
401,Winfred
402,Lyman
403,Odis
404,Silas
405,Travis
406,Carmine
407,Jeff
408,Hiram
409,Van
410,Dudley
411,Francisco
412,Luke
413,Evan
414,Casimir
415,Micheal
416,Noel
417,Rolland
418,Ambrose
419,Isidore
420,Olen
421,Jackson
422,Pat
423,Vance
424,Wiley
425,Lorenzo
426,Omer
427,Alden
428,Gabriel
429,Royal
430,Freeman
431,Jimmy
432,Mervin
433,Cletus
434,Spencer
435,Lamar
436,Riley
437,Mary
438,Olin
439,Elias
440,Jean
441,Dorsey
442,Ulysses
443,Elliott
444,Houston
445,Noble
446,Randall
447,Bertram
448,Eric
449,Marlin
450,Morgan
451,Shirley
452,Christian
453,Sammie
454,Waldo
455,Bud
456,Ezra
457,Fay
458,Hershel
459,Ora
460,Wilton
461,Arlie
462,Gail
463,Lucius
464,Burl
465,Darwin
466,Nolan
467,Sigmund
468,Fletcher
469,Linwood
470,Augustus
471,Chris
472,Lucien
473,Maxwell
474,Scott
475,Benedict
476,Teddy
477,Gregory
478,Verne
479,Everette
480,Lavern
481,Dewitt
482,Junius
483,Mose
484,Delmer
485,Emile
486,Mason
487,Palmer
488,Anderson
489,Lemuel
490,Sheldon
491,Columbus
492,Rubin
493,Sebastian
494,Clay
495,Hal
496,Salvador
497,Gustave
498,Lincoln
499,Porter
500,Major
501,Albin
502,Antone
503,Carlo
504,Jules
505,Wilber
506,Winfield
507,Cyrus
508,Valentine
509,Alfredo
510,Dock
511,Elden
512,Hoyt
513,Justin
514,Royce
515,Al
516,Vaughn
517,Dalton
518,Lucian
519,Orlando
520,Coleman
521,Harmon
522,Israel
523,Blaine
524,Durward
525,Lenard
526,Romeo
527,Theron
528,Denver
529,Merton
530,Oren
531,Raphael
532,Rene
533,Granville
534,Carrol
535,Davis
536,Harland
537,Domenic
538,Gale
539,Rosario
540,Carson
541,Aldo
542,Jewel
543,Lacy
544,Warner
545,Elroy
546,Isaiah
547,Graham
548,Jefferson
549,Jeremiah
550,Nickolas
551,Phil
552,Frances
553,Oswald
554,Rupert
555,Avery
556,Edd
557,Hobert
558,Casimer
559,Luis
560,Matt
561,Walton
562,Alois
563,Walker
564,Rudy
565,Elwin
566,Gaylord
567,Hilton
568,King
569,Ottis
570,Raleigh
571,Enoch
572,Ford
573,Taylor
574,Alphonso
575,Arvid
576,Jonathan
577,Orin
578,Reed
579,Shelby
580,Webster
581,Asa
582,Emilio
583,Guadalupe
584,Joshua
585,Armando
586,Carol
587,Florian
588,Garfield
589,Haywood
590,Napoleon
591,Domingo
592,Gustav
593,Augustine
594,Judson
595,Newell
596,Theo
597,Buck
598,Merritt
599,Rollin
600,Elzie
601,Jewell
602,Joesph
603,Orrin
604,Bernice
605,Guido
606,Clarance
607,Clem
608,Darrel
609,Haskell
610,Omar
611,Urban
612,Hector
613,Mortimer
614,Otha
615,Ike
616,Kelly
617,Arther
618,Carlyle
619,Miguel
620,Abner
621,Bernie
622,Dee
623,Hobart
624,Lambert
625,Ludwig
626,Otho
627,Carleton
628,Elmore
629,Santo
630,Clare
631,Dana
632,Hans
633,Prince
634,Terry
635,Wm
636,Edison
637,Eldred
638,Jonas
639,Seth
640,Sylvan
641,Carter
642,Fritz
643,Helen
644,Jason
645,Oral
646,Rowland
647,Raul
648,Roderick
649,Verlin
650,Arden
651,Eldridge
652,Elisha
653,Evans
654,Isiah
655,Oran
656,Raymon
657,Casper
658,Felton
659,Hilbert
660,Loy
661,Reynold
662,Bennett
663,Bonnie
664,Hazel
665,Leopold
666,Logan
667,Mahlon
668,Milan
669,Olaf
670,Werner
671,Alvis
672,Americo
673,Connie
674,Evert
675,Ignatius
676,Tomas
677,Benton
678,Loyal
679,Sherwood
680,Beverly
681,Emmitt
682,Gaetano
683,Hamilton
684,Stanford
685,Domenick
686,Galen
687,Hermon
688,Julio
689,Watson
690,Aron
691,Bertrand
692,Marcel
693,Mckinley
694,Merl
695,Ellwood
696,Ivory
697,Rafael
698,Alvie
699,Bradford
700,Carmelo
701,Constantine
702,Dante
703,Dorothy
704,Gary
705,Lois
706,Obie
707,Tracy
708,Addison
709,Berry
710,Boyce
711,Henderson
712,Jennings
713,Norval
714,Silvio
715,Bradley
716,Chas
717,Emmet
718,Johnson
719,Lawerence
720,Milburn
721,Pearl
722,Rogers
723,Rudolf
724,Arne
725,Buddy
726,Dexter
727,Howell
728,June
729,Llewellyn
730,Marcellus
731,Meredith
732,Murphy
733,Vester
734,Adolphus
735,Alberto
736,Alford
737,Benson
738,Chauncey
739,Claudie
740,Lorin
741,Madison
742,Pablo
743,Turner
744,Allison
745,Blair
746,Brady
747,Garnett
748,Hardy
749,Leander
750,Arlo
751,Benjiman
752,Burt
753,Crawford
754,Duncan
755,Eino
756,Talmadge
757,Adelbert
758,Claire
759,Cloyd
760,Dayton
761,Early
762,Fredric
763,Carey
764,Clemens
765,Frankie
766,Jones
767,Melville
768,Orland
769,Regis
770,Ruby
771,Allie
772,Angel
773,Angus
774,Clovis
775,General
776,Lonzo
777,Melton
778,Norwood
779,Roberto
780,Winford
781,Abel
782,Cleve
783,Elliot
784,Garrett
785,Hayward
786,Kyle
787,Norton
788,Parker
789,Vernie
790,Archibald
791,Damon
792,Elvis
793,Hayden
794,Hughes
795,Ivy
796,Lindsey
797,Brooks
798,Ewald
799,Lucious
800,Reino
801,Smith
802,Vivian
803,Gayle
804,Gerhard
805,Kent
806,Murl
807,Reinhold
808,Richmond
809,Trinidad
810,Abram
811,Beryl
812,Bobbie
813,Bryant
814,Fernando
815,Gardner
816,Hillard
817,Judge
818,Nels
819,Thornton
820,Vergil
821,Virgle
822,Woodroe
823,Worth
824,Andres
825,Craig
826,Ernesto
827,Franklyn
828,Gregorio
829,Lawson
830,Masao
831,Murry
832,Pierce
833,Tatsuo
834,Clint
835,Elwyn
836,Estel
837,Hosea
838,Tim
839,Verl
840,Adolf
841,Alvah
842,Arvel
843,Audrey
844,Bernhard
845,Ernie
846,Ernst
847,Hudson
848,Josh
849,Kirby
850,Lon
851,Mac
852,Orvil
853,Ruth
854,Waymon
855,Williams
856,Attilio
857,Caesar
858,Felipe
859,Giles
860,Jerald
861,Lafayette
862,Margaret
863,Miller
864,Denzil
865,Garth
866,Junious
867,Ocie
868,Odie
869,Quentin
870,Reece
871,Rollie
872,Rosevelt
873,Sammy
874,Santiago
875,Tillman
876,Zigmund
877,Burdette
878,Cliff
879,Glendon
880,Myles
881,Reese
882,Sumner
883,Arch
884,Furman
885,Merwin
886,Nat
887,Stanton
888,Bailey
889,Durwood
890,Whitney
891,Wylie
892,Almon
893,Ansel
894,Artis
895,Axel
896,Barton
897,Bobby
898,Donovan
899,Elgin
900,Elza
901,Emmit
902,Gaston
903,Gerrit
904,Huston
905,Ishmael
906,Issac
907,Kendall
908,Linus
909,Mariano
910,Moe
911,Reno
912,Sandy
913,Theadore
914,Vernal
915,Verner
916,Yoshio
917,Ashley
918,Einar
919,Ennis
920,Golden
921,Newman
922,Alma
923,Arvil
924,Doris
925,Enos
926,Enrique
927,Eunice
928,Garold
929,Green
930,Hunter
931,Jonnie
932,Manford
933,Manley
934,Mitchel
935,Olan
936,Santos
937,Thad
938,Verle
939,Arno
940,Cameron
941,Casey
942,Foy
943,Harlow
944,Kay
945,Loran
946,Lovell
947,Stanislaus
948,Waldemar
949,Wellington
950,Welton
951,Wyatt
952,Bartholomew
953,Brown
954,Bryan
955,Conley
956,Ewell
957,Ezekiel
958,Gerhardt
959,Hiroshi
960,Maxie
961,Ransom
962,Rolla
963,Shelton
964,Benito
965,Finis
966,Josiah
967,Leeroy
968,Lynwood
969,Manning
970,Mildred
971,Myrl
972,Burnell
973,Chalmer
974,Danny
975,Dell
976,Garnet
977,Glynn
978,Lauren
979,Prentice
980,Rodger
981,Selmer
982,Weston
983,Williard
984,Arley
985,Armin
986,Arvin
987,Berlin
988,Cary
989,Colin
990,Earlie
991,Erling
992,Joy
993,Lindsay
994,Mathias
995,Oris
996,Thurston
997,Tyrus
998,Armond
999,Baxter
1000,Burnice
