Rank,Name
1,James
2,Robert
3,John
4,William
5,Richard
6,Charles
7,David
8,Thomas
9,Ronald
10,Donald
11,Larry
12,Joseph
13,George
14,Jerry
15,Kenneth
16,Michael
17,Edward
18,Paul
19,Gary
20,Gerald
21,Frank
22,Raymond
23,Dennis
24,Harold
25,Roger
26,Walter
27,Billy
28,Henry
29,Carl
30,Joe
31,Daniel
32,Jack
33,Arthur
34,Lawrence
35,Bobby
36,Willie
37,Wayne
38,Ralph
39,Roy
40,Albert
41,Stephen
42,Eugene
43,Fred
44,Peter
45,Jimmy
46,Anthony
47,Howard
48,Harry
49,Norman
50,Louis
51,Bruce
52,Philip
53,Douglas
54,Johnny
55,Leonard
56,Melvin
57,Stanley
58,Earl
59,Dale
60,Francis
61,Ernest
62,Clarence
63,Marvin
64,Terry
65,Samuel
66,Don
67,Leroy
68,Bill
69,Frederick
70,Patrick
71,Tommy
72,Gene
73,Allen
74,Alfred
75,Russell
76,Herbert
77,Phillip
78,Eddie
79,Ronnie
80,Jim
81,Lee
82,Andrew
83,Ray
84,Alan
85,Martin
86,Glenn
87,Bernard
88,Tom
89,Jimmie
90,Steven
91,Barry
92,Gordon
93,Leon
94,Clifford
95,Theodore
96,Lloyd
97,Edwin
98,Franklin
99,Jesse
100,Curtis
101,Jerome
102,Floyd
103,Bob
104,Vincent
105,Warren
106,Harvey
107,Alvin
108,Vernon
109,Lewis
110,Jackie
111,Mike
112,Steve
113,Clyde
114,Herman
115,Charlie
116,Leo
117,Gilbert
118,Victor
119,Keith
120,Danny
121,Timothy
122,Mark
123,Arnold
124,Benjamin
125,Lester
126,Leslie
127,Rodney
128,Jon
129,Duane
130,Darrell
131,Johnnie
132,Cecil
133,Calvin
134,Jeffrey
135,Allan
136,Chester
137,Jay
138,Freddie
139,Glen
140,Milton
141,Lynn
142,Joel
143,Dean
144,Roland
145,Tony
146,Nicholas
147,Lonnie
148,Elmer
149,Jose
150,Sam
151,Claude
152,Dan
153,Brian
154,Manuel
155,Wallace
156,Ted
157,Wendell
158,Wesley
159,Willard
160,Hugh
161,Neil
162,Jessie
163,Maurice
164,Marion
165,Oscar
166,Edgar
167,Everett
168,Lyle
169,Max
170,Virgil
171,Dick
172,Sidney
173,Stuart
174,Morris
175,Marshall
176,Lowell
177,Dave
178,Karl
179,Luther
180,Bennie
181,Benny
182,Nathaniel
183,Gregory
184,Alexander
185,Earnest
186,Nelson
187,Donnie
188,Carroll
189,Homer
190,Ben
191,Guy
192,Delbert
193,Horace
194,Clinton
195,Otis
196,Hubert
197,Fredrick
198,Matthew
199,Eric
200,Gerard
201,Willis
202,Kent
203,Clifton
204,Wilbur
205,Clayton
206,Juan
207,Archie
208,Sammy
209,Roosevelt
210,Alex
211,Alton
212,Leland
213,Randall
214,Myron
215,Christopher
216,Carlos
217,Garry
218,Ira
219,Oliver
220,Rudolph
221,Perry
222,Doyle
223,Tommie
224,Wilbert
225,Edmund
226,Troy
227,Aaron
228,Loren
229,Jerald
230,Sherman
231,Rex
232,Julius
233,Neal
234,Winston
235,Byron
236,Craig
237,Sylvester
238,Dwight
239,Pete
240,Salvatore
241,Pat
242,Reginald
243,Nathan
244,Laurence
245,Ross
246,Carlton
247,Elbert
248,Julian
249,Malcolm
250,Ivan
251,Darrel
252,Dallas
253,Teddy
254,Merle
255,Woodrow
256,Dewey
257,Jacob
258,Ruben
259,Jan
260,Rufus
261,Rudy
262,Buddy
263,Clark
264,Grady
265,Isaac
266,Ervin
267,Wilson
268,Jesus
269,Antonio
270,Billie
271,Terrence
272,Ellis
273,Nick
274,Ramon
275,Eldon
276,Mack
277,Orville
278,Forrest
279,Bobbie
280,Kevin
281,Randolph
282,Darryl
283,Sheldon
284,Frankie
285,Boyd
286,Owen
287,Micheal
288,Conrad
289,Scott
290,Junior
291,Angelo
292,Preston
293,Wade
294,Irvin
295,Phil
296,Tim
297,Felix
298,Garland
299,Aubrey
300,Grant
301,Lanny
302,Jeff
303,Jonathan
304,Royce
305,Mitchell
306,Sammie
307,Mickey
308,Bert
309,Harlan
310,Travis
311,Tyrone
312,Kenny
313,Marlin
314,Ken
315,Roberto
316,Pedro
317,Percy
318,Rodger
319,Louie
320,Noel
321,Burton
322,Loyd
323,Stewart
324,Daryl
325,Emmett
326,Harley
327,Chris
328,Irving
329,Mary
330,Wilfred
331,Elwood
332,Denis
333,Terrance
334,Emil
335,Grover
336,Ron
337,Raul
338,Spencer
339,Melvyn
340,Brent
341,Gale
342,Lionel
343,Bradley
344,Freddy
345,Darwin
346,Edmond
347,Ned
348,Amos
349,Andy
350,Francisco
351,Roscoe
352,Moses
353,Dominick
354,Errol
355,Ed
356,Kermit
357,Mario
358,Marcus
359,Murray
360,Norbert
361,Alfonso
362,Adrian
363,Lorenzo
364,Merlin
365,Dominic
366,Luis
367,Cornelius
368,Sanford
369,Thurman
370,Cleveland
371,Lance
372,Carol
373,Laverne
374,Delmar
375,Elijah
376,August
377,Austin
378,Gerry
379,Johnie
380,Carmen
381,Adam
382,Will
383,Alonzo
384,Denny
385,Geoffrey
386,Maynard
387,Wiley
388,Van
389,Norris
390,Lamar
391,Ricardo
392,Bryan
393,Elton
394,Weldon
395,Otto
396,Reuben
397,Salvador
398,Alfredo
399,Armando
400,Frederic
401,Merrill
402,Charley
403,Jasper
404,Millard
405,Robin
406,Irwin
407,Marc
408,Monte
409,Randy
410,Gabriel
411,Dwayne
412,Jeffery
413,Sterling
414,Gail
415,Elvin
416,Odell
417,Ronny
418,Abraham
419,Hal
420,Jerold
421,Elliott
422,Kurt
423,Al
424,Rene
425,Simon
426,Jake
427,Guadalupe
428,Clement
429,Coy
430,Dewayne
431,Hollis
432,Buford
433,Linwood
434,Monroe
435,Barney
436,Hector
437,Harrison
438,Dudley
439,Emory
440,Hershel
441,Jackson
442,Nolan
443,Vance
444,Cary
445,Emanuel
446,Riley
447,Shirley
448,Adolph
449,Mervin
450,Galen
451,Terence
452,Jerrold
453,Fredric
454,Wilmer
455,Armand
456,Shelby
457,Wilburn
458,Levi
459,Kirk
460,Miguel
461,Clair
462,Carrol
463,Truman
464,Jess
465,Ollie
466,Arturo
467,Dexter
468,Ernie
469,Noah
470,Kelly
471,Miles
472,Roderick
473,Barbara
474,Lavern
475,Patricia
476,Connie
477,Jean
478,Emery
479,Russel
480,Harris
481,Gus
482,Rolland
483,Tomas
484,Vern
485,Bernie
486,Domingo
487,Gearld
488,Alphonso
489,Booker
490,Dana
491,Forest
492,Kennith
493,Dalton
494,Ulysses
495,Ward
496,Cleo
497,Elias
498,Jere
499,Andre
500,Blaine
501,Erwin
502,Gaylord
503,Monty
504,Tracy
505,Vito
506,Bradford
507,Chuck
508,Herschel
509,Rocco
510,Winfred
511,Fernando
512,Pasquale
513,Barton
514,Basil
515,Gayle
516,Carmine
517,Delmer
518,Rodolfo
519,Vaughn
520,Dickie
521,Earle
522,Eli
523,Terrell
524,Alphonse
525,Lenard
526,Evan
527,Alberto
528,Freeman
529,Ernesto
530,Lyman
531,Enrique
532,Betty
533,Christian
534,Odis
535,Wilford
536,Abel
537,Arlen
538,Denver
539,Jeremiah
540,Luke
541,Everette
542,Kendall
543,Kerry
544,Kirby
545,Stan
546,Kyle
547,Pablo
548,Rafael
549,Shelton
550,Morton
551,Silas
552,Solomon
553,Anton
554,Elliot
555,Orlando
556,Theron
557,Windell
558,Thaddeus
559,Arden
560,Eddy
561,Elmo
562,Sherwood
563,Wilton
564,Isaiah
565,Joesph
566,Emerson
567,Rogers
568,Houston
569,Carter
570,Milford
571,Cyril
572,Davis
573,Olin
574,Royal
575,Angel
576,Clay
577,Dannie
578,Cletus
579,Carey
580,Elroy
581,Jefferson
582,Meredith
583,Olen
584,Alden
585,Felton
586,Alva
587,Ramiro
588,Reggie
589,Claud
590,Duncan
591,Graham
592,Ignacio
593,Lupe
594,Burl
595,Morgan
596,Raymon
597,Bennett
598,Beverly
599,Isiah
600,Reynaldo
601,Roman
602,Todd
603,Columbus
604,Garrett
605,Huey
606,Normand
607,Sandy
608,Sonny
609,Carson
610,Gilberto
611,Harmon
612,Saul
613,Anderson
614,Benito
615,Felipe
616,Hoyt
617,Kay
618,Reed
619,Fletcher
620,Hilton
621,Hiram
622,Lynwood
623,Winford
624,Dee
625,Julio
626,Lamont
627,Milo
628,Andres
629,Arlie
630,Boyce
631,Dwain
632,Foster
633,Joshua
634,Justin
635,Raleigh
636,Lacy
637,Major
638,Stanford
639,Art
640,Emilio
641,Judith
642,Santiago
643,Toby
644,Bruno
645,Lyndon
646,Guillermo
647,Jacky
648,Jules
649,Lincoln
650,Otha
651,Stephan
652,Warner
653,Augustine
654,Maxie
655,Orval
656,Rayburn
657,Regis
658,Ricky
659,Verne
660,Coleman
661,Waymon
662,Bonnie
663,Donn
664,Emmitt
665,Emile
666,Glynn
667,Israel
668,Omer
669,Rayford
670,Sydney
671,Woody
672,Augustus
673,Bertram
674,Bud
675,Santos
676,Mathew
677,Newton
678,Carlo
679,Delano
680,Haywood
681,Jason
682,Mason
683,Seymour
684,Dewitt
685,Hobert
686,Linda
687,Mac
688,Merlyn
689,Patsy
690,Scotty
691,Donny
692,Doug
693,Oren
694,Cyrus
695,Doris
696,Dorsey
697,Judson
698,Lemuel
699,Lucius
700,Rollin
701,Wally
702,Curtiss
703,Gregg
704,Hardy
705,Hayward
706,Lauren
707,Lon
708,Bart
709,Eduardo
710,Greg
711,Lindsey
712,Palmer
713,Colin
714,Ellsworth
715,Gerold
716,Joan
717,Nickolas
718,Randell
719,Alvis
720,Darold
721,Sharon
722,Val
723,Adolfo
724,Arther
725,Garth
726,Lucien
727,Mckinley
728,Walton
729,Alejandro
730,Alford
731,Dorothy
732,Wilber
733,Avery
734,Benedict
735,Lawerence
736,Randal
737,Sandra
738,Taylor
739,Elden
740,Garfield
741,King
742,Lane
743,Pierre
744,Robbie
745,Seth
746,Arlan
747,Cliff
748,Delton
749,Lonny
750,Rogelio
751,Arlo
752,Cordell
753,Elwin
754,Granville
755,Hermon
756,Ivory
757,Stanton
758,Fidel
759,Gaylon
760,Glendon
761,Mose
762,Willian
763,Abe
764,Buster
765,Eldridge
766,Franklyn
767,Garold
768,Jewell
769,Joyce
770,Alvie
771,Donovan
772,Jewel
773,Judy
774,Mahlon
775,Maxwell
776,Ottis
777,Walker
778,Arlin
779,Brooks
780,Cedric
781,Damon
782,Lorin
783,Melton
784,Nicky
785,Wardell
786,Adolphus
787,Bryant
788,Bryce
789,Clarance
790,Ferdinand
791,Herb
792,Jordan
793,Nancy
794,Noble
795,Raphael
796,Reid
797,Valentine
798,Benton
799,Carleton
800,Frances
801,Fritz
802,Giles
803,Ian
804,Loy
805,Mel
806,Theadore
807,Donal
808,Harland
809,Merritt
810,Merton
811,Myles
812,Napoleon
813,Orrin
814,Reynold
815,Sherrill
816,Verlin
817,Artie
818,Arvid
819,Asa
820,Carolyn
821,Enoch
822,Hans
823,Jorge
824,Leigh
825,Murphy
826,Rick
827,Sebastian
828,Talmadge
829,Ismael
830,Lindell
831,Marcel
832,Quentin
833,Willam
834,Arvin
835,Farrell
836,Marty
837,Milan
838,Rupert
839,Artis
840,Cruz
841,Curt
842,Howell
843,Lawson
844,Porter
845,Vicente
846,Wylie
847,Brady
848,Donnell
849,Nicolas
850,Burt
851,Gregorio
852,Jonas
853,Matt
854,Mitchel
855,Newell
856,Rosario
857,Thad
858,Ashley
859,Blair
860,Elvis
861,Jennings
862,Jerrell
863,Kim
864,Leander
865,Leeroy
866,Loyal
867,Parker
868,Rubin
869,Winfield
870,Dell
871,Dennie
872,Douglass
873,Edison
874,Erik
875,Lawrance
876,Arvil
877,Buck
878,Dillard
879,Hosea
880,Issac
881,Joaquin
882,Joey
883,Loran
884,Orin
885,Sheridan
886,Stacy
887,Zane
888,Adan
889,Antone
890,Clint
891,Domenic
892,Eldred
893,Oran
894,Prince
895,Sal
896,Waldo
897,Webster
898,Alfonzo
899,Eloy
900,Jared
901,Margaret
902,Romeo
903,Toney
904,Wayland
905,Arlyn
906,Berry
907,Cloyd
908,Dayton
909,Edd
910,Elizabeth
911,Helen
912,Lafayette
913,Len
914,Margarito
915,Tex
916,Verl
917,Wyman
918,Allyn
919,Drew
920,Ezra
921,Florian
922,Hugo
923,Lucious
924,Omar
925,Ambrose
926,Donna
927,Dwaine
928,Elisha
929,Garnett
930,Gloria
931,Ike
932,Lesley
933,Lucian
934,Rosevelt
935,Trinidad
936,Vernell
937,Williams
938,Burnell
939,Clem
940,Crawford
941,Darnell
942,Derrell
943,Duke
944,Duwayne
945,Ford
946,Javier
947,Jonnie
948,Michel
949,Santo
950,Woodie
951,Beryl
952,Cornell
953,Denzil
954,Edsel
955,Eliseo
956,Jeffry
957,Lambert
958,Logan
959,Watson
960,Autry
961,Cameron
962,Elwyn
963,Henderson
964,Jarvis
965,Karen
966,Kenton
967,Lavon
968,Leamon
969,Martha
970,Obie
971,Bertrand
972,Brendan
973,Clare
974,Clarke
975,Claudie
976,Durwood
977,Elzie
978,Ezekiel
979,Fay
980,Jamie
981,Murry
982,Nevin
983,Norwood
984,Otho
985,Rudolf
986,Virginia
987,Barrie
988,Bernice
989,Clovis
990,Darell
991,Earlie
992,Early
993,Elmore
994,Gay
995,Gaylen
996,Hayden
997,Leonardo
998,Oneal
999,Ora
1000,Prentice
