Rank,Name
1,Robert
2,James
3,John
4,William
5,Richard
6,Charles
7,Donald
8,George
9,Joseph
10,Thomas
11,Edward
12,David
13,Paul
14,Kenneth
15,Frank
16,Ronald
17,Jack
18,Harold
19,Raymond
20,Billy
21,Walter
22,Eugene
23,Henry
24,Gerald
25,Arthur
26,Albert
27,Ralph
28,Carl
29,Joe
30,Bobby
31,Willie
32,Harry
33,Fred
34,Jerry
35,Lawrence
36,Howard
37,Norman
38,Roy
39,Louis
40,Clarence
41,Earl
42,Daniel
43,Francis
44,Herbert
45,Anthony
46,Marvin
47,Ernest
48,Leonard
49,Alfred
50,Roger
51,Melvin
52,Stanley
53,Leroy
54,Michael
55,Don
56,Samuel
57,Wayne
58,Bill
59,Ray
60,Bernard
61,Dale
62,Peter
63,Russell
64,Gene
65,Larry
66,Franklin
67,Theodore
68,Floyd
69,Andrew
70,Philip
71,Lloyd
72,Edwin
73,Frederick
74,Leo
75,Jimmie
76,Jimmy
77,Glenn
78,Vernon
79,Bob
80,Allen
81,Gordon
82,Clyde
83,Leon
84,Clifford
85,Douglas
86,Lee
87,Alvin
88,Martin
89,Herman
90,Charlie
91,Eddie
92,Lewis
93,Vincent
94,Elmer
95,Harvey
96,Johnny
97,Gilbert
98,Bruce
99,Jesse
100,Arnold
101,Lester
102,Warren
103,Curtis
104,Jim
105,Duane
106,Milton
107,Jerome
108,Cecil
109,Tommy
110,Roland
111,Victor
112,Chester
113,Johnnie
114,Patrick
115,Benjamin
116,Tom
117,Wallace
118,Glen
119,Calvin
120,Sam
121,Dennis
122,Maurice
123,Dean
124,Stephen
125,Willard
126,Claude
127,Alan
128,Hugh
129,Manuel
130,Jackie
131,Jose
132,Keith
133,Marion
134,Phillip
135,Edgar
136,Gary
137,Jessie
138,Oscar
139,Virgil
140,Everett
141,Billie
142,Leslie
143,Max
144,Wesley
145,Junior
146,Hubert
147,Ted
148,Homer
149,Dick
150,Lowell
151,Delbert
152,Wilbur
153,Allan
154,Darrell
155,Lyle
156,Ben
157,Luther
158,Rudolph
159,Sidney
160,Morris
161,Jay
162,Neil
163,Nicholas
164,Dan
165,Willis
166,Freddie
167,Bennie
168,Horace
169,Earnest
170,Tony
171,Roosevelt
172,Rodney
173,Carroll
174,Otis
175,Clayton
176,Nathaniel
177,Steve
178,Alexander
179,Lonnie
180,Guy
181,Salvatore
182,Oliver
183,Clifton
184,Alton
185,Mark
186,Archie
187,Julius
188,Matthew
189,Clinton
190,Edmund
191,Bobbie
192,Alex
193,Karl
194,Ira
195,Wilbert
196,Juan
197,Wendell
198,Orville
199,Ramon
200,Marshall
201,Leland
202,Dwight
203,Jesus
204,Nelson
205,Ivan
206,Joel
207,Mike
208,Myron
209,Angelo
210,Benny
211,Merle
212,Dewey
213,Rex
214,Doyle
215,Malcolm
216,Sylvester
217,Julian
218,Jacob
219,Ervin
220,Eldon
221,Antonio
222,Gerard
223,Troy
224,Loren
225,Elbert
226,Pete
227,Perry
228,Carlton
229,Conrad
230,Wilfred
231,Carlos
232,Irvin
233,Mack
234,Aaron
235,Barry
236,Rufus
237,Irving
238,Forrest
239,Lynn
240,Isaac
241,Nick
242,Fredrick
243,Nathan
244,Laurence
245,Byron
246,Norbert
247,Ruben
248,Buddy
249,Grady
250,Stuart
251,Bert
252,Teddy
253,Tommie
254,Pat
255,Loyd
256,Owen
257,Burton
258,Felix
259,Harlan
260,Ellis
261,Sherman
262,Ronnie
263,Terry
264,Percy
265,Ross
266,Sheldon
267,Danny
268,Rudy
269,Dallas
270,Johnie
271,Aubrey
272,Morton
273,Irwin
274,Boyd
275,Harley
276,Emil
277,Dave
278,Garland
279,Grover
280,Amos
281,Elwood
282,Reginald
283,Neal
284,Dominick
285,Laverne
286,August
287,Louie
288,Otto
289,Emmett
290,Sammy
291,Cornelius
292,Preston
293,Marlin
294,Wilson
295,Pedro
296,Sammie
297,Mario
298,Maynard
299,Francisco
300,Murray
301,Timothy
302,Darrel
303,Raul
304,Clark
305,Mary
306,Steven
307,Alfonso
308,Dominic
309,Merlin
310,Lionel
311,Erwin
312,Royce
313,Wade
314,Delmar
315,Donnie
316,Luis
317,Frankie
318,Noel
319,Odell
320,Elton
321,Millard
322,Edmond
323,Woodrow
324,Weldon
325,Moses
326,Thurman
327,Gregory
328,Charley
329,Darwin
330,Travis
331,Abraham
332,Austin
333,Alonzo
334,Grant
335,Kermit
336,Roscoe
337,Roberto
338,Seymour
339,Cleveland
340,Jasper
341,Ned
342,Sanford
343,Ed
344,Adam
345,Jerald
346,Norris
347,Randolph
348,Elvin
349,Harrison
350,Mitchell
351,Reuben
352,Wilmer
353,Lavern
354,Christopher
355,Merrill
356,Stewart
357,Adolph
358,Shirley
359,Will
360,Jean
361,Guadalupe
362,Clair
363,Carmen
364,Wiley
365,Elijah
366,Ollie
367,Buford
368,Lamar
369,Emory
370,Salvador
371,Sterling
372,Gale
373,Gus
374,Alfredo
375,Emanuel
376,Hollis
377,Marcus
378,Wilburn
379,Randall
380,Carol
381,Andy
382,Phil
383,Russel
384,Simon
385,Adrian
386,Armand
387,Kent
388,Armando
389,Chris
390,Winston
391,Hershel
392,Jake
393,Dudley
394,Normand
395,Mervin
396,Basil
397,Cleo
398,Al
399,Earle
400,Monroe
401,Eric
402,Lorenzo
403,Miles
404,Hal
405,Jess
406,Van
407,Levi
408,Nolan
409,Rolland
410,Lenard
411,Eli
412,Rocco
413,Gabriel
414,Clement
415,Truman
416,Noah
417,Rene
418,Arlen
419,Coy
420,Linwood
421,Patsy
422,Delmer
423,Pablo
424,Alva
425,Scott
426,Hector
427,Miguel
428,Winfred
429,Betty
430,Mickey
431,Ward
432,Wilford
433,Carmine
434,Jackson
435,Rafael
436,Roman
437,Vito
438,Luke
439,Barney
440,Jon
441,Solomon
442,Dwayne
443,Emery
444,Ulysses
445,Carrol
446,Dalton
447,Ricardo
448,Alden
449,Cyril
450,Elmo
451,Arturo
452,Claud
453,Jeff
454,Alphonso
455,Cletus
456,Gail
457,Rodger
458,Forest
459,Harris
460,Vern
461,Bud
462,Daryl
463,Herschel
464,Silas
465,Booker
466,Denver
467,Freeman
468,Milford
469,Spencer
470,Augustus
471,Odis
472,Royal
473,Elliott
474,Alphonse
475,Elias
476,Enrique
477,Rodolfo
478,Burl
479,Hoyt
480,Huey
481,Emerson
482,Frederic
483,Gilberto
484,Bradley
485,Morgan
486,Roderick
487,Hiram
488,Monte
489,Buster
490,Anton
491,Gaylord
492,Orval
493,Blaine
494,Emilio
495,Lyman
496,Houston
497,Vance
498,Everette
499,Alberto
500,Augustine
501,Fernando
502,Pasquale
503,Riley
504,Bernie
505,Dana
506,Talmadge
507,Tomas
508,Arlie
509,Wilton
510,Vaughn
511,Ken
512,Olen
513,Ernesto
514,Raymon
515,Angel
516,Bryan
517,Freddy
518,Hobert
519,Julio
520,Major
521,Bertram
522,Kay
523,Warner
524,Clay
525,Doris
526,Elroy
527,Milo
528,Galen
529,Omer
530,Saul
531,Ernie
532,Jeremiah
533,Jules
534,Kevin
535,Thaddeus
536,Dewitt
537,Lupe
538,Brian
539,Jefferson
540,Jonathan
541,Micheal
542,Arther
543,Beverly
544,Verne
545,Evan
546,Harmon
547,Newton
548,Rosevelt
549,Fletcher
550,Arden
551,Dewayne
552,Ellsworth
553,Gayle
554,Marcel
555,Olin
556,Davis
557,Graham
558,Carson
559,Dorothy
560,Emile
561,Frances
562,Joshua
563,Mose
564,Wilber
565,Boyce
566,Ferdinand
567,Ignacio
568,Isaiah
569,Merlyn
570,Domingo
571,Harland
572,Isiah
573,Kennith
574,Columbus
575,Donovan
576,Craig
577,Shelby
578,Theron
579,Kelly
580,Lucius
581,Ambrose
582,Lacy
583,Barbara
584,Elwin
585,Mckinley
586,Otha
587,Denis
588,Fredric
589,Mathew
590,Connie
591,Dee
592,Darold
593,Foster
594,Napoleon
595,Santos
596,Bruno
597,Felipe
598,Hugo
599,Maxie
600,Elden
601,Jewel
602,Joesph
603,Lincoln
604,Rayford
605,Waldo
606,Winford
607,Abel
608,Bennett
609,Garry
610,Jason
611,Ramiro
612,Rogers
613,Sydney
614,Terrence
615,Jerrold
616,Verlin
617,Bryce
618,Judson
619,Melvyn
620,Coleman
621,Donn
622,Anderson
623,Dorsey
624,Felton
625,Joyce
626,Alvis
627,Dexter
628,Lemuel
629,Merton
630,Noble
631,Santiago
632,Avery
633,Bonnie
634,Bryant
635,Dwain
636,Farrell
637,Granville
638,Haywood
639,Helen
640,Maxwell
641,Palmer
642,Reed
643,Valentine
644,Donal
645,Joan
646,Lois
647,Margaret
648,Orlando
649,Reynaldo
650,Sherwood
651,Bernice
652,Hermon
653,Jerold
654,Sebastian
655,Tim
656,Andres
657,Bradford
658,Christian
659,Denny
660,Jere
661,Mason
662,Santo
663,Stanford
664,Dino
665,Rollin
666,Carlo
667,Sonny
668,Abe
669,Alejandro
670,Gregorio
671,Hans
672,Justin
673,Loy
674,Ezra
675,Garner
676,Rupert
677,Benito
678,Delano
679,Eduardo
680,Elliot
681,Gearld
682,Murphy
683,Rubin
684,Sandy
685,Zane
686,Aldo
687,Ottis
688,Raleigh
689,Tracy
690,Walton
691,Alvie
692,Domenic
693,Glendon
694,Hilton
695,Leeroy
696,Taylor
697,Franklyn
698,Ivory
699,Kyle
700,Marlyn
701,Melton
702,Waymon
703,Arlo
704,Burt
705,Giles
706,Loyal
707,Vicente
708,Alford
709,Carey
710,Cyrus
711,Edd
712,Emmitt
713,Jewell
714,Jordan
715,Nickolas
716,Quentin
717,Ruth
718,Stanton
719,Theo
720,Winfield
721,Aloysius
722,Dwaine
723,Eldridge
724,Gerry
725,Porter
726,Shelton
727,Terence
728,Werner
729,Benedict
730,Buck
731,Garrett
732,Haskell
733,Lindsey
734,Lucien
735,Clarance
736,Dayton
737,Hayward
738,Raphael
739,Denzil
740,Elwyn
741,Fay
742,Guillermo
743,Junius
744,Ora
745,Regis
746,Arlin
747,Dickie
748,Dillard
749,Edsel
750,Eldred
751,Enoch
752,Leander
753,Mac
754,Mahlon
755,Theadore
756,Andre
757,Carleton
758,Garfield
759,Garth
760,Nicolas
761,Val
762,Walker
763,Adolfo
764,Agustin
765,Barton
766,Carter
767,Clare
768,Robin
769,Adolphus
770,Albin
771,Bertrand
772,Cruz
773,Hardy
774,Kendall
775,King
776,Lon
777,Omar
778,Oren
779,Parker
780,Aron
781,Duncan
782,Hobart
783,Israel
784,Rosario
785,Seth
786,Chauncey
787,Damon
788,Garnett
789,June
790,Logan
791,Orin
792,Sol
793,Alois
794,Hoover
795,Issac
796,Jonas
797,Kenny
798,Kirby
799,Kurt
800,Loran
801,Obie
802,Virgle
803,Wardell
804,Beryl
805,Curtiss
806,Eddy
807,Kaye
808,Lawerence
809,Milan
810,Oneal
811,Prince
812,Elisha
813,Lucious
814,Romeo
815,Rowland
816,Durwood
817,Florian
818,Glynn
819,Gustave
820,Howell
821,Alfonzo
822,Claudie
823,Clem
824,Dannie
825,Elmore
826,Gerold
827,Harlen
828,Pierre
829,Art
830,Brady
831,Hosea
832,Jennings
833,Myles
834,Willam
835,Wylie
836,Auther
837,Carlyle
838,Fritz
839,Matt
840,Merritt
841,Arvid
842,Arvil
843,Benton
844,Blair
845,Edison
846,Ismael
847,Lucian
848,Margarito
849,Oran
850,Terrance
851,Williams
852,Artis
853,Bart
854,Berry
855,Casimir
856,Elvis
857,Lauren
858,Meredith
859,Murry
860,Norton
861,Reid
862,Derald
863,Duwayne
864,Hillard
865,Lane
866,Vernie
867,Vivian
868,Elizabeth
869,Farris
870,Johnson
871,Mariano
872,Norval
873,Reynold
874,Aurelio
875,Cleve
876,Constantine
877,Deane
878,Dolores
879,Domenick
880,Hazel
881,Henery
882,Lavon
883,Oswald
884,Otho
885,Ruby
886,Sherrill
887,Webster
888,Annie
889,Armond
890,Asa
891,Casper
892,Cleon
893,Cloyd
894,Douglass
895,Early
896,Elzie
897,Garold
898,Hunter
899,Lorenza
900,Louise
901,Virginia
902,Arvin
903,Cornell
904,Ezell
905,Humberto
906,Lawson
907,Leopoldo
908,Refugio
909,Rollie
910,Ronny
911,Smith
912,Verl
913,Verle
914,Adelbert
915,Alice
916,Estel
917,Evert
918,Furman
919,General
920,Henderson
921,Porfirio
922,Sylvan
923,Vester
924,Abner
925,Burnell
926,Delton
927,Dock
928,Durward
929,Eloy
930,Genaro
931,Ivy
932,Joaquin
933,Laurel
934,Lynwood
935,Newell
936,Norwood
937,Abram
938,Arland
939,Brooks
940,Chuck
941,Crawford
942,Fidel
943,Finis
944,Glenwood
945,Jan
946,Merl
947,Orlin
948,Quinton
949,Rosendo
950,Terrell
951,Willian
952,Allie
953,Emmit
954,Evans
955,Harvie
956,Lafayette
957,Lorin
958,Orrin
959,Trinidad
960,Wayman
961,Wyatt
962,Wyman
963,Alonza
964,Ardell
965,Arley
966,Burdette
967,Clearence
968,Cliff
969,Dorman
970,Federico
971,Fernand
972,Gloria
973,Harrell
974,Johny
975,Monty
976,Robbie
977,Rudolf
978,Thornton
979,Verlyn
980,Adan
981,Arvel
982,Conley
983,Darryl
984,Davie
985,Ike
986,Judge
987,Lou
988,Marc
989,Patricia
990,Pearl
991,Von
992,Amado
993,Benjiman
994,Carmelo
995,Colin
996,Eliseo
997,Emmet
998,Isadore
999,Nancy
1000,Norma
